# rage navmesh export
v -481.00024 -1117.9995 25.783888
v -478.99976 -1117.0039 25.983524
v -480 -1116.5004 25.858547
v -481.00024 -1115.999 25.731949
v -482.00046 -1115.5024 25.563152
v -483.49966 -1115.5024 25.305899
v -483.99863 -1115.999 25.220688
v -483.99863 -1117.0039 25.307522
v -590.7576 -1060.8354 32.3751
v -594.1497 -1057.0267 32.3751
v -594.24585 -1057.972 32.3751
v -594.3191 -1059.1989 32.3751
v -592.00275 -1061.9982 32.3751
v -590.8629 -1061.8998 32.3751
v -578.2719 -1097.1183 21.252327
v -577.84845 -1095.8732 21.186594
v -582.0005 -1093.9987 21.177668
v -579.0021 -1099.0593 21.186594
v -575.00116 -1114.9989 21.177668
v -575.00116 -1111.0002 21.177668
v -576.5667 -1109.9565 21.283978
v -576.7956 -1113.946 21.363506
v -576.8254 -1114.9897 21.36026
v -554.0009 -1106.9993 21.022667
v -553.90247 -1107.9424 21.016174
v -548.99976 -1108.0018 21.107065
v -553.0007 -1104.9989 21.10463
v -465.99908 -1092.0005 26.409573
v -467.99954 -1090.499 26.336536
v -468.99976 -1090.0023 26.217243
v -470 -1090.0023 26.100384
v -470 -1091.0026 25.975407
v -466.99933 -1093.9987 26.425804
v -600 -1056.9993 32.3751
v -598.00183 -1059.3683 32.3751
v -597.43646 -1056.0173 32.3751
v -600 -1053.9987 32.3751
v -458.22385 -1087.2145 27.18945
v -453.99863 -1086.9993 26.364128
v -453.99863 -1086.0037 25.459278
v -456.99933 -1084.9989 25.260452
v -594.0009 -1160 29.259653
v -592.00275 -1160 29.259653
v -592.00275 -1157.0016 29.259653
v -595.40857 -1157.7523 29.259653
v -595.14307 -1159.0157 29.259653
v -537.9995 -1199.0021 17.034828
v -542.0005 -1197.0039 17.03564
v -542.0005 -1200 16.968283
v -541.00024 -1200 16.983702
v -537.9995 -1200 17.004803
v -553.0007 -1068.9998 21.483612
v -550 -1073.0029 21.421125
v -548.00183 -1073.9987 21.375679
v -550 -1071.0002 21.433298
v -553.0007 -1066.9993 21.486048
v -450 -1115.999 28.305298
v -453.99863 -1120 28.1576
v -450 -1120 28.177889
v -566.00134 -1187.0062 17.559885
v -565.0034 -1186.0013 17.590723
v -565.0034 -1185.0011 17.616692
v -567.0016 -1184.0032 17.632923
v -571.00024 -1182.0005 17.646719
v -565.0034 -1060.9979 21.329422
v -563.0007 -1055.0034 21.258009
v -565.0034 -1052.9984 21.329422
v -555.00116 -1150 18.691963
v -558.99976 -1148.9998 18.73822
v -560 -1150 18.660315
v -556.00366 -1152.0027 18.590523
v -555.00116 -1151.0002 18.639214
v -542.0005 -1190 17.239332
v -550 -1194.001 17.277475
v -544.0009 -1193.0007 17.123285
v -530.0023 -1160 18.623796
v -534.0032 -1164.001 18.31217
v -534.0032 -1167.9995 18.319473
v -563.0007 -1055.0034 21.258009
v -563.0007 -1050.0046 21.191463
v -564.0009 -1050.0046 21.329422
v -565.0034 -1050.0046 21.329422
v -565.0034 -1052.9984 21.329422
v -542.0005 -1186.0013 17.57368
v -546.00134 -1183.0029 17.568
v -542.0005 -1190 17.239332
v -496.99933 -1110 23.804577
v -497.99954 -1110 23.691774
v -500 -1111.0002 23.497818
v -494.99884 -1113.0007 24.166515
v -494.99884 -1111.0002 24.02937
v -454.99884 -1091.0026 27.75833
v -450 -1092.9984 28.080505
v -450.27695 -1091.371 28.10891
v -455.99908 -1089.1234 27.658512
v -548.00183 -1071.0002 21.404083
v -546.9993 -1073.0029 21.240154
v -546.9993 -1064.001 21.355392
v -548.00183 -1064.001 21.47712
v -465.20483 -1069.707 22.55077
v -464.27557 -1068.7251 22.55077
v -465.99908 -1065.999 22.55077
v -468.99976 -1066.9993 22.55077
v -555.26434 -1078.9174 21.375679
v -556.125 -1080.1259 21.332668
v -556.00366 -1081.0048 21.31157
v -553.0007 -1081.0048 21.443848
v -553.0007 -1080 21.442225
v -553.0007 -1077.0016 21.44547
v -461.1925 -1052.8245 22.55077
v -457.99954 -1052.9984 22.55077
v -456.99933 -1050.0046 22.55077
v -457.99954 -1050 22.549147
v -458.99976 -1050.0046 22.55077
v -460 -1051.0002 22.55077
v -460.4967 -1051.5496 22.55077
v -474.99884 -1052.9984 39.813545
v -473.25018 -1051.0186 39.81517
v -472.9984 -1050.0046 39.813545
v -477.99954 -1050.0046 39.81517
v -591.3092 -1161.0895 21.329422
v -592.00275 -1162.7512 21.329422
v -591.751 -1163.502 21.329422
v -591.50146 -1163.7515 21.329422
v -586.00134 -1164.001 21.177668
v -476.99933 -1184.0032 19.61467
v -475.99908 -1185.0011 19.67878
v -475.08813 -1185.056 19.81755
v -476.99933 -1176.0013 20.273628
v -596.00366 -1145.0011 30.166126
v -597.0016 -1145.0011 30.166126
v -598.00183 -1145.0011 30.166126
v -598.00183 -1146.0013 30.9809
v -592.0531 -1145.9534 30.93789
v -591.00024 -1145.0011 30.166126
v -595.00116 -1145.0011 21.329422
v -593.0396 -1146.3584 21.329422
v -591.7418 -1146.3584 21.329422
v -589.0021 -1143.0052 21.177668
v -548.99976 -1061.9982 21.499844
v -548.00183 -1064.001 21.47712
v -548.00183 -1062.9984 21.280731
v -548.00183 -1055.0034 21.388664
v -548.99976 -1055.0034 21.542854
v -548.99976 -1059.0021 21.521755
v -455.99908 -1050.0046 22.55077
v -451.9707 -1053.0259 22.55077
v -451.5015 -1052.4491 22.55077
v -451.1444 -1051.854 22.55077
v -450.99792 -1050.0046 22.55077
v -451.99817 -1050 22.549147
v -454.99884 -1050 22.549147
v -450 -1136.9993 25.619148
v -451.99817 -1137.9995 25.92915
v -450.99792 -1143.0052 24.919613
v -450 -1142.0005 24.857124
v -450 -1137.9995 25.453598
v -473.99863 -1062.9984 28.131632
v -475.98306 -1058.8143 28.143805
v -476.9261 -1060.0641 28.121082
v -477.28543 -1060.808 28.12027
v -474.05356 -1065.0675 28.139748
v -579.0021 -1110 21.177668
v -577.8759 -1108.6427 21.358639
v -578.00415 -1104.0032 21.378115
v -579.0021 -1099.0593 21.186594
v -475.99908 -1080.9498 25.309145
v -469.21948 -1083.4402 26.006247
v -472.7306 -1081.0048 25.414642
v -477.99954 -1078.9998 24.952885
v -478.27878 -1079.8718 25.01862
v -551.50146 -1135.5001 19.444248
v -551.00024 -1140.0023 19.103407
v -548.99976 -1142.0005 19.127754
v -550 -1135.999 19.31765
v -460.99792 -1066.9993 28.131632
v -461.44885 -1068.9838 28.115402
v -459.99084 -1070.3319 28.10891
v -456.99933 -1066.9993 27.977444
v -558.99976 -1061.9982 21.209316
v -557.9034 -1060.7714 21.203636
v -557.7798 -1060.0481 21.203636
v -563.0007 -1055.0034 21.258009
v -567.0016 -1173.0007 17.820385
v -567.9995 -1173.0007 17.858526
v -567.9995 -1174.0055 17.830935
v -567.9995 -1177.0016 17.766825
v -565.0034 -1178.0042 17.764389
v -534.0032 -1157.0016 18.648142
v -534.0032 -1156.006 18.78529
v -535.00116 -1155.0011 18.786913
v -535.9991 -1155.0011 18.717934
v -534.0032 -1164.001 18.31217
v -545.00116 -1196.0037 17.004803
v -544.0009 -1193.0007 17.123285
v -550 -1194.001 17.277475
v -587.0039 -1152.0027 21.177668
v -588.00183 -1157.0016 21.332668
v -586.00134 -1164.001 21.177668
v -466.99933 -1074.9989 36.03995
v -464.99884 -1075.999 34.88434
v -466.99933 -1071.9982 37.022705
v -467.6402 -1070.7782 37.690594
v -468.99976 -1073.0029 37.546143
v -498.99976 -1104.0032 23.457243
v -500 -1109.0021 23.432898
v -497.99954 -1110 23.691774
v -496.99933 -1110 23.804577
v -508.99976 -1101.0002 22.467993
v -506.99933 -1101.0002 22.62624
v -506.99933 -1097.9995 22.591345
v -511.00024 -1099.0044 22.188017
v -510 -1100.499 22.39171
v -474.1886 -1078.4161 23.151299
v -473.9849 -1078.6267 23.335514
v -471.2085 -1079.9542 24.151098
v -468.99976 -1081.0048 24.749191
v -465.99908 -1082.0005 24.92854
v -466.6514 -1081.2681 24.335314
v -473.99863 -1078.0018 22.55077
v -472.9984 -1113.0007 26.437166
v -473.99863 -1113.0007 26.34871
v -475.99908 -1114.001 26.202635
v -474.99884 -1114.9989 26.409573
v -471.00024 -1114.9989 26.834002
v -468.99976 -1114.9989 27.027958
v -452.9984 -1131.0002 26.677378
v -457.99954 -1135.0034 26.553215
v -450 -1132.0005 26.233473
v -454.01007 -1054.2001 22.55077
v -455.99908 -1050.0046 22.55077
v -456.99933 -1050.0046 22.55077
v -457.99954 -1052.9984 22.55077
v -500.80566 -1062.639 22.54103
v -502.00046 -1061.9982 22.527235
v -503.00067 -1062.9984 22.484224
v -501.00024 -1064.8799 22.530481
v -500.2655 -1065.3422 22.537785
v -496.99933 -1065.0743 22.55077
v -499.95193 -1068.7915 22.452574
v -497.99954 -1069.881 22.536161
v -496.99933 -1068.2124 22.601894
v -502.29114 -1064.8363 22.478544
v -472.9984 -1068.9998 40.001007
v -472.64136 -1065.6421 40.03509
v -472.9984 -1065.0011 40.06106
v -473.99863 -1065.0011 40.06106
v -475.99908 -1068.9998 40.06106
v -539.0021 -1189.0021 17.523367
v -541.50146 -1189.5033 17.362684
v -541.00024 -1192.005 17.290459
v -537.9995 -1193.0007 17.314804
v -554.0009 -1162.0005 18.156357
v -557.0016 -1158.9998 18.298374
v -557.50055 -1159.5033 18.267536
v -557.0016 -1164.001 17.978632
v -452.16296 -1059.9038 51.475983
v -452.04852 -1059.0021 51.475983
v -452.27283 -1057.988 51.475983
v -452.75348 -1056.8917 51.475983
v -454.99884 -1056.9993 51.475983
v -454.3923 -1059.9382 51.475983
v -453.94827 -1060.9979 51.475983
v -452.9984 -1060.808 51.475983
v -556.00366 -1121.0026 20.326378
v -556.00366 -1120 20.383184
v -556.00366 -1118.9998 20.442425
v -560 -1118.9998 21.177668
v -556.7361 -1123.0007 20.28012
v -455.88007 -1066.8436 22.55077
v -457.99954 -1070 22.55077
v -455.99908 -1070 22.55077
v -453.1563 -1069.842 22.55077
v -453.21124 -1068.9998 22.55077
v -453.99863 -1068.2124 22.55077
v -553.0007 -1082.0005 21.44547
v -553.0007 -1081.0048 21.443848
v -556.00366 -1082.0005 21.537174
v -555.00116 -1084.9989 21.546911
v -553.0007 -1084.9989 21.437355
v -560 -1165.0034 18.048424
v -563.0007 -1162.0005 18.144184
v -563.50195 -1162.4994 18.124708
v -564.0009 -1163.0007 18.10523
v -564.0009 -1165.0034 18.036251
v -564.0009 -1166.0037 18.004602
v -563.0007 -1161.0048 18.180702
v -563.0007 -1162.0005 18.144184
v -560 -1165.0034 18.048424
v -558.99976 -1164.001 18.088188
v -558.99976 -1162.0005 18.159603
v -532.0005 -1128.9998 20.21114
v -530.0023 -1127.9995 20.25821
v -527.9995 -1126.0013 20.33855
v -527.9995 -1122.0027 20.5885
v -535.9991 -1196.0037 17.194698
v -535.9991 -1195.0011 17.25394
v -537.9995 -1193.0007 17.314804
v -541.00024 -1192.005 17.290459
v -536.9993 -1197.0039 17.129776
v -517.9995 -1171.0026 18.385208
v -515.9991 -1180 18.937857
v -514.0009 -1180 18.806389
v -465.99908 -1065.999 22.55077
v -464.27557 -1068.7251 22.55077
v -463.6942 -1068.2056 22.55077
v -462.92743 -1067.045 22.55077
v -466.99933 -1061.9982 22.55077
v -495.99908 -1104.9989 23.800518
v -494.99884 -1109.0021 23.987982
v -492.9984 -1109.0021 24.201412
v -492.9984 -1105.999 24.137302
v -494.99884 -1104.9989 23.904394
v -491.00024 -1071.9982 22.986557
v -484.99884 -1073.0029 22.55077
v -491.00024 -1068.9998 22.568623
v -590.9247 -1065.0011 32.3751
v -594.2138 -1062.5017 32.3751
v -594.1474 -1065.1293 32.3751
v -590.8812 -1068.0499 32.3751
v -454.99884 -1060.9979 28.131632
v -452.12634 -1057.8416 28.211973
v -452.74432 -1056.8551 28.133255
v -454.99884 -1055.0034 28.131632
v -453.4905 -1063.0602 28.583652
v -450.99792 -1059.0021 28.51386
v -452.12634 -1057.8416 28.211973
v -454.99884 -1060.9979 28.131632
v -510 -1186.0013 18.999533
v -512.00275 -1186.0013 19.066889
v -512.49945 -1186.5004 19.060396
v -513.0007 -1188.0018 19.049847
v -505.99908 -1188.0018 18.925684
v -481.00024 -1055.999 22.55077
v -479.71848 -1057.457 22.55077
v -479.03183 -1056.878 22.55077
v -478.2513 -1055.8159 22.55077
v -477.48914 -1054.4656 22.55077
v -481.00024 -1052.9984 22.55077
v -518.26733 -1055.0515 21.763588
v -518.07275 -1056.0105 21.761967
v -514.99884 -1057.9995 22.07846
v -514.0009 -1053.9987 22.076027
v -562.15155 -1143.8499 21.378115
v -562.0119 -1142.9595 21.378115
v -566.00134 -1144.001 21.378115
v -563.1495 -1147.8507 21.378115
v -576.39734 -1135.024 21.367565
v -574.00323 -1137.9995 21.177668
v -575.00116 -1128.9998 21.177668
v -460.99792 -1055.999 22.55077
v -457.8233 -1060.2517 22.55077
v -455.57565 -1057.3838 22.55077
v -456.99933 -1056.9993 22.55077
v -600 -1187.0062 15.639004
v -600 -1191.0002 15.548113
v -595.31244 -1190.4738 15.992018
v -474.1909 -1185.2758 19.94009
v -473.9414 -1186.0724 19.943336
v -471.00024 -1186.0013 20.343418
v -474.99884 -1180 20.240355
v -475.86404 -1061.9799 22.55077
v -472.9984 -1064.001 22.55077
v -472.9984 -1062.9984 22.55077
v -474.99884 -1060.0023 22.55077
v -478.00183 -1058.629 22.55077
v -477.69742 -1060.0023 22.55077
v -476.99933 -1060.9979 22.55077
v -459.74823 -1079.7483 22.549957
v -456.99933 -1075.999 22.55077
v -457.99954 -1073.9987 22.55077
v -460 -1074.9989 22.55077
v -535.5001 -1194.5022 17.286402
v -535.00116 -1194.001 17.319674
v -535.00116 -1193.0007 17.377293
v -539.0021 -1189.0021 17.523367
v -537.9995 -1193.0007 17.314804
v -535.9991 -1195.0011 17.25394
v -535.00116 -1151.0002 18.988983
v -535.9991 -1150 19.011705
v -535.9991 -1153.0029 18.856705
v -535.00116 -1155.0011 18.786913
v -534.0032 -1156.006 18.78529
v -533.0007 -1157.0016 18.806389
v -532.5017 -1156.5004 18.816938
v -528.99976 -1184.0032 18.330023
v -532.0005 -1180 18.272406
v -533.0007 -1180 18.21722
v -534.0032 -1181.0002 18.127953
v -533.0007 -1183.0029 18.114157
v -598.00183 -1100 21.378115
v -593.0007 -1097.9995 21.177668
v -600 -1096.9993 21.177668
v -517.9995 -1065.999 21.40733
v -515.9991 -1066.9993 21.541231
v -517.0016 -1062.9984 21.501467
v -521.0025 -1062.9984 21.404083
v -591.7922 -1155.0011 24.85875
v -591.41907 -1156.7109 24.85875
v -590 -1158.0018 24.85875
v -590 -1153.0029 24.85875
v -591.4351 -1150.6958 24.85875
v -591.71436 -1151.0735 24.85875
v -591.7922 -1152.0027 24.85875
v -555.00116 -1057.9995 21.331045
v -554.0009 -1060.9979 21.51364
v -554.0009 -1056.9993 21.539608
v -554.0009 -1053.9987 21.56233
v -554.0009 -1052.0005 21.580996
v -554.0009 -1050.0046 21.59885
v -555.00116 -1050.0046 21.405706
v -483.99863 -1056.9993 22.55077
v -486.16617 -1054.1978 22.55077
v -486.7979 -1054.5823 22.55077
v -483.99863 -1062.9984 22.55077
v -589.0021 -1177.0016 16.53006
v -590 -1176.0013 16.681814
v -599.0021 -1176.0013 16.005003
v -599.0021 -1177.0016 15.815105
v -566.00134 -1144.001 21.378115
v -567.79126 -1147.29 21.20039
v -566.95355 -1148.0865 21.261253
v -563.1495 -1147.8507 21.378115
v -468.38177 -1066.0906 28.131632
v -467.99954 -1068.0042 27.977444
v -463.18835 -1070.174 28.095114
v -462.18585 -1068.9631 28.113777
v -463.99863 -1068.0042 28.131632
v -458.99976 -1052.9984 39.813545
v -458.11398 -1050.8538 39.813545
v -458.99976 -1050.0046 39.813545
v -460.99792 -1050.0046 39.813545
v -461.99817 -1053.9987 39.813545
v -453.99863 -1146.9993 24.904194
v -450.99792 -1143.0052 24.919613
v -451.99817 -1137.9995 25.92915
v -461.60907 -1074.2664 34.34224
v -462.9984 -1074.9989 34.362526
v -462.9984 -1078.9998 34.295982
v -460 -1078.9998 34.295982
v -468.99976 -1090.0023 26.217243
v -467.99954 -1090.499 26.336536
v -466.99933 -1091.0026 26.458265
v -466.99933 -1088.9998 26.4185
v -472.00275 -1083.5706 25.744123
v -555.00116 -1150 18.691963
v -555.00116 -1148.0042 18.78529
v -558.99976 -1146.0013 18.863195
v -558.99976 -1148.9998 18.73822
v -572.0005 -1193.0007 17.345642
v -574.00323 -1189.0021 17.41868
v -574.4999 -1189.5033 17.399204
v -575.00116 -1190 17.378916
v -575.00116 -1192.005 17.342396
v -574.00323 -1195.0011 17.275852
v -576.00134 -1066.9993 15.278687
v -572.0005 -1060.0023 15.278687
v -580 -1068.9998 15.278687
v -546.9993 -1115.999 20.454597
v -548.00183 -1123.0007 20.022055
v -546.00134 -1128.9998 19.866241
v -496.99933 -1110 23.804577
v -494.99884 -1111.0002 24.02937
v -493.99863 -1111.0002 24.134056
v -494.99884 -1109.0021 23.987982
v -498.99976 -1104.0032 23.457243
v -548.00183 -1110 20.941513
v -548.99976 -1108.0018 21.107065
v -548.99976 -1114.001 20.762165
v -548.99976 -1117.9995 20.452974
v -548.5008 -1119.501 20.27525
v -548.00183 -1118.9998 20.25253
v -548.00183 -1118.9998 20.25253
v -548.00183 -1123.0007 20.022055
v -546.9993 -1115.999 20.454597
v -546.9993 -1109.0021 20.8912
v -548.00183 -1110 20.941513
v -555.94415 -1060.0573 21.518509
v -555.88007 -1061.1078 21.501467
v -555.00116 -1057.9995 21.331045
v -555.00116 -1050.0046 21.405706
v -556.00366 -1050.0046 21.419502
v -556.00366 -1051.0002 21.61021
v -456.99933 -1117.9995 27.742912
v -453.99863 -1120 28.1576
v -450 -1115.999 28.305298
v -557.9263 -1064.001 21.18984
v -557.8622 -1061.9089 21.198767
v -557.9034 -1060.7714 21.203636
v -558.99976 -1061.9982 21.209316
v -564.0009 -1068.0042 21.329422
v -580 -1191.0002 17.150877
v -584.0009 -1199.0021 16.715899
v -582.0005 -1200 17.025902
v -503.99863 -1090.0023 22.596214
v -500 -1090.0023 23.062841
v -507.99954 -1087.9995 22.475298
v -512.00275 -1088.9998 22.08901
v -460.99792 -1150 24.094292
v -464.99884 -1144.001 24.586075
v -464.99884 -1146.0013 24.638824
v -458.99976 -1155.0011 23.881672
v -466.99933 -1071.9982 37.022705
v -464.99884 -1075.999 34.88434
v -463.99863 -1075.999 34.461533
v -462.9984 -1074.9989 34.362526
v -462.9984 -1073.9987 34.685516
v -463.99863 -1073.0029 35.431305
v -465.99908 -1071.9982 36.599903
v -527.50287 -1135.5001 19.845953
v -526.9993 -1134.0032 19.974987
v -530.0023 -1131.0002 20.218445
v -531.00024 -1131.0002 20.21682
v -531.4992 -1131.4991 20.171375
v -530.0023 -1134.0032 19.96606
v -527.9995 -1135.999 19.794016
v -489.76425 -1131.1765 23.690964
v -481.00024 -1126.0013 25.456842
v -490 -1128.9998 24.030182
v -600 -1065.0011 32.3751
v -600 -1068.0042 32.3751
v -599.0021 -1068.9288 32.3751
v -596.00366 -1068.9288 32.3751
v -597.2328 -1066.2097 32.3751
v -492.9984 -1109.0021 24.201412
v -490.49896 -1112.4994 24.552803
v -489.75052 -1112.7489 24.61448
v -490 -1111.0002 24.596626
v -492.00046 -1105.999 24.246859
v -492.9984 -1105.999 24.137302
v -496.99933 -1128.9998 22.25943
v -498.99976 -1127.0016 21.890186
v -500 -1135.999 20.596615
v -577.0016 -1196.0037 17.184149
v -577.50055 -1196.5004 17.154123
v -578.00415 -1197.0039 17.123285
v -578.00415 -1198.0018 17.079462
v -577.0016 -1200 16.986948
v -573.0007 -1198.0018 17.171976
v -573.0007 -1073.9987 21.558273
v -576.00134 -1074.9989 21.558273
v -576.00134 -1075.999 21.65809
v -567.0016 -1075.999 21.66864
v -487.99954 -1086.9993 23.883295
v -500 -1090.0023 23.062841
v -496.99933 -1091.0026 23.224335
v -600 -1180 15.735576
v -600 -1186.0013 15.6414385
v -600 -1187.0062 15.639004
v -597.0016 -1188.0018 15.869477
v -480.93842 -1059.1348 22.55077
v -480.64087 -1058.4481 22.55077
v -483.99863 -1056.9993 22.55077
v -483.99863 -1062.9984 22.55077
v -525.5001 -1131.4991 20.021244
v -524.99884 -1131.0002 20.002579
v -524.4999 -1130.499 20.058573
v -524.0009 -1130.0046 20.112133
v -524.99884 -1127.9995 20.228994
v -527.50287 -1126.5004 20.457844
v -528.5008 -1127.5028 20.405907
v -456.57816 -1059.4552 51.475983
v -455.9373 -1058.9403 51.475983
v -460 -1055.999 51.475983
v -459.5102 -1061.5496 51.467056
v -574.00323 -1177.0016 17.62075
v -573.0007 -1176.0013 17.697033
v -574.00323 -1176.0013 17.622374
v -575.00116 -1176.0013 17.729494
v -584.0009 -1176.0013 17.015352
v -584.0009 -1177.0016 16.879827
v -455.24835 -1061.7487 51.475983
v -455.24835 -1060.1488 51.475983
v -455.84802 -1060.1488 51.475983
v -457.81186 -1061.1857 51.475983
v -458.99976 -1061.9982 51.475983
v -460.0641 -1062.9205 51.475983
v -459.9611 -1065.056 51.475983
v -481.00024 -1055.0034 28.131632
v -484.76996 -1053.2731 28.129196
v -484.79742 -1053.8201 28.129196
v -483.99863 -1055.0034 28.131632
v -478.91736 -1058.9288 28.135689
v -478.1689 -1058.4207 28.138124
v -491.00024 -1052.0005 28.14137
v -487.99954 -1053.9987 28.139748
v -487.3312 -1054.2961 28.138124
v -486.86884 -1053.0076 28.133255
v -487.99954 -1050.0046 28.131632
v -488.9998 -1050 28.130821
v -490 -1050.0046 28.131632
v -458.22385 -1087.2145 27.18945
v -456.99933 -1084.9989 25.260452
v -459.92447 -1083.8613 24.891209
v -462.9984 -1083.0007 25.025112
v -481.00024 -1052.9984 22.55077
v -482.9984 -1050.0046 22.55077
v -484.49988 -1051.4993 22.55077
v -484.96222 -1052.0371 22.55077
v -481.00024 -1055.999 22.55077
v -525.9877 -1185.2369 18.442825
v -525.0126 -1185.1659 18.50856
v -526.9993 -1180 18.576727
v -527.9995 -1179.0044 18.536963
v -528.99976 -1179.0044 18.463114
v -530.0023 -1179.0044 18.392511
v -560 -1150 18.660315
v -561.0025 -1151.0002 18.606754
v -561.0025 -1152.0027 18.560497
v -558.99976 -1153.0029 18.52479
v -556.00366 -1154.001 18.498821
v -556.00366 -1152.0027 18.590523
v -539.0021 -1176.0013 17.800909
v -535.9991 -1180 17.990807
v -534.0032 -1179.0044 18.107666
v -536.9993 -1175.0011 17.898293
v -520 -1104.9989 21.55665
v -523.0007 -1102.0005 21.41301
v -524.0009 -1103.0029 21.33916
v -524.0009 -1104.0032 21.318872
v -524.0009 -1104.9989 21.378925
v -522.0005 -1106.9993 21.40733
v -555.00116 -1128.9998 19.83865
v -555.5001 -1129.501 19.814304
v -556.00366 -1130.0046 19.788336
v -554.0009 -1132.0005 19.664984
v -551.00024 -1135.0034 19.465347
v -551.00024 -1132.0005 19.649565
v -591.00024 -1145.0011 30.166126
v -589.0021 -1144.001 30.007069
v -589.0021 -1143.0052 29.616724
v -591.00024 -1143.0052 29.616724
v -596.00366 -1144.001 29.776596
v -596.00366 -1145.0011 30.166126
v -551.00024 -1126.0013 19.992027
v -551.00024 -1124.9989 20.06182
v -556.00366 -1120 20.383184
v -556.00366 -1121.0026 20.326378
v -556.00366 -1123.0007 20.212763
v -555.00116 -1124.001 20.130798
v -515.9991 -1073.9987 21.643482
v -504.99884 -1073.9987 21.92346
v -510 -1071.9982 21.65241
v -577.0909 -1108.8922 21.3278
v -576.5667 -1109.9565 21.283978
v -575.00116 -1111.0002 21.177668
v -575.00116 -1101.0002 21.177668
v -454.99884 -1196.0037 21.10463
v -452.9984 -1200 21.433298
v -450 -1200 21.65809
v -450 -1198.0018 21.664583
v -460.13962 -1060.9178 39.841137
v -462.02335 -1059.7551 39.77784
v -467.99954 -1060.0023 39.813545
v -458.34058 -1062.9984 39.813545
v -485.99908 -1104.0032 24.866053
v -493.99863 -1104.9989 23.857327
v -491.00024 -1105.999 24.211964
v -487.99954 -1106.9993 24.590944
v -486.99933 -1050.0046 39.813545
v -488.9998 -1050 39.814354
v -490 -1050.0046 39.813545
v -491.00024 -1050.0046 39.707237
v -492.00046 -1050.0046 39.813545
v -490 -1052.0005 39.813545
v -486.77502 -1053.0442 39.812733
v -486.0975 -1052.2843 39.81111
v -590 -1066.9993 32.37835
v -588.00183 -1066.9993 32.37835
v -588.00183 -1062.9984 32.377533
v -588.12085 -1061.3413 32.377533
v -590 -1061.3573 32.377533
v -530.49896 -1129.501 20.331245
v -530.0023 -1131.0002 20.218445
v -526.9993 -1134.0032 19.974987
v -526.50037 -1133.502 19.981478
v -526.00134 -1133.0007 19.990406
v -526.00134 -1132.0005 20.037474
v -529.50104 -1128.503 20.378315
v -568.99976 -1156.006 21.177668
v -567.70886 -1160.4005 21.378115
v -566.15015 -1159.8512 21.378115
v -565.1499 -1155.8503 21.378115
v -467.99954 -1055.999 28.131632
v -470 -1053.3555 28.07726
v -471.61365 -1053.4653 28.133255
v -472.1561 -1053.605 28.136501
v -472.3575 -1053.9712 28.143805
v -472.9984 -1056.9993 28.131632
v -450 -1065.0011 28.56174
v -450 -1062.9984 28.56174
v -450 -1060.9979 28.56174
v -450.99792 -1059.0021 28.51386
v -453.4905 -1063.0602 28.583652
v -472.9984 -1059.0021 22.55077
v -470.6798 -1063.2158 22.55077
v -470.09613 -1062.9022 22.55077
v -470.05035 -1061.9982 22.55077
v -470.09842 -1060.0023 22.55077
v -470.35248 -1059.0021 22.55077
v -471.00024 -1058.3542 22.55077
v -474.1291 -1055.9006 22.55077
v -518.99976 -1178.0042 18.691153
v -515.9991 -1180 18.937857
v -517.9995 -1171.0026 18.385208
v -535.9991 -1148.9998 19.117203
v -535.9991 -1150 19.011705
v -535.00116 -1151.0002 18.988983
v -533.0007 -1150 19.028748
v -534.0032 -1146.9993 19.173199
v -535.00116 -1145.0011 19.266525
v -535.9991 -1146.0013 19.238934
v -505.99908 -1117.0039 22.318672
v -504.99884 -1124.9989 21.658901
v -503.99863 -1110 22.968704
v -508.99976 -1063.9277 22.076838
v -506.99933 -1065.0011 22.185583
v -505.99908 -1064.001 22.365742
v -514.99884 -1057.9995 22.07846
v -510.09155 -1063.2548 22.017597
v -450 -1053.9987 28.132442
v -450 -1052.9984 28.133255
v -450 -1051.0002 28.138124
v -450.99792 -1050.0046 28.138935
v -452.9984 -1050.0046 28.135689
v -452.9984 -1052.9984 28.131632
v -451.28632 -1054.6921 28.08781
v -454.99884 -1055.0034 28.131632
v -452.74432 -1056.8551 28.133255
v -452.6848 -1056.3699 28.121082
v -452.9984 -1052.9984 28.131632
v -456.44083 -1050.737 28.131632
v -456.74982 -1051.2498 28.131632
v -456.74982 -1052.0005 28.131632
v -522.2202 -1185.5894 18.665184
v -520.856 -1186.0907 18.736597
v -522.0005 -1182.0005 18.719557
v -526.9993 -1180 18.576727
v -531.00024 -1115.999 20.96099
v -523.0007 -1114.9989 20.882273
v -522.49945 -1112.005 21.174421
v -600 -1144.001 21.329422
v -600 -1146.0013 21.329422
v -599.0021 -1146.7887 21.329422
v -595.00116 -1146.7887 21.329422
v -594.4198 -1146.6239 21.329422
v -594.14514 -1146.5027 21.329422
v -595.00116 -1145.0011 21.329422
v -594.8959 -1055.4086 32.3751
v -594.3786 -1055.8755 32.3751
v -593.0007 -1055.999 32.3751
v -591.00024 -1055.999 32.3751
v -593.0007 -1050.0046 32.3751
v -552.00275 -1101.0002 21.230415
v -551.00024 -1101.0002 21.227982
v -546.9993 -1101.0002 21.283978
v -548.99976 -1097.9995 21.256386
v -552.00275 -1097.9995 21.299397
v -553.0007 -1088.9998 21.41788
v -553.0007 -1090.0023 21.412197
v -552.00275 -1092.0005 21.370811
v -548.99976 -1092.0005 21.29615
v -550 -1090.0023 21.361883
v -553.0007 -1086.0037 21.433298
v -553.0007 -1087.9995 21.422749
v -557.9995 -1167.9995 17.8496
v -558.99976 -1171.0026 17.750593
v -557.0016 -1171.0026 17.855282
v -554.0009 -1162.0005 18.156357
v -568.99976 -1196.0037 17.272606
v -568.99976 -1195.0011 17.314804
v -568.99976 -1194.001 17.342396
v -572.0005 -1193.0007 17.345642
v -574.00323 -1195.0011 17.275852
v -570.0023 -1197.0039 17.251505
v -517.9995 -1111.0002 21.384605
v -522.49945 -1112.005 21.174421
v -522.0005 -1113.0007 21.148453
v -521.0025 -1114.001 21.125729
v -517.0016 -1114.001 21.244213
v -517.0016 -1113.0007 21.308323
v -533.0007 -1187.0062 17.952663
v -531.6411 -1187.5211 17.972952
v -530.7622 -1187.0795 18.050047
v -528.99976 -1184.0032 18.330023
v -533.0007 -1183.0029 18.114157
v -481.00024 -1117.9995 25.783888
v -483.99863 -1117.0039 25.307522
v -481.00024 -1126.0013 25.456842
v -569.6223 -1053.074 32.376724
v -569.5468 -1052.0554 32.376724
v -571.00024 -1050.0046 32.3751
v -573.0007 -1050.0046 32.3751
v -573.0007 -1053.9987 32.376724
v -569.7642 -1054.033 32.376724
v -600 -1068.0042 15.278687
v -599.0021 -1068.7251 15.278687
v -598.00183 -1068.9998 15.278687
v -587.0039 -1068.9998 15.278687
v -587.0039 -1068.0042 15.278687
v -515.9991 -1115.999 21.145206
v -516.50037 -1114.9989 21.193897
v -517.0016 -1114.001 21.244213
v -521.0025 -1114.001 21.125729
v -521.4992 -1115.999 20.981277
v -521.0025 -1117.0039 20.92934
v -451.99817 -1096.5027 27.828934
v -453.99863 -1096.0013 27.541653
v -454.99884 -1108.0018 27.821629
v -567.93317 -1164.0078 21.378115
v -567.85077 -1160.9705 21.378115
v -570.0023 -1161.0048 21.378115
v -572.0897 -1166.8093 21.264502
v -462.9984 -1066.9993 39.813545
v -468.31082 -1066.0518 39.813545
v -468.77777 -1066.9993 39.813545
v -463.2799 -1070.0756 39.786766
v -462.64136 -1069.176 39.801373
v -488.9998 -1078.0018 23.493763
v -488.95856 -1076.0792 23.484024
v -492.00046 -1074.358 23.1302
v -494.99884 -1077.0016 22.867264
v -558.99976 -1162.0005 18.159603
v -557.9995 -1160 18.234264
v -562.0005 -1158.0018 18.295128
v -562.49945 -1158.503 18.274029
v -563.0007 -1158.9998 18.251305
v -563.0007 -1161.0048 18.180702
v -539.0021 -1173.0007 18.053293
v -536.9993 -1174.0055 18.024078
v -535.9991 -1174.0055 18.02002
v -535.00116 -1173.0007 18.132011
v -535.00116 -1172.0005 18.202614
v -539.0021 -1168.9998 18.183949
v -599.0021 -1152.0027 29.259653
v -600 -1153.0029 29.259653
v -597.14124 -1155.3353 29.259653
v -595.87775 -1155.6603 29.259653
v -592.00275 -1155.0011 29.259653
v -573.0007 -1083.0007 21.329422
v -571.00024 -1077.0016 21.329422
v -573.0007 -1077.0016 21.329422
v -574.72876 -1079.1462 21.329422
v -575.0561 -1080.016 21.329422
v -522.0005 -1182.0005 18.719557
v -522.0005 -1178.5009 18.756075
v -523.0007 -1178.0042 18.730106
v -524.99884 -1178.0042 18.687906
v -526.9993 -1180 18.576727
v -455.99908 -1119.501 28.030191
v -457.99954 -1118.9998 27.905216
v -454.065 -1125.2872 28.211973
v -451.99817 -1125.951 28.342628
v -454.99884 -1120 28.098358
v -463.99863 -1050.0046 39.813545
v -466.99933 -1050 39.814354
v -468.99976 -1050 39.814354
v -470 -1050 39.72509
v -471.00024 -1050.0046 39.813545
v -469.92905 -1051.2566 39.813545
v -466.99933 -1053.502 39.813545
v -462.9984 -1050.0046 28.131632
v -463.99863 -1050 28.130821
v -468.99976 -1050 28.130821
v -470 -1050 28.041553
v -471.00024 -1050.0046 28.131632
v -469.92905 -1051.2566 28.131632
v -466.99933 -1052.9984 28.131632
v -483.99863 -1050.0046 28.131632
v -486.99933 -1050.0046 28.131632
v -486.16388 -1052.2935 28.131632
v -484.76996 -1053.2731 28.129196
v -481.00024 -1055.0034 28.131632
v -554.26874 -1101.0643 21.176044
v -552.49945 -1101.5015 21.227982
v -552.00275 -1101.0002 21.230415
v -552.00275 -1097.9995 21.299397
v -552.00275 -1095.0011 21.348087
v -553.0007 -1095.0011 21.378925
v -554.04443 -1096.0013 21.20039
v -539.0021 -1168.9998 18.183949
v -540 -1167.9995 18.124708
v -542.0005 -1174.0055 17.96078
v -539.0021 -1175.0011 17.975388
v -539.0021 -1173.0007 18.053293
v -527.9995 -1137.9995 19.625217
v -527.9995 -1135.999 19.794016
v -530.0023 -1134.0032 19.96606
v -532.0005 -1133.0007 20.037474
v -532.5017 -1133.502 19.976608
v -532.0005 -1135.0034 19.867054
v -528.99976 -1139.0021 19.540009
v -482.9961 -1056.0746 51.475983
v -482.00046 -1053.9987 51.475983
v -481.00024 -1050.0046 51.47679
v -482.9984 -1050 51.475983
v -483.99863 -1050.0046 51.475983
v -484.1474 -1055.1934 51.475983
v -565.0034 -1178.0042 17.764389
v -567.9995 -1177.0016 17.766825
v -568.99976 -1177.0016 17.78062
v -569.50104 -1177.5028 17.768448
v -567.9995 -1179.0044 17.766014
v -564.0009 -1183.0029 17.672688
v -564.0009 -1182.0005 17.697033
v -597.0016 -1188.0018 15.869477
v -600 -1187.0062 15.639004
v -595.31244 -1190.4738 15.992018
v -594.255 -1191.0162 16.035028
v -587.0039 -1192.005 16.63637
v -532.0005 -1180 18.272406
v -528.99976 -1184.0032 18.330023
v -526.88257 -1185.4612 18.373034
v -525.9877 -1185.2369 18.442825
v -530.0023 -1179.0044 18.392511
v -502.29114 -1064.8363 22.478544
v -504.14282 -1063.5844 22.433098
v -505.99908 -1064.001 22.365742
v -506.99933 -1065.0011 22.185583
v -499.95193 -1068.7915 22.452574
v -554.0009 -1056.9993 21.539608
v -550 -1060.0023 21.516886
v -548.99976 -1059.0021 21.521755
v -552.00275 -1055.0034 21.550158
v -554.0009 -1053.9987 21.56233
v -515.9991 -1066.9993 21.541231
v -514.99884 -1067.4983 21.576126
v -514.0009 -1068.0042 21.61021
v -513.0007 -1062.9984 21.71003
v -517.0016 -1062.9984 21.501467
v -556.50037 -1133.502 19.58302
v -557.0016 -1134.0032 19.552181
v -555.00116 -1136.9993 19.383385
v -553.0007 -1140.0023 19.20647
v -552.00275 -1139.0021 19.242178
v -552.00275 -1137.9995 19.308723
v -553.0007 -1135.999 19.430452
v -556.00366 -1133.0007 19.613045
v -533.0007 -1142.0005 19.369589
v -530.0023 -1144.001 19.25435
v -528.99976 -1143.0052 19.284378
v -528.99976 -1140.0023 19.45642
v -532.0005 -1139.0021 19.547312
v -456.99933 -1094.4999 27.472673
v -455.99908 -1095.0011 27.56681
v -454.99884 -1095.0011 27.644716
v -454.99884 -1091.0026 27.75833
v -455.99908 -1089.1234 27.658512
v -457.9698 -1088.5214 27.42398
v -462.9984 -1092.504 26.870522
v -461.99817 -1092.9984 26.966282
v -460.99792 -1092.9984 27.07746
v -458.99976 -1091.0026 27.333092
v -466.99933 -1088.9998 26.4185
v -463.99863 -1092.0005 26.774761
v -518.99976 -1123.0007 20.551981
v -527.9995 -1122.0027 20.5885
v -518.99976 -1126.0013 20.20059
v -587.9584 -1070.1648 21.331045
v -588.96313 -1070.3319 21.331045
v -589.84204 -1070.5745 21.331045
v -590 -1073.0029 21.329422
v -585.00116 -1073.0029 21.329422
v -584.91876 -1070.3777 21.331045
v -585.9052 -1070.1396 21.331045
v -587.0085 -1070.1167 21.331045
v -507.99954 -1136.9993 19.491318
v -511.02997 -1136.9696 19.651188
v -507.99954 -1146.0013 18.590523
v -522.0005 -1182.0005 18.719557
v -520.856 -1186.0907 18.736597
v -519.23553 -1186.807 18.820185
v -518.99976 -1185.0011 18.847776
v -521.0025 -1179.0044 18.783667
v -522.0005 -1178.5009 18.756075
v -548.99976 -1108.0018 21.107065
v -551.00024 -1101.0002 21.227982
v -552.00275 -1101.0002 21.230415
v -552.49945 -1101.5015 21.227982
v -553.0007 -1104.9989 21.10463
v -515.9991 -1111.0002 21.626442
v -514.81805 -1109.1852 21.831757
v -517.0016 -1104.9989 21.763588
v -517.9995 -1104.9989 21.682436
v -518.5031 -1105.5046 21.633745
v -518.99976 -1106.9993 21.527435
v -517.9995 -1109.0021 21.478745
v -511.02997 -1136.9696 19.651188
v -510.97504 -1135.8091 19.793205
v -514.0009 -1134.0032 19.807812
v -521.0025 -1135.0034 19.268959
v -461.99817 -1086.0037 26.841305
v -458.22385 -1087.2145 27.18945
v -462.9984 -1083.0007 25.025112
v -465.99908 -1082.0005 24.92854
v -464.06958 -1085.2163 26.562141
v -473.99863 -1065.0011 40.06106
v -475.99908 -1062.9984 40.06106
v -477.99954 -1065.0011 40.06106
v -477.99954 -1066.9993 40.06106
v -475.99908 -1068.9998 40.06106
v -500 -1199.0021 19.042543
v -497.99954 -1198.0018 18.937857
v -505.99908 -1188.0018 18.925684
v -561.0025 -1179.0044 17.637793
v -557.0016 -1171.0026 17.855282
v -558.99976 -1171.0026 17.750593
v -561.0025 -1173.0007 17.707582
v -561.0025 -1174.0055 17.675934
v -530.0023 -1160 18.623796
v -534.0032 -1157.0016 18.648142
v -534.0032 -1164.001 18.31217
v -546.00134 -1128.9998 19.866241
v -548.00183 -1123.0007 20.022055
v -548.99976 -1124.9989 19.918991
v -548.99976 -1131.0002 19.600872
v -556.0311 -1090.8195 21.156567
v -556.1616 -1089.7643 21.167929
v -557.0016 -1090.0023 21.142773
v -558.99976 -1093.9987 21.177668
v -555.9991 -1097.9995 21.135468
v -533.0007 -1131.0002 20.034227
v -532.0005 -1128.9998 20.21114
v -546.00134 -1128.9998 19.866241
v -483.99863 -1056.9993 22.55077
v -480.64087 -1058.4481 22.55077
v -480.13275 -1057.8668 22.55077
v -481.00024 -1055.999 22.55077
v -484.96222 -1052.0371 22.55077
v -485.41315 -1052.9526 22.55077
v -474.99884 -1060.0023 22.55077
v -472.9984 -1062.9984 22.55077
v -471.9295 -1063.2433 22.55077
v -472.9984 -1059.0021 22.55077
v -474.1291 -1055.9006 22.55077
v -474.95996 -1055.2415 22.55077
v -475.92355 -1056.1455 22.55077
v -518.99976 -1126.0013 20.20059
v -523.0007 -1130.0046 19.87598
v -521.0025 -1135.0034 19.268959
v -581.00024 -1071.9982 21.329422
v -576.86884 -1075.0424 21.329422
v -576.00134 -1073.0029 21.329422
v -576.9993 -1070.0732 21.331045
v -578.00415 -1070.0549 21.331045
v -578.9517 -1070.1465 21.331045
v -560 -1118.9998 21.177668
v -556.00366 -1118.9998 20.442425
v -556.00366 -1117.9995 20.494362
v -556.00366 -1112.005 20.840885
v -593.99866 -1169.9474 16.204638
v -598.1735 -1170.0435 15.891389
v -600 -1172.0005 15.650365
v -591.00024 -1172.0005 16.290659
v -592.6734 -1170.2152 16.288225
v -582.0005 -1073.0029 21.329422
v -581.00024 -1075.999 21.329422
v -577.0016 -1078.1941 21.329422
v -577.0016 -1075.999 21.329422
v -581.00024 -1071.9982 21.329422
v -456.99933 -1066.9993 27.977444
v -458.77087 -1062.0714 28.212784
v -459.00433 -1061.632 28.22658
v -460.1236 -1061.1078 28.233072
v -460.99792 -1066.9993 28.131632
v -517.9995 -1171.0026 18.385208
v -523.0007 -1177.0016 18.57835
v -518.99976 -1178.0042 18.691153
v -473.99863 -1109.0021 26.330856
v -476.99933 -1109.0021 25.978653
v -475.99908 -1112.005 26.099571
v -473.99863 -1113.0007 26.34871
v -472.9984 -1113.0007 26.437166
v -471.00024 -1113.0007 26.614891
v -450 -1148.9998 24.306911
v -450 -1143.0052 24.749191
v -450 -1142.0005 24.857124
v -450.99792 -1143.0052 24.919613
v -453.99863 -1146.9993 24.904194
v -592.00275 -1073.0029 21.329422
v -592.0302 -1070.4761 21.331045
v -592.9549 -1070.174 21.331045
v -593.9528 -1070.119 21.331045
v -596.9192 -1070.1533 21.331045
v -597.409 -1070.4669 21.331045
v -597.0016 -1073.0029 21.329422
v -586.0243 -1076.8551 21.329422
v -589.0021 -1077.0016 21.329422
v -592.00275 -1086.9993 21.329422
v -502.00046 -1139.0021 19.395557
v -502.00046 -1145.0011 18.719557
v -500 -1135.999 20.596615
v -498.99976 -1127.0016 21.890186
v -493.99863 -1142.0005 21.593168
v -495.99908 -1151.0002 20.13161
v -491.00024 -1143.0052 22.080894
v -520 -1097.9995 21.588299
v -517.0016 -1097.9995 21.76927
v -527.9995 -1087.9995 21.438978
v -557.995 -1068.9998 21.17929
v -557.9263 -1064.001 21.18984
v -564.0009 -1068.0042 21.329422
v -462.9984 -1117.0039 27.521364
v -463.99863 -1122.0027 27.360683
v -461.99817 -1123.0007 27.522987
v -460.99792 -1123.0007 27.618748
v -460 -1122.0027 27.725868
v -461.99817 -1117.0039 27.591969
v -453.99863 -1071.0254 22.55077
v -455.9144 -1071.1559 22.55077
v -456.21194 -1071.9982 22.55077
v -454.99884 -1073.9987 22.55077
v -453.2044 -1076.9215 22.55077
v -451.767 -1076.5072 22.55077
v -452.91144 -1071.0437 22.554827
v -580 -1191.0002 17.150877
v -577.0016 -1195.0011 17.223913
v -576.5026 -1194.5022 17.25394
v -576.00134 -1192.005 17.523367
v -576.00134 -1188.0018 17.601273
v -450 -1099.0044 27.785923
v -451.99817 -1096.5027 27.828934
v -454.99884 -1108.0018 27.821629
v -503.99863 -1110 22.968704
v -503.99863 -1108.0018 22.93462
v -504.99884 -1107.5006 22.82263
v -506.99933 -1106.9993 22.605953
v -507.99954 -1106.9993 22.49802
v -513.2387 -1108.3429 22.002178
v -477.99954 -1086.9993 25.077862
v -478.99976 -1086.5004 24.939901
v -481.00024 -1086.0037 24.528458
v -480 -1090.0023 24.945581
v -474.99884 -1092.0005 25.606976
v -548.00183 -1078.0018 21.341595
v -548.00183 -1077.0016 21.348087
v -548.00183 -1075.999 21.357014
v -550 -1073.0029 21.421125
v -553.0007 -1068.9998 21.483612
v -553.0007 -1070 21.483612
v -553.0007 -1071.0002 21.480366
v -553.0007 -1071.9982 21.47144
v -553.0007 -1073.0029 21.46657
v -470 -1091.0026 25.975407
v -472.9984 -1088.9998 25.73682
v -474.99884 -1092.0005 25.606976
v -466.99933 -1093.9987 26.425804
v -457.99954 -1070 32.87094
v -455.99908 -1071.9982 33.069763
v -452.9984 -1068.9998 30.83239
v -452.9984 -1068.0042 30.409584
v -454.49988 -1066.5027 30.260263
v -455.99908 -1068.0042 31.379358
v -504.99884 -1124.9989 21.658901
v -510.10757 -1135.2048 19.888153
v -507.99954 -1136.9993 19.491318
v -576.00134 -1068.9288 32.37835
v -575.5093 -1066.8802 32.37835
v -577.0016 -1065.0011 32.37835
v -583.003 -1068.938 32.37835
v -563.0007 -1132.0005 21.378115
v -562.9274 -1130.0962 21.245024
v -564.0009 -1129.2996 21.177668
v -575.00116 -1128.9998 21.177668
v -461.99817 -1060.9979 28.131632
v -463.18152 -1058.9883 28.102417
v -465.19342 -1057.3358 28.10323
v -463.99863 -1068.0042 28.131632
v -502.00046 -1145.0011 18.719557
v -507.99954 -1146.0013 18.590523
v -512.00275 -1152.0027 18.347065
v -526.9993 -1126.0013 20.494362
v -518.99976 -1126.0013 20.20059
v -527.9995 -1122.0027 20.5885
v -545.00116 -1198.0018 16.922838
v -545.00116 -1196.0037 17.004803
v -550 -1194.001 17.277475
v -548.00183 -1200 16.898493
v -597.0016 -1196.0037 16.164873
v -595.00116 -1194.001 16.361261
v -598.00183 -1192.005 16.178669
v -600 -1194.001 15.974164
v -600 -1198.0018 15.79644
v -544.0009 -1066.9993 21.48199
v -548.00183 -1055.0034 21.388664
v -548.00183 -1062.9984 21.280731
v -546.9993 -1064.001 21.355392
v -518.99976 -1126.0013 20.20059
v -526.9993 -1126.0013 20.494362
v -524.99884 -1127.9995 20.228994
v -523.0007 -1130.0046 19.87598
v -450 -1066.9993 22.587288
v -450 -1065.999 22.591345
v -450 -1056.9993 22.575928
v -450 -1052.9984 22.565376
v -450.99792 -1052.9984 22.55077
v -451.48776 -1053.637 22.55077
v -450.99792 -1064.001 22.55077
v -450.5196 -1067.4182 22.575115
v -470.103 -1064.152 22.55077
v -471.1673 -1065.7405 22.55077
v -468.99976 -1066.9993 22.55077
v -465.99908 -1065.999 22.55077
v -466.99933 -1061.9982 22.55077
v -468.22156 -1061.8402 22.55077
v -468.67932 -1062.2545 22.55077
v -576.78644 -1099.8535 21.361883
v -577.409 -1099.8833 21.369188
v -578.00415 -1104.0032 21.378115
v -577.8759 -1108.6427 21.358639
v -577.0909 -1108.8922 21.3278
v -575.00116 -1101.0002 21.177668
v -452.9984 -1131.0002 26.677378
v -452.9984 -1128.9998 26.906227
v -453.99176 -1127.8988 27.11398
v -454.99884 -1127.0016 27.299816
v -457.99954 -1135.0034 26.553215
v -589.0021 -1143.0052 21.177668
v -591.28864 -1146.7773 21.329422
v -591.12384 -1148.0042 21.329422
v -587.0039 -1152.0027 21.177668
v -498.99976 -1127.0016 21.890186
v -494.99884 -1123.0007 23.090433
v -504.99884 -1124.9989 21.658901
v -474.1497 -1064.294 22.55077
v -474.65094 -1063.8315 22.55077
v -478.29938 -1060.9362 22.55077
v -476.99933 -1064.001 22.55077
v -471.00024 -1071.0002 22.55077
v -472.45135 -1065.9739 22.55077
v -463.03503 -1063.9644 51.475983
v -460.75763 -1062.3895 51.475983
v -462.9984 -1060.0023 51.475983
v -466.99933 -1061.9982 51.475983
v -464.8501 -1065.1201 51.475983
v -567.0016 -1191.0002 17.438156
v -561.0025 -1194.001 17.304255
v -564.0009 -1187.0062 17.411377
v -523.0007 -1102.0005 21.41301
v -520 -1104.9989 21.55665
v -517.9995 -1104.9989 21.682436
v -517.9995 -1102.0005 21.739243
v -520 -1100 21.61589
v -521.0025 -1100 21.553404
v -557.0016 -1156.006 18.40793
v -558.99976 -1153.0029 18.52479
v -561.0025 -1152.0027 18.560497
v -561.0025 -1154.001 18.470417
v -560 -1157.0016 18.348688
v -557.50055 -1159.5033 18.267536
v -557.0016 -1158.9998 18.298374
v -482.00046 -1055.0034 39.813545
v -481.00024 -1059.0021 39.813545
v -478.82352 -1058.9883 39.81679
v -478.20096 -1058.4664 39.820038
v -475.99908 -1055.0034 39.813545
v -452.9984 -1120.5012 28.216843
v -453.99863 -1120 28.1576
v -454.99884 -1120 28.098358
v -451.99817 -1125.951 28.342628
v -450 -1126.0013 28.42865
v -450 -1122.0027 28.35886
v -483.99863 -1050.0046 51.475983
v -485.99908 -1050 51.43054
v -488.9998 -1050.0046 51.475983
v -489.37744 -1051.2131 51.410248
v -484.1474 -1055.1934 51.475983
v -574.71277 -1066.8506 15.278687
v -571.00024 -1070 15.278687
v -572.0005 -1060.0023 15.278687
v -508.99976 -1114.001 22.170975
v -513.2387 -1108.3429 22.002178
v -514.01697 -1109.2218 21.892622
v -511.8311 -1116.0518 21.720577
v -511.01855 -1116.1501 21.81796
v -463.99863 -1116.5004 27.4394
v -464.99884 -1115.999 27.356625
v -465.99908 -1115.999 27.286022
v -466.99933 -1121.0026 27.121283
v -464.99884 -1122.0027 27.265734
v -463.99863 -1122.0027 27.360683
v -462.9984 -1117.0039 27.521364
v -503.00067 -1108.0018 23.041742
v -502.00046 -1103.0029 23.129387
v -503.99863 -1102.0005 22.932186
v -504.99884 -1102.0005 22.840485
v -505.99908 -1106.9993 22.713074
v -504.99884 -1107.5006 22.82263
v -503.99863 -1108.0018 22.93462
v -473.99863 -1109.0021 26.330856
v -471.00024 -1113.0007 26.614891
v -467.99954 -1114.001 26.920835
v -462.9984 -1114.001 27.404505
v -501.00024 -1109.0021 23.311169
v -500 -1109.0021 23.432898
v -498.99976 -1104.0032 23.457243
v -500 -1103.4996 23.341194
v -501.00024 -1103.0029 23.224335
v -502.00046 -1103.0029 23.129387
v -503.00067 -1108.0018 23.041742
v -496.99933 -1139.0021 21.113556
v -500 -1135.999 20.596615
v -495.99908 -1151.0002 20.13161
v -490 -1111.0002 24.596626
v -489.75052 -1112.7489 24.61448
v -488.9998 -1113.0007 24.676155
v -485.99908 -1111.0002 24.973986
v -486.99933 -1108.0018 24.900948
v -488.9998 -1106.9993 24.635578
v -490 -1106.9993 24.511415
v -508.99976 -1066.9993 21.866653
v -508.99976 -1071.0002 21.836626
v -507.99954 -1071.9982 21.906418
v -506.99933 -1072.4994 21.967281
v -505.99908 -1073.0029 22.028147
v -505.99908 -1067.1274 22.01435
v -508.67245 -1065.6787 21.897491
v -481.00024 -1050.0046 51.47679
v -474.8615 -1055.1041 51.475983
v -473.4539 -1053.2822 51.475983
v -475.99908 -1050.0046 51.47679
v -478.99976 -1050 51.47679
v -520.087 -1193.8452 18.159603
v -522.0829 -1194.9897 17.893423
v -523.0808 -1195.6672 17.756275
v -523.0007 -1197.0039 17.66863
v -522.0005 -1200 17.57855
v -520 -1200 17.735176
v -518.99976 -1200 17.835804
v -557.9995 -1081.0048 21.209316
v -565.0034 -1075.999 21.329422
v -557.9995 -1086.0037 21.169552
v -582.0005 -1200 17.025902
v -577.0016 -1195.0011 17.223913
v -580 -1191.0002 17.150877
v -560 -1167.9995 17.95104
v -560 -1165.0034 18.048424
v -564.0009 -1166.0037 18.004602
v -564.4999 -1166.5004 17.985937
v -565.0034 -1167.0016 17.969706
v -565.0034 -1167.9995 17.937244
v -561.0025 -1170.0023 17.890177
v -560 -1170.0023 17.890177
v -553.0007 -1075.999 21.451963
v -550 -1080 21.384605
v -548.00183 -1081.0048 21.329422
v -548.00183 -1078.0018 21.341595
v -553.0007 -1073.0029 21.46657
v -553.0007 -1074.9989 21.45602
v -567.9995 -1179.0044 17.766014
v -570.0023 -1179.0044 17.724625
v -570.0023 -1180 17.701902
v -567.0016 -1184.0032 17.632923
v -565.0034 -1185.0011 17.616692
v -564.0009 -1184.0032 17.642662
v -564.0009 -1183.0029 17.672688
v -567.0016 -1192.005 17.251505
v -567.9995 -1194.001 17.184149
v -567.9995 -1197.0039 17.064043
v -561.0025 -1194.001 17.304255
v -461.99817 -1053.9987 39.813545
v -463.25934 -1056.9513 39.7892
v -462.076 -1057.9697 39.802185
v -458.99976 -1059.0021 39.813545
v -458.99976 -1052.9984 39.813545
v -546.00134 -1183.0029 17.568
v -539.0021 -1176.0013 17.800909
v -542.0005 -1174.0055 17.96078
v -458.99976 -1095.0011 27.11398
v -461.99817 -1093.9987 26.820206
v -454.99884 -1108.0018 27.821629
v -492.00046 -1080.499 23.221088
v -491.00024 -1081.0048 23.335514
v -488.9998 -1078.0018 23.493763
v -494.99884 -1077.0016 22.867264
v -497.99954 -1077.0016 22.618126
v -496.99933 -1078.0018 22.706581
v -495.99908 -1078.4985 22.799908
v -589.0021 -1146.0013 29.788769
v -590 -1146.0013 30.19291
v -590 -1162.0005 30.19372
v -589.0021 -1163.0007 29.792015
v -586.00134 -1164.001 21.177668
v -591.50146 -1165.2529 21.177668
v -591.8334 -1165.3994 21.177668
v -591.81274 -1165.7015 21.177668
v -589.0021 -1167.0016 21.177668
v -582.0005 -1167.0016 21.177668
v -518.80066 -1052.9984 21.739243
v -518.26733 -1055.0515 21.763588
v -514.0009 -1053.9987 22.076027
v -515.9991 -1050.0046 22.005424
v -518.99976 -1050.0046 21.734375
v -455.94873 -1083.7515 22.547523
v -455.24835 -1083.7515 22.546711
v -454.99884 -1082.0005 22.55077
v -463.84985 -1079.1486 22.55077
v -463.99863 -1081.0048 22.55077
v -461.99817 -1081.7921 22.55077
v -482.9984 -1073.9987 22.55077
v -482.00046 -1074.9989 22.55077
v -481.00024 -1074.9989 22.55077
v -480 -1074.9989 22.55077
v -478.99976 -1073.0029 22.55077
v -485.99908 -1068.0042 22.549957
v -518.99976 -1123.0007 20.551981
v -519.50104 -1121.0026 20.608788
v -521.0025 -1118.9998 20.666407
v -527.9995 -1122.0027 20.5885
v -532.0005 -1055.0034 21.638615
v -524.0009 -1060.9979 21.376492
v -526.00134 -1055.0034 21.433298
v -518.99976 -1179.0044 18.853458
v -520 -1179.0044 18.821808
v -521.0025 -1179.0044 18.783667
v -518.99976 -1185.0011 18.847776
v -514.99884 -1181.0002 18.963013
v -517.9995 -1179.501 18.884296
v -539.0021 -1176.0013 17.800909
v -540 -1183.0029 17.707582
v -537.9995 -1183.0029 17.898293
v -535.9991 -1182.0005 17.980255
v -535.5001 -1181.5015 18.028948
v -535.9991 -1180 17.990807
v -510.10757 -1135.2048 19.888153
v -504.99884 -1124.9989 21.658901
v -511.00024 -1130.0046 20.483812
v -483.8613 -1078.6084 24.164894
v -486.99933 -1077.0016 23.71693
v -487.95377 -1076.5804 23.603317
v -488.9998 -1078.0018 23.493763
v -483.99863 -1083.9987 24.23793
v -460.1236 -1061.1078 28.233072
v -461.99817 -1060.9979 28.131632
v -463.99863 -1068.0042 28.131632
v -462.18585 -1068.9631 28.113777
v -461.44885 -1068.9838 28.115402
v -460.99792 -1066.9993 28.131632
v -517.0016 -1101.0002 21.85448
v -517.37695 -1104.8752 21.728693
v -515.9991 -1104.9989 21.81796
v -513.0007 -1104.9989 22.02409
v -514.0009 -1100 22.093067
v -514.99884 -1099.4988 22.027336
v -515.9991 -1100 21.95024
v -476.81622 -1053.3188 22.55077
v -476.99933 -1050.0046 22.55077
v -482.00046 -1050 22.549147
v -482.9984 -1050.0046 22.55077
v -481.00024 -1052.9984 22.55077
v -477.48914 -1054.4656 22.55077
v -535.00116 -1145.0011 19.266525
v -531.00024 -1148.0042 19.083931
v -530.0023 -1146.9993 19.115582
v -530.0023 -1146.0013 19.161026
v -533.0007 -1142.0005 19.369589
v -534.0032 -1141.0002 19.421526
v -535.00116 -1142.0005 19.40286
v -535.00116 -1144.001 19.3071
v -471.00024 -1120 26.84293
v -470 -1120 26.919212
v -471.00024 -1114.9989 26.834002
v -474.99884 -1114.9989 26.409573
v -474.99884 -1117.9995 26.489103
v -471.00024 -1089.501 25.975407
v -470 -1090.0023 26.100384
v -468.99976 -1090.0023 26.217243
v -472.00275 -1083.5706 25.744123
v -472.98236 -1083.2388 25.62564
v -474.99884 -1086.0037 25.424381
v -471.99817 -1088.9998 25.850433
v -488.9998 -1123.0007 24.648563
v -494.99884 -1123.0007 23.090433
v -490 -1128.9998 24.030182
v -475.99908 -1055.0034 28.131632
v -473.4539 -1051.8815 28.133255
v -473.25018 -1051.0186 28.132442
v -473.99863 -1050.0046 28.131632
v -474.99884 -1050 28.131632
v -480 -1050.0046 28.132442
v -493.99863 -1142.0005 21.593168
v -493.99863 -1141.0002 21.707594
v -496.99933 -1139.0021 21.113556
v -495.99908 -1151.0002 20.13161
v -557.5463 -1077.0771 21.18497
v -557.7821 -1075.9694 21.180914
v -565.0034 -1075.999 21.329422
v -557.9995 -1081.0048 21.209316
v -498.99976 -1154.001 18.832357
v -495.99908 -1151.0002 20.13161
v -502.00046 -1145.0011 18.719557
v -517.0016 -1062.9984 21.501467
v -518.55347 -1059.8993 21.533928
v -522.0005 -1057.9995 21.504713
v -523.50195 -1060.0023 21.430052
v -523.0007 -1060.9979 21.416256
v -521.0025 -1062.9984 21.404083
v -563.0007 -1117.9995 21.202013
v -564.0009 -1117.0039 21.24746
v -568.99976 -1117.0039 21.244213
v -560.76447 -1123.9323 21.139526
v -591.00024 -1161.0048 30.997128
v -590 -1162.0005 30.19372
v -590 -1146.0013 30.19291
v -591.00024 -1146.9993 30.997128
v -591.4031 -1159.8878 21.329422
v -591.3092 -1161.0895 21.329422
v -586.00134 -1164.001 21.177668
v -588.00183 -1157.0016 21.332668
v -591.32526 -1158.9563 21.329422
v -533.17236 -1188.7457 17.799286
v -535.00116 -1187.0062 17.846354
v -539.0021 -1185.0011 17.79604
v -539.50104 -1185.5046 17.752216
v -541.00024 -1187.0062 17.622374
v -541.00024 -1189.0021 17.484413
v -539.0021 -1189.0021 17.523367
v -537.9995 -1183.0029 17.898293
v -539.0021 -1184.0032 17.846354
v -539.0021 -1185.0011 17.79604
v -535.00116 -1187.0062 17.846354
v -533.0007 -1187.0062 17.952663
v -533.0007 -1183.0029 18.114157
v -455.88007 -1066.8436 22.55077
v -458.99976 -1064.3672 22.55077
v -460 -1065.0011 22.55077
v -460.99792 -1065.999 22.55077
v -461.47632 -1066.8391 22.55077
v -460 -1070 22.55077
v -457.99954 -1070 22.55077
v -508.99976 -1102.0005 22.454197
v -510 -1105.999 22.29514
v -507.99954 -1106.9993 22.49802
v -506.99933 -1106.9993 22.605953
v -505.99908 -1106.9993 22.713074
v -504.99884 -1102.0005 22.840485
v -462.9984 -1066.9993 39.813545
v -461.68918 -1068.9586 39.813545
v -460 -1070 39.813545
v -458.99976 -1069.9108 39.813545
v -457.74548 -1068.1941 39.75836
v -456.99933 -1063.7491 39.79326
v -585.00116 -1115.999 21.177668
v -584.0009 -1117.0039 21.177668
v -580 -1117.0039 21.177668
v -579.0021 -1110 21.177668
v -550 -1156.006 18.48746
v -552.00275 -1144.001 18.893223
v -553.0007 -1148.0042 18.687906
v -554.0009 -1152.0027 18.488272
v -546.9993 -1104.9989 21.181725
v -546.9993 -1102.0005 21.299397
v -546.9993 -1101.0002 21.283978
v -551.00024 -1101.0002 21.227982
v -548.99976 -1108.0018 21.107065
v -546.9993 -1106.9993 21.118425
v -491.00024 -1113.0007 24.504925
v -494.99884 -1113.0007 24.166515
v -494.99884 -1123.0007 23.090433
v -480 -1090.0023 24.945581
v -481.00024 -1086.0037 24.528458
v -484.99884 -1084.9989 24.000154
v -487.99954 -1086.9993 23.883295
v -459.74823 -1079.7483 22.549957
v -454.1886 -1081.5381 22.549957
v -453.3097 -1078.9814 22.55077
v -453.67133 -1077.9652 22.55077
v -456.99933 -1075.999 22.55077
v -472.9984 -1193.0007 19.812681
v -470 -1195.0011 20.19004
v -473.95285 -1186.5759 19.927917
v -476.99933 -1190 19.145607
v -517.9995 -1111.0002 21.384605
v -517.9995 -1109.0021 21.478745
v -518.99976 -1106.9993 21.527435
v -522.0005 -1106.9993 21.40733
v -523.0007 -1109.0021 21.29128
v -523.0007 -1111.0002 21.202013
v -522.49945 -1112.005 21.174421
v -588.00183 -1070.9979 31.500275
v -580 -1073.0029 30.09796
v -576.00134 -1073.0029 30.096336
v -575.00116 -1071.9982 30.756918
v -576.00134 -1071.0002 31.497028
v -553.90247 -1107.9424 21.016174
v -554.5892 -1108.3314 21.01942
v -554.0009 -1110 20.92934
v -548.99976 -1114.001 20.762165
v -548.99976 -1108.0018 21.107065
v -570.0023 -1188.0018 17.500645
v -567.0016 -1190 17.468994
v -566.00134 -1189.0021 17.494963
v -566.00134 -1187.0062 17.559885
v -571.00024 -1182.0005 17.646719
v -571.00024 -1186.0013 17.557451
v -560 -1114.001 21.177668
v -560 -1118.9998 21.177668
v -556.00366 -1112.005 20.840885
v -556.92377 -1108.6473 21.078661
v -558.0636 -1108.4894 21.128975
v -451.99817 -1096.5027 27.828934
v -450.99792 -1096.9993 27.885738
v -450 -1096.9993 27.919012
v -450 -1092.9984 28.080505
v -454.99884 -1091.0026 27.75833
v -454.99884 -1095.0011 27.644716
v -450 -1132.0005 26.233473
v -457.99954 -1135.0034 26.553215
v -451.99817 -1137.9995 25.92915
v -568.99976 -1156.006 21.177668
v -564.5777 -1153.0282 21.378115
v -563.1495 -1147.8507 21.378115
v -566.7979 -1148.8647 21.31157
v -526.9993 -1137.9995 19.66823
v -527.9995 -1142.0005 19.340374
v -521.0025 -1135.0034 19.268959
v -524.0009 -1133.0007 19.896269
v -468.99976 -1053.9987 51.475983
v -471.38934 -1053.4745 51.475983
v -472.3369 -1053.3829 51.475983
v -472.4628 -1053.502 51.475983
v -472.9618 -1054.0353 51.475983
v -473.4539 -1054.7356 51.475983
v -466.99933 -1061.9982 51.475983
v -506.99933 -1057.9995 22.352757
v -502.76035 -1060.9728 22.493961
v -502.28198 -1060.927 22.50776
v -502.00046 -1060.0023 22.536161
v -503.99863 -1052.0005 22.629488
v -548.00183 -1081.0048 21.329422
v -550 -1080 21.384605
v -553.0007 -1080 21.442225
v -553.0007 -1081.0048 21.443848
v -553.0007 -1082.0005 21.44547
v -548.00183 -1086.9993 21.330235
v -548.00183 -1084.9989 21.320496
v -548.00183 -1083.9987 21.31725
v -539.0021 -1163.0007 18.229395
v -534.0032 -1164.001 18.31217
v -535.9991 -1155.0011 18.717934
v -536.9993 -1175.0011 17.898293
v -534.0032 -1179.0044 18.107666
v -531.00024 -1178.0042 18.296751
v -527.9995 -1177.0016 18.416857
v -535.00116 -1174.0055 17.997297
v -460 -1175.0011 22.380348
v -461.99817 -1173.0007 22.27485
v -462.9984 -1173.0007 22.15799
v -460.99792 -1188.0018 21.442225
v -591.00024 -1172.0005 16.290659
v -581.00024 -1174.0055 17.103807
v -583.003 -1169.2378 17.04619
v -554.0009 -1146.9993 18.832357
v -554.0009 -1145.0011 18.94029
v -554.0009 -1144.001 18.99223
v -557.0016 -1142.0005 19.087988
v -557.9995 -1142.0005 19.086365
v -558.5031 -1142.4994 19.05634
v -558.99976 -1143.0052 19.025501
v -558.99976 -1144.001 18.971128
v -558.99976 -1145.0011 18.917568
v -558.99976 -1146.0013 18.863195
v -555.00116 -1148.0042 18.78529
v -551.00024 -1126.0013 19.992027
v -555.00116 -1124.001 20.130798
v -555.00116 -1124.9989 20.069935
v -555.00116 -1126.0013 20.016373
v -555.00116 -1127.9995 19.896269
v -555.00116 -1128.9998 19.83865
v -551.00024 -1132.0005 19.649565
v -551.00024 -1131.0002 19.707184
v -554.0009 -1110 20.92934
v -553.0007 -1114.9989 20.649364
v -550 -1120 20.383184
v -548.99976 -1114.001 20.762165
v -548.99976 -1131.0002 19.600872
v -550 -1135.999 19.31765
v -548.99976 -1142.0005 19.127754
v -546.00134 -1128.9998 19.866241
v -466.99933 -1121.0026 27.121283
v -465.99908 -1115.999 27.286022
v -467.99954 -1114.9989 27.107487
v -468.99976 -1114.9989 27.027958
v -471.00024 -1114.9989 26.834002
v -470 -1120 26.919212
v -468.99976 -1120.5012 26.982512
v -467.99954 -1121.0026 27.04581
v -456.99933 -1200 21.530682
v -455.99908 -1200 21.404083
v -454.99884 -1196.0037 21.10463
v -460.99792 -1188.0018 21.442225
v -488.9998 -1123.0007 24.648563
v -483.99863 -1117.0039 25.307522
v -486.99933 -1117.9995 24.70618
v -494.99884 -1123.0007 23.090433
v -476.99933 -1176.0013 20.273628
v -473.02814 -1171.973 21.116802
v -482.00046 -1170.0023 20.127552
v -512.00275 -1069.4988 21.697855
v -511.00024 -1070 21.735996
v -508.99976 -1066.9993 21.866653
v -508.67245 -1065.6787 21.897491
v -513.0007 -1062.9984 21.71003
v -514.0009 -1068.0042 21.61021
v -513.0007 -1068.9998 21.658901
v -532.0005 -1055.0034 21.638615
v -526.00134 -1055.0034 21.433298
v -526.00134 -1050.0046 21.459267
v -528.99976 -1050.0046 21.600471
v -565.0034 -1178.0042 17.764389
v -563.0007 -1179.0044 17.735176
v -562.0005 -1178.0042 17.726248
v -562.0005 -1177.0016 17.630487
v -562.0005 -1176.0013 17.654835
v -562.0005 -1175.0011 17.701902
v -563.0007 -1173.0007 17.839863
v -565.5001 -1169.501 17.890177
v -566.00134 -1170.0023 17.8707
v -557.0016 -1137.9995 19.318462
v -557.9995 -1139.0021 19.255163
v -557.0016 -1142.0005 19.087988
v -554.0009 -1144.001 18.99223
v -553.49963 -1143.4996 19.00927
v -553.0007 -1143.0052 19.027124
v -553.0007 -1140.0023 19.20647
v -555.00116 -1136.9993 19.383385
v -531.00024 -1115.999 20.96099
v -532.0005 -1128.9998 20.21114
v -527.9995 -1122.0027 20.5885
v -591.00024 -1055.999 32.3751
v -587.5532 -1060.499 32.377533
v -586.89404 -1060.7897 32.377533
v -587.0039 -1055.999 32.376724
v -593.0007 -1050.0046 32.3751
v -465.99908 -1200 20.724026
v -456.99933 -1200 21.530682
v -470 -1195.0011 20.19004
v -511.00024 -1100 22.315426
v -513.0007 -1100 22.163671
v -514.0009 -1100 22.093067
v -513.0007 -1104.9989 22.02409
v -511.00024 -1105.999 22.18964
v -510 -1105.999 22.29514
v -508.99976 -1102.0005 22.454197
v -508.99976 -1101.0002 22.467993
v -510 -1100.499 22.39171
v -594.0009 -1200 15.761544
v -585.00116 -1200 16.580374
v -592.00275 -1195.0011 16.12024
v -514.0009 -1122.0027 20.828712
v -514.0009 -1121.0026 20.894445
v -515.9991 -1117.0039 21.068111
v -518.99976 -1117.9995 20.85955
v -520.49896 -1118.9998 20.745935
v -519.50104 -1121.0026 20.608788
v -518.99976 -1122.0027 20.559284
v -517.0016 -1122.0027 20.699678
v -563.0007 -1111.0002 21.177668
v -564.0009 -1115.999 21.177668
v -563.0007 -1115.999 21.177668
v -560 -1114.001 21.177668
v -558.0636 -1108.4894 21.128975
v -558.99976 -1108.272 21.177668
v -593.0007 -1108.0018 21.278297
v -595.00116 -1110 21.177668
v -592.00275 -1115.999 21.177668
v -589.0021 -1112.005 21.177668
v -494.99884 -1068.9998 25.368385
v -492.9984 -1068.9998 25.384617
v -492.9984 -1068.0042 25.389486
v -493.99863 -1066.9993 25.384617
v -500 -1062.9984 25.353779
v -502.00046 -1061.9982 25.340794
v -503.00067 -1062.9984 25.327
v -501.00024 -1065.0011 25.335926
v -460 -1117.0039 27.552202
v -456.99933 -1117.9995 27.742912
v -450 -1115.999 28.305298
v -462.9984 -1114.001 27.404505
v -458.99976 -1118.5054 27.828934
v -461.99817 -1117.0039 27.591969
v -460 -1122.0027 27.725868
v -458.42526 -1123.8407 27.827309
v -454.065 -1125.2872 28.211973
v -457.99954 -1118.9998 27.905216
v -468.99976 -1200 20.241167
v -465.99908 -1200 20.724026
v -470 -1195.0011 20.19004
v -471.37103 -1194.6235 20.023678
v -472.0531 -1194.8546 19.94496
v -472.9984 -1196.0037 19.842709
v -471.99817 -1200 19.894646
v -466.99933 -1061.9982 22.55077
v -462.13092 -1065.8687 22.55077
v -459.93134 -1063.0602 22.55077
v -463.99863 -1059.0021 22.55077
v -472.3575 -1053.9712 39.82653
v -472.9984 -1056.9993 39.813545
v -467.99954 -1060.0023 39.813545
v -466.43854 -1056.5598 39.850876
v -468.99976 -1055.0034 39.813545
v -471.61365 -1053.4653 39.817604
v -472.1561 -1053.605 39.819225
v -576.00134 -1071.0002 29.410597
v -576.00134 -1070 29.410597
v -600 -1070 29.410597
v -599.0021 -1071.0002 29.410597
v -515.9991 -1073.9987 21.643482
v -510 -1071.9982 21.65241
v -513.0007 -1070 21.501467
v -517.9995 -1066.9993 21.364319
v -535.00116 -1166.0037 18.377092
v -535.00116 -1165.0034 18.366543
v -536.9993 -1164.001 18.336515
v -537.9995 -1164.001 18.291882
v -539.0021 -1167.0016 18.24806
v -539.0021 -1168.9998 18.183949
v -535.00116 -1172.0005 18.202614
v -535.00116 -1171.0026 18.232641
v -543.003 -1194.001 17.12653
v -544.0009 -1195.0011 17.042944
v -542.0005 -1197.0039 17.03564
v -537.9995 -1199.0021 17.034828
v -536.9993 -1197.0039 17.129776
v -541.00024 -1192.005 17.290459
v -591.7922 -1155.0011 21.329422
v -591.4168 -1156.7109 21.329422
v -588.00183 -1157.0016 21.332668
v -587.0039 -1152.0027 21.177668
v -591.4351 -1150.6958 21.329422
v -591.71436 -1151.0735 21.329422
v -591.7922 -1152.0027 21.329422
v -567.9995 -1197.0039 17.064043
v -568.99976 -1200 16.90255
v -567.9995 -1200 16.943937
v -564.0009 -1200 16.925272
v -561.0025 -1194.001 17.304255
v -500 -1135.999 20.596615
v -491.16272 -1130.8354 23.448317
v -496.99933 -1128.9998 22.25943
v -453.859 -1052.8245 51.475983
v -455.00342 -1051.9272 51.475983
v -456.82306 -1052.0005 51.475983
v -460 -1055.999 51.475983
v -454.99884 -1056.9993 51.475983
v -452.75348 -1056.8917 51.475983
v -452.67566 -1056.3835 51.475983
v -593.0007 -1050.0046 32.3751
v -600 -1050.0046 32.3751
v -600 -1052.0005 32.3751
v -597.1687 -1055.4703 32.3751
v -596.1135 -1055.2323 32.3751
v -582.0005 -1093.9987 21.177668
v -577.84845 -1095.8732 21.186594
v -576.8597 -1095.9098 21.180914
v -575.00116 -1095.0011 21.177668
v -592.00275 -1086.9993 21.329422
v -457.04736 -1062.0714 39.850876
v -455.99908 -1062.8038 39.813545
v -453.99863 -1062.9984 39.813545
v -452.0096 -1059.2035 39.813545
v -451.88602 -1057.7386 39.81111
v -452.6894 -1056.9077 39.807865
v -454.99884 -1055.0034 39.813545
v -463.99863 -1050.0046 39.813545
v -466.99933 -1053.502 39.813545
v -466.05173 -1055.1705 39.859802
v -465.41772 -1055.6466 39.802185
v -464.13596 -1056.4866 39.79326
v -463.25934 -1056.9513 39.7892
v -461.99817 -1053.9987 39.813545
v -460.99792 -1050.0046 39.813545
v -462.9984 -1050 39.814354
v -515.9991 -1111.0002 21.626442
v -517.0016 -1113.0007 21.308323
v -516.50037 -1114.9989 21.193897
v -515.9991 -1115.999 21.145206
v -513.0007 -1117.0039 21.449528
v -511.8311 -1116.0518 21.720577
v -514.01697 -1109.2218 21.892622
v -514.81805 -1109.1852 21.831757
v -589.0021 -1077.0016 21.329422
v -594.0009 -1077.0016 21.329422
v -592.00275 -1086.9993 21.329422
v -532.0005 -1055.0034 21.638615
v -528.99976 -1050.0046 21.600471
v -534.0032 -1050 21.664583
v -539.0021 -1050.0046 21.649164
v -554.0009 -1052.0005 21.580996
v -552.00275 -1055.0034 21.550158
v -548.99976 -1059.0021 21.521755
v -548.99976 -1055.0034 21.542854
v -548.99976 -1053.9987 21.549347
v -550 -1051.0002 21.579372
v -551.00024 -1050.0046 21.589922
v -553.0007 -1050 21.598038
v -554.0009 -1050.0046 21.59885
v -554.0009 -1152.0027 18.488272
v -555.00116 -1156.006 18.308924
v -554.0009 -1162.0005 18.156357
v -550 -1156.006 18.48746
v -573.0007 -1053.9987 32.376724
v -573.0007 -1050.0046 32.3751
v -577.0016 -1050.0046 32.3751
v -575.00116 -1057.9995 32.377533
v -573.43555 -1059.295 32.377533
v -573.18835 -1059.089 32.377533
v -548.99976 -1142.0005 19.127754
v -551.00024 -1140.0023 19.103407
v -552.00275 -1144.001 18.893223
v -550 -1156.006 18.48746
v -471.00024 -1175.0011 21.078661
v -471.62738 -1172.0348 21.280731
v -473.02814 -1171.973 21.116802
v -476.99933 -1176.0013 20.273628
v -474.99884 -1180 20.240355
v -460.99792 -1062.9984 54.275745
v -464.99884 -1065.999 54.275745
v -463.99863 -1066.9993 54.275745
v -462.9984 -1066.9993 54.275745
v -460.99792 -1065.999 54.275745
v -454.99884 -1061.9982 54.275745
v -454.99884 -1060.0023 54.275745
v -455.99908 -1060.0023 54.275745
v -457.99954 -1060.9979 54.275745
v -485.99908 -1068.0042 22.549957
v -491.00024 -1064.001 22.55077
v -491.00024 -1068.0042 22.549957
v -491.00024 -1068.9998 22.568623
v -484.99884 -1073.0029 22.55077
v -512.49945 -1186.5004 19.060396
v -512.00275 -1186.0013 19.066889
v -512.00275 -1185.0011 19.066889
v -514.0009 -1181.0002 18.980057
v -514.99884 -1181.0002 18.963013
v -518.99976 -1185.0011 18.847776
v -514.99884 -1187.0062 19.006025
v -513.0007 -1187.0062 19.054716
v -505.99908 -1067.1274 22.01435
v -505.99908 -1073.0029 22.028147
v -502.00046 -1073.0029 22.283777
v -498.87158 -1070.9087 22.54103
v -500 -1070.2106 22.44933
v -546.00134 -1102.0005 21.209316
v -546.00134 -1108.0018 20.962612
v -543.003 -1112.005 20.961802
v -543.003 -1101.0002 21.434921
v -456.99933 -1056.9993 22.55077
v -455.10413 -1056.8917 22.55077
v -454.5205 -1056.395 22.55077
v -454.0833 -1055.919 22.55077
v -453.3898 -1054.8088 22.55077
v -454.01007 -1054.2001 22.55077
v -457.99954 -1052.9984 22.55077
v -461.1925 -1052.8245 22.55077
v -462.30716 -1054.2344 22.55077
v -460.99792 -1055.999 22.55077
v -570.0023 -1188.0018 17.500645
v -573.0007 -1187.0062 17.49334
v -573.49963 -1187.5006 17.468994
v -574.00323 -1189.0021 17.41868
v -572.0005 -1193.0007 17.345642
v -568.99976 -1194.001 17.342396
v -567.9995 -1193.0007 17.378916
v -567.9995 -1192.005 17.404884
v -490 -1128.9998 24.030182
v -481.00024 -1126.0013 25.456842
v -488.9998 -1123.0007 24.648563
v -477.99954 -1111.4991 25.876402
v -475.99908 -1112.005 26.099571
v -476.99933 -1109.0021 25.978653
v -485.99908 -1104.0032 24.866053
v -483.99863 -1108.0018 25.09896
v -481.00024 -1110 25.506346
v -455.99908 -1083.9987 25.271004
v -452.9984 -1083.9987 25.271004
v -452.9984 -1083.0007 25.271004
v -453.99863 -1082.0005 25.271004
v -456.99933 -1081.0048 25.271004
v -463.99863 -1078.9998 25.271004
v -463.99863 -1081.0048 25.271004
v -461.99817 -1082.0005 25.271004
v -580 -1191.0002 17.150877
v -587.0039 -1192.005 16.63637
v -584.0009 -1199.0021 16.715899
v -458.99976 -1155.0011 23.881672
v -450 -1151.0002 24.039919
v -453.99863 -1146.9993 24.904194
v -557.7821 -1075.9694 21.180914
v -557.98584 -1073.9987 21.177668
v -565.2506 -1071.4648 21.329422
v -565.9762 -1071.767 21.329422
v -566.3493 -1073.2296 21.329422
v -565.0034 -1075.999 21.329422
v -571.00024 -1070 15.278687
v -567.0016 -1066.9993 15.278687
v -567.0016 -1065.0011 15.278687
v -572.0005 -1060.0023 15.278687
v -548.00183 -1086.9993 21.330235
v -553.0007 -1082.0005 21.44547
v -553.0007 -1084.9989 21.437355
v -553.0007 -1086.0037 21.433298
v -550 -1090.0023 21.361883
v -546.9993 -1092.0005 21.252327
v -546.9993 -1091.0026 21.276674
v -546.9993 -1088.9998 21.275051
v -554.0009 -1117.0039 20.538998
v -555.00116 -1117.0039 20.539808
v -556.00366 -1117.9995 20.494362
v -556.00366 -1118.9998 20.442425
v -556.00366 -1120 20.383184
v -551.00024 -1124.9989 20.06182
v -550 -1120 20.383184
v -468.99976 -1062.9984 28.131632
v -472.9984 -1056.9993 28.131632
v -475.98306 -1058.8143 28.143805
v -473.99863 -1062.9984 28.131632
v -470.00687 -1064.5182 28.131632
v -552.00275 -1095.0011 21.348087
v -552.00275 -1097.9995 21.299397
v -548.99976 -1097.9995 21.256386
v -546.9993 -1097.9995 21.252327
v -546.9993 -1096.0013 21.271805
v -546.9993 -1095.0011 21.271805
v -548.99976 -1092.0005 21.29615
v -552.00275 -1092.0005 21.370811
v -546.00134 -1088.9998 21.221489
v -546.00134 -1095.0011 21.24746
v -543.003 -1101.0002 21.434921
v -544.0009 -1084.9989 21.318062
v -466.99933 -1050.0046 51.475983
v -460 -1055.999 51.475983
v -458.10254 -1050.8904 51.475983
v -458.99976 -1050.0046 51.475983
v -462.9984 -1050 51.475983
v -464.99884 -1050 51.475983
v -465.99908 -1050 51.475983
v -588.00183 -1070.9979 31.500275
v -593.99866 -1070.9362 31.544098
v -596.00366 -1073.0029 30.09796
v -580 -1073.0029 30.09796
v -468.99976 -1062.9984 28.131632
v -465.19342 -1057.3358 28.10323
v -467.99954 -1055.999 28.131632
v -472.9984 -1056.9993 28.131632
v -462.9984 -1050.0046 28.131632
v -466.99933 -1052.9984 28.131632
v -463.65985 -1055.999 28.131632
v -458.11398 -1050.8538 28.131632
v -458.99976 -1050.0046 28.131632
v -587.0039 -1118.9998 21.177668
v -585.00116 -1117.9995 21.202013
v -586.00134 -1117.0039 21.24746
v -592.00275 -1115.999 21.177668
v -597.0016 -1121.0026 21.177668
v -487.99954 -1200 19.270582
v -485.99908 -1197.0039 19.131811
v -493.99863 -1181.0002 18.566177
v -591.00024 -1172.0005 16.290659
v -600 -1172.0005 15.650365
v -600 -1174.0055 15.772094
v -581.00024 -1174.0055 17.103807
v -471.99817 -1126.0013 26.389286
v -471.99817 -1134.0032 25.62564
v -464.99884 -1144.001 24.586075
v -454.99884 -1055.0034 39.813545
v -456.74982 -1052.0005 39.813545
v -458.11398 -1050.8538 39.813545
v -458.99976 -1052.9984 39.813545
v -458.99976 -1059.0021 39.813545
v -457.04736 -1062.0714 39.850876
v -470.10757 -1058.1415 22.55077
v -469.08215 -1058.7389 22.55077
v -468.17578 -1059.0868 22.55077
v -463.99863 -1059.0021 22.55077
v -466.99933 -1055.0034 22.55077
v -475.17053 -1053.8384 22.55077
v -472.8977 -1056.0128 22.55077
v -597.0016 -1121.0026 21.177668
v -592.00275 -1115.999 21.177668
v -597.14124 -1109.6979 21.281544
v -597.0016 -1121.0026 21.177668
v -597.14124 -1109.6979 21.281544
v -597.9583 -1109.4873 21.344841
v -600 -1110 21.329422
v -600 -1113.0007 21.329422
v -600 -1114.001 21.329422
v -600 -1117.9995 21.329422
v -481.00024 -1126.0013 25.456842
v -473.99863 -1120 26.60434
v -476.99933 -1118.9998 26.309757
v -481.00024 -1117.9995 25.783888
v -461.99817 -1086.9993 26.948427
v -466.15472 -1085.6558 26.43392
v -468.99976 -1086.0037 26.133656
v -466.99933 -1088.9998 26.4185
v -458.99976 -1091.0026 27.333092
v -458.9975 -1088.1711 27.301441
v -580 -1117.0039 21.177668
v -584.0009 -1117.0039 21.177668
v -584.0009 -1117.9995 21.177668
v -580 -1131.0002 21.177668
v -600 -1140.0023 21.329422
v -600 -1141.0002 21.329422
v -600 -1142.0005 21.329422
v -600 -1144.001 21.329422
v -595.00116 -1145.0011 21.329422
v -589.0021 -1143.0052 21.177668
v -542.0005 -1186.0013 17.57368
v -540 -1183.0029 17.707582
v -539.0021 -1176.0013 17.800909
v -546.00134 -1183.0029 17.568
v -557.995 -1068.9998 21.17929
v -564.0009 -1068.0042 21.329422
v -564.9142 -1069.1669 21.329422
v -565.0675 -1069.9382 21.329422
v -565.2506 -1071.4648 21.329422
v -557.98584 -1073.9987 21.177668
v -491.00024 -1113.0007 24.504925
v -494.99884 -1123.0007 23.090433
v -486.99933 -1117.9995 24.70618
v -494.99884 -1123.0007 23.090433
v -498.99976 -1127.0016 21.890186
v -496.99933 -1128.9998 22.25943
v -491.16272 -1130.8354 23.448317
v -491.13757 -1129.7047 23.56193
v -527.9995 -1104.9989 21.259632
v -524.0009 -1102.0005 21.29615
v -543.003 -1101.0002 21.434921
v -453.99863 -1096.0013 27.541653
v -458.99976 -1095.0011 27.11398
v -454.99884 -1108.0018 27.821629
v -457.05194 -1060.9568 22.55077
v -450.99792 -1064.001 22.55077
v -451.48776 -1053.637 22.55077
v -521.0025 -1135.0034 19.268959
v -514.0009 -1134.0032 19.807812
v -518.99976 -1126.0013 20.20059
v -468.99976 -1062.9984 28.131632
v -469.38885 -1064.9279 28.131632
v -468.38177 -1066.0906 28.131632
v -463.99863 -1068.0042 28.131632
v -465.19342 -1057.3358 28.10323
v -575.7061 -1080.2976 21.329422
v -592.00275 -1086.9993 21.329422
v -573.0007 -1083.0007 21.329422
v -459.74823 -1079.7483 22.549957
v -460 -1074.9989 22.55077
v -460.99792 -1071.9478 22.55077
v -462.98236 -1071.9043 22.55077
v -464.8501 -1072.1127 22.55077
v -464.99884 -1075.999 22.55077
v -463.46533 -1078.3978 22.55077
v -598.00183 -1073.9987 21.558273
v -598.00183 -1075.999 21.65809
v -582.0005 -1075.999 21.65809
v -582.0005 -1074.9989 21.65809
v -583.003 -1073.9987 21.558273
v -483.99863 -1117.0039 25.307522
v -488.9998 -1123.0007 24.648563
v -481.00024 -1126.0013 25.456842
v -568.99976 -1156.006 21.177668
v -567.9469 -1149.0593 21.23204
v -568.99976 -1148.3704 21.177668
v -572.0005 -1153.0029 21.177668
v -572.0005 -1164.001 21.177668
v -512.00275 -1088.9998 22.08901
v -507.99954 -1087.9995 22.475298
v -515.9991 -1073.9987 21.643482
v -476.99933 -1064.001 22.55077
v -478.9494 -1060.9979 22.55077
v -480.5722 -1060.0023 22.55077
v -483.99863 -1062.9984 22.55077
v -485.99908 -1068.0042 22.549957
v -467.99954 -1060.0023 39.813545
v -472.9984 -1056.9993 39.813545
v -475.9968 -1058.819 39.828964
v -476.90778 -1060.0939 39.81517
v -472.9984 -1064.001 39.660168
v -475.99908 -1055.0034 28.131632
v -480 -1050.0046 28.132442
v -482.00046 -1050 28.131632
v -482.9984 -1050 28.131632
v -483.99863 -1050.0046 28.131632
v -481.00024 -1055.0034 28.131632
v -478.1689 -1058.4207 28.138124
v -477.11145 -1057.9058 28.143805
v -502.00046 -1073.0029 22.283777
v -505.99908 -1073.0029 22.028147
v -501.00024 -1075.5001 22.368176
v -500 -1075.999 22.447704
v -494.99884 -1077.0016 22.867264
v -492.00046 -1074.358 23.1302
v -494.77454 -1073.0579 22.88674
v -464.99884 -1075.999 22.55077
v -464.8501 -1072.1127 22.55077
v -465.79996 -1070.7507 22.55077
v -468.99976 -1066.9993 22.55077
v -471.1673 -1065.7405 22.55077
v -471.62967 -1066.3196 22.55077
v -471.00024 -1071.0002 22.55077
v -513.0007 -1117.0039 21.449528
v -515.9991 -1115.999 21.145206
v -515.9991 -1117.0039 21.068111
v -514.0009 -1121.0026 20.894445
v -512.00275 -1122.0027 21.172798
v -504.99884 -1124.9989 21.658901
v -510.84918 -1117.9995 21.641861
v -600 -1140.0023 21.329422
v -597.0016 -1121.0026 21.177668
v -600 -1117.9995 21.329422
v -600 -1133.0007 21.329422
v -453.99863 -1066.9993 28.134878
v -454.873 -1066.8757 28.133255
v -456.99933 -1066.9993 27.977444
v -459.99084 -1070.3319 28.10891
v -457.99954 -1071.9982 28.134878
v -453.99863 -1073.0029 28.139748
v -452.9984 -1071.9982 28.139748
v -451.99817 -1070 28.139748
v -451.99817 -1068.9998 28.138935
v -524.99884 -1055.999 21.478745
v -524.99884 -1056.9993 21.46657
v -523.50195 -1060.0023 21.430052
v -522.0005 -1057.9995 21.504713
v -519.9771 -1054.8936 21.593168
v -520.1053 -1053.8933 21.605341
v -520.49896 -1052.9984 21.611023
v -520.92926 -1052.1401 21.61427
v -524.0009 -1050.0046 21.61589
v -524.99884 -1050.0046 21.611023
v -524.99884 -1055.0034 21.571257
v -457.05194 -1060.9568 22.55077
v -458.8144 -1063.0487 22.55077
v -457.99954 -1064.001 22.55077
v -456.99933 -1065.0011 22.55077
v -455.85947 -1065.9785 22.55077
v -451.99817 -1068.9288 22.55077
v -451.02313 -1067.9767 22.567
v -450.5196 -1067.4182 22.575115
v -450.99792 -1064.001 22.55077
v -526.9993 -1190 18.722801
v -532.0005 -1189.0021 18.53534
v -533.0007 -1190 18.342197
v -533.0007 -1191.0002 18.218845
v -532.0005 -1192.005 18.183949
v -530.0023 -1192.8839 18.122272
v -526.9993 -1194.001 18.183949
v -524.0009 -1195.0011 18.185572
v -523.1998 -1191.3665 18.710629
v -524.3351 -1190.8538 18.748772
v -600 -1109.0021 30.023298
v -600 -1140.0023 30.1361
v -600 -1142.0005 30.007881
v -599.0524 -1141.9501 29.779842
v -599.0021 -1141.0002 29.767666
v -599.0021 -1109.0021 29.755493
v -532.0005 -1055.0034 21.638615
v -539.0021 -1050.0046 21.649164
v -528.99976 -1066.9993 21.534739
v -466.99933 -1050.0046 51.475983
v -462.9984 -1060.0023 51.475983
v -460.75763 -1062.3895 51.475983
v -460.04807 -1061.9501 51.475983
v -459.5102 -1061.5496 51.467056
v -460 -1055.999 51.475983
v -463.99863 -1170.0023 22.277285
v -461.99817 -1170.0023 22.478544
v -458.99976 -1167.9995 22.954908
v -458.99976 -1155.0011 23.881672
v -578.00415 -1122.0027 21.378115
v -578.00415 -1114.0627 21.378115
v -578.00415 -1111.0002 21.378115
v -580 -1117.0039 21.177668
v -580 -1131.0002 21.177668
v -578.00415 -1132.0005 21.378115
v -500 -1135.999 20.596615
v -502.00046 -1145.0011 18.719557
v -495.99908 -1151.0002 20.13161
v -587.0039 -1055.999 32.376724
v -586.89404 -1060.7897 32.377533
v -586.7613 -1061.9684 32.377533
v -585.00116 -1062.9984 32.377533
v -577.0016 -1060.9979 32.377533
v -481.23596 -1057.4274 51.475983
v -477.97665 -1058.3795 51.475983
v -476.99933 -1057.9995 51.475983
v -474.8615 -1055.1041 51.475983
v -481.00024 -1050.0046 51.47679
v -482.00046 -1053.9987 51.475983
v -482.00046 -1056.9283 51.475983
v -497.99954 -1100 23.467793
v -501.00024 -1102.0005 23.058784
v -500 -1103.0029 23.178078
v -496.99933 -1104.0032 23.518108
v -493.99863 -1104.9989 23.857327
v -485.99908 -1104.0032 24.866053
v -466.99933 -1055.0034 22.55077
v -463.99863 -1059.0021 22.55077
v -459.93134 -1063.0602 22.55077
v -458.99976 -1061.9982 22.55077
v -457.8233 -1060.2517 22.55077
v -460.99792 -1055.999 22.55077
v -462.66193 -1054.3809 22.55077
v -512.00275 -1122.0027 21.172798
v -514.0009 -1124.001 20.781643
v -511.00024 -1130.0046 20.483812
v -504.99884 -1124.9989 21.658901
v -466.99933 -1050.0046 51.475983
v -468.99976 -1053.9987 51.475983
v -466.99933 -1061.9982 51.475983
v -462.9984 -1060.0023 51.475983
v -575.00116 -1066.9993 33.851265
v -575.00116 -1071.0002 33.851265
v -566.00134 -1071.0002 33.851265
v -566.00134 -1066.9993 33.851265
v -454.99884 -1184.0032 21.30589
v -460.99792 -1188.0018 21.442225
v -454.99884 -1196.0037 21.10463
v -550 -1194.001 17.277475
v -542.0005 -1190 17.239332
v -546.00134 -1183.0029 17.568
v -527.9995 -1087.9995 21.438978
v -524.0009 -1102.0005 21.29615
v -520 -1097.9995 21.588299
v -593.0007 -1097.9995 21.177668
v -596.2623 -1102.8702 21.303453
v -593.0007 -1108.0018 21.278297
v -589.0021 -1112.005 21.177668
v -471.99817 -1134.0032 25.62564
v -471.99817 -1126.0013 26.389286
v -481.00024 -1126.0013 25.456842
v -508.99976 -1114.001 22.170975
v -505.99908 -1117.0039 22.318672
v -503.99863 -1110 22.968704
v -513.2387 -1108.3429 22.002178
v -479.23782 -1080.705 24.822231
v -482.00046 -1081.0048 24.453796
v -481.00024 -1085.5001 24.659924
v -478.99976 -1086.5004 24.939901
v -476.99933 -1086.9993 25.199589
v -474.99884 -1086.0037 25.424381
v -472.98236 -1083.2388 25.62564
v -473.79263 -1082.8726 25.525011
v -581.00024 -1174.0055 17.103807
v -572.02563 -1174.2252 17.675934
v -571.0666 -1174.1886 17.735176
v -568.99976 -1172.0005 17.856903
v -574.00323 -1169.9794 17.66863
v -577.9881 -1169.8489 17.378916
v -482.00046 -1110 25.404905
v -485.99908 -1111.0002 24.973986
v -485.99908 -1114.001 25.052704
v -482.9984 -1114.9989 25.392733
v -481.00024 -1114.9989 25.63132
v -475.99908 -1114.001 26.202635
v -476.99933 -1112.005 26.002188
v -477.99954 -1111.4991 25.876402
v -481.00024 -1110 25.506346
v -566.00134 -1059.0021 32.112976
v -564.1016 -1063.4287 30.824276
v -563.2021 -1062.639 30.27
v -563.0007 -1061.9982 30.160446
v -563.0007 -1056.9993 30.160446
v -564.0009 -1050.0046 30.615713
v -566.00134 -1051.0002 32.112976
v -534.0032 -1173.0007 18.199368
v -527.9995 -1177.0016 18.416857
v -523.0007 -1177.0016 18.57835
v -534.0032 -1167.9995 18.319473
v -461.99817 -1093.9987 26.820206
v -462.9984 -1092.9984 26.712273
v -466.99933 -1093.9987 26.425804
v -454.99884 -1108.0018 27.821629
v -483.99863 -1200 19.385006
v -482.9984 -1200 19.415033
v -476.99933 -1200 19.532705
v -473.99863 -1200 19.604118
v -474.99884 -1197.0039 19.515663
v -485.99908 -1197.0039 19.131811
v -487.99954 -1200 19.270582
v -484.99884 -1200 19.31197
v -587.0039 -1192.005 16.63637
v -593.534 -1192.1584 16.06262
v -592.00275 -1195.0011 16.12024
v -585.00116 -1200 16.580374
v -584.0009 -1200 16.672888
v -584.0009 -1199.0021 16.715899
v -485.99908 -1197.0039 19.131811
v -474.99884 -1197.0039 19.515663
v -476.99933 -1190 19.145607
v -505.99908 -1188.0018 18.925684
v -505.99908 -1200 18.975185
v -504.99884 -1200 19.006025
v -503.99863 -1200 19.021442
v -502.00046 -1200 19.033617
v -500 -1200 19.065266
v -500 -1199.0021 19.042543
v -558.99976 -1093.9987 21.177668
v -557.0016 -1090.0023 21.142773
v -557.9995 -1086.0037 21.169552
v -565.0034 -1075.999 21.329422
v -460.99792 -1150 24.094292
v -457.99954 -1135.0034 26.553215
v -464.99884 -1144.001 24.586075
v -504.99884 -1124.9989 21.658901
v -507.99954 -1136.9993 19.491318
v -502.00046 -1139.0021 19.395557
v -498.99976 -1127.0016 21.890186
v -504.99884 -1124.9989 21.658901
v -502.00046 -1139.0021 19.395557
v -594.0009 -1077.0016 21.329422
v -600 -1075.999 21.329422
v -600 -1078.0018 21.329422
v -598.00183 -1081.0048 21.329422
v -592.00275 -1086.9993 21.329422
v -563.0007 -1055.0034 21.258009
v -557.7798 -1060.0481 21.203636
v -557.4227 -1059.6475 21.198767
v -557.1687 -1058.9517 21.191463
v -557.2259 -1056.0471 21.191463
v -557.84845 -1051.9844 21.196333
v -560 -1050.0046 21.236908
v -563.0007 -1050.0046 21.191463
v -471.99817 -1062.9984 51.475983
v -470 -1065.0011 51.475983
v -465.8961 -1066.2028 51.475983
v -465.5207 -1065.6055 51.475983
v -466.99933 -1061.9982 51.475983
v -473.4539 -1054.7356 51.475983
v -473.99863 -1056.9993 51.475983
v -482.00046 -1170.0023 20.127552
v -487.99954 -1158.0018 20.6096
v -491.00024 -1165.0034 18.821808
v -546.00134 -1128.9998 19.866241
v -535.00116 -1136.9993 19.555428
v -533.0007 -1131.0002 20.034227
v -483.99863 -1176.0013 18.829111
v -481.12152 -1174.8776 19.61467
v -481.1147 -1173.9574 19.738022
v -482.00046 -1170.0023 20.127552
v -491.00024 -1165.0034 18.821808
v -560.15106 -1135.8525 21.378115
v -559.8993 -1134.017 21.378115
v -561.90204 -1129.8582 21.331045
v -563.0007 -1132.0005 21.378115
v -566.00134 -1144.001 21.378115
v -561.8036 -1141.9822 21.378115
v -524.0009 -1111.0002 21.02997
v -524.99884 -1104.0032 21.223114
v -527.9995 -1104.9989 21.259632
v -531.00024 -1115.999 20.96099
v -578.00415 -1122.0027 21.378115
v -578.00415 -1132.0005 21.378115
v -575.00116 -1128.9998 21.177668
v -575.00116 -1114.9989 21.177668
v -576.8254 -1114.9897 21.36026
v -511.02997 -1136.9696 19.651188
v -521.0025 -1135.0034 19.268959
v -507.99954 -1146.0013 18.590523
v -450 -1115.999 28.305298
v -450 -1114.001 28.299618
v -450 -1099.0044 27.785923
v -454.99884 -1108.0018 27.821629
v -527.9995 -1122.0027 20.5885
v -521.0025 -1118.9998 20.666407
v -523.0007 -1114.9989 20.882273
v -531.00024 -1115.999 20.96099
v -464.99884 -1144.001 24.586075
v -457.99954 -1135.0034 26.553215
v -464.99884 -1132.0005 26.721199
v -563.0007 -1055.0034 21.258009
v -565.0034 -1060.9979 21.329422
v -565.008 -1065.999 21.329422
v -564.87524 -1068.1323 21.329422
v -564.0009 -1068.0042 21.329422
v -558.99976 -1061.9982 21.209316
v -464.99884 -1132.0005 26.721199
v -471.99817 -1126.0013 26.389286
v -464.99884 -1144.001 24.586075
v -531.989 -1193.1792 17.415434
v -533.07166 -1192.8679 17.417057
v -533.0007 -1198.0018 17.22716
v -530.0023 -1200 17.25394
v -524.0009 -1200 17.401638
v -525.77246 -1195.5482 17.533106
v -526.9993 -1195.0011 17.479546
v -517.9995 -1171.0026 18.385208
v -503.99863 -1172.0005 19.00927
v -514.99884 -1165.0034 18.72118
v -523.0007 -1077.0016 21.555027
v -515.9991 -1073.9987 21.643482
v -528.99976 -1066.9993 21.534739
v -589.0021 -1112.005 21.177668
v -579.0021 -1099.0593 21.186594
v -582.0005 -1093.9987 21.177668
v -492.00046 -1139.0021 22.472052
v -491.00024 -1143.0052 22.080894
v -484.99884 -1143.0052 23.08313
v -489.76425 -1131.1765 23.690964
v -531.00024 -1156.006 18.858326
v -532.5017 -1156.5004 18.816938
v -533.0007 -1157.0016 18.806389
v -530.0023 -1160 18.623796
v -512.00275 -1152.0027 18.347065
v -474.99884 -1092.0005 25.606976
v -480 -1090.0023 24.945581
v -476.99933 -1109.0021 25.978653
v -502.00046 -1145.0011 18.719557
v -502.00046 -1139.0021 19.395557
v -507.99954 -1136.9993 19.491318
v -507.99954 -1146.0013 18.590523
v -464.99884 -1146.0013 24.638824
v -471.00024 -1152.0027 23.387451
v -458.99976 -1155.0011 23.881672
v -482.00046 -1055.0034 39.813545
v -475.99908 -1055.0034 39.813545
v -474.99884 -1052.9984 39.813545
v -477.99954 -1050.0046 39.81517
v -480 -1050 39.81517
v -481.00024 -1050 39.81517
v -482.00046 -1050 39.81517
v -482.9984 -1050 39.814354
v -486.99933 -1050.0046 39.813545
v -486.0975 -1052.2843 39.81111
v -484.74707 -1053.3372 39.798126
v -514.99884 -1165.0034 18.72118
v -506.99933 -1161.0048 18.427406
v -512.00275 -1152.0027 18.347065
v -543.003 -1112.005 20.961802
v -546.00134 -1108.0018 20.962612
v -546.9993 -1108.0018 20.946383
v -546.9993 -1109.0021 20.8912
v -546.9993 -1115.999 20.454597
v -546.00134 -1128.9998 19.866241
v -471.99817 -1126.0013 26.389286
v -467.99954 -1122.0027 27.028769
v -471.00024 -1120 26.84293
v -473.99863 -1120 26.60434
v -481.00024 -1126.0013 25.456842
v -514.0009 -1053.9987 22.076027
v -514.99884 -1057.9995 22.07846
v -505.99908 -1064.001 22.365742
v -504.14282 -1063.5844 22.433098
v -504.0444 -1063.2067 22.438778
v -506.99933 -1057.9995 22.352757
v -505.99908 -1188.0018 18.925684
v -493.99863 -1181.0002 18.566177
v -511.00024 -1183.0029 18.915945
v -521.0025 -1064.001 21.334291
v -528.99976 -1066.9993 21.534739
v -515.9991 -1073.9987 21.643482
v -568.99976 -1117.0039 21.244213
v -564.0009 -1115.999 21.177668
v -563.0007 -1111.0002 21.177668
v -575.00116 -1111.0002 21.177668
v -536.9993 -1148.9998 18.978432
v -536.9993 -1145.0011 19.122885
v -548.99976 -1142.0005 19.127754
v -536.9993 -1153.0029 18.783667
v -599.0021 -1152.0027 29.259653
v -592.00275 -1155.0011 29.259653
v -592.00275 -1146.9993 29.259653
v -600 -1146.9993 29.259653
v -600 -1148.0042 29.258842
v -600 -1148.9998 29.259653
v -500 -1135.999 20.596615
v -496.99933 -1139.0021 21.113556
v -493.99863 -1141.0002 21.707594
v -492.9984 -1141.0002 21.981077
v -492.00046 -1139.0021 22.472052
v -491.16272 -1130.8354 23.448317
v -460.99792 -1150 24.094292
v -458.99976 -1155.0011 23.881672
v -453.99863 -1146.9993 24.904194
v -451.99817 -1137.9995 25.92915
v -514.0009 -1134.0032 19.807812
v -510.97504 -1135.8091 19.793205
v -510.89264 -1135.04 19.890587
v -511.00024 -1130.0046 20.483812
v -514.0009 -1124.001 20.781643
v -518.99976 -1126.0013 20.20059
v -580 -1056.9993 29.802563
v -580 -1065.999 29.802563
v -568.99976 -1065.999 29.802563
v -503.99863 -1172.0005 19.00927
v -506.99933 -1161.0048 18.427406
v -514.99884 -1165.0034 18.72118
v -483.99863 -1176.0013 18.829111
v -476.99933 -1190 19.145607
v -476.99933 -1184.0032 19.61467
v -476.99933 -1176.0013 20.273628
v -451.99817 -1137.9995 25.92915
v -457.99954 -1135.0034 26.553215
v -460.99792 -1150 24.094292
v -456.74982 -1052.0005 28.131632
v -458.11398 -1050.8538 28.131632
v -463.65985 -1055.999 28.131632
v -460 -1059.0021 28.131632
v -454.99884 -1060.9979 28.131632
v -454.99884 -1055.0034 28.131632
v -467.99954 -1060.0023 39.813545
v -469.4026 -1064.9462 39.813545
v -468.31082 -1066.0518 39.813545
v -462.9984 -1066.9993 39.813545
v -456.99933 -1063.7491 39.79326
v -458.34058 -1062.9984 39.813545
v -450 -1187.0062 21.839062
v -450 -1176.0013 22.244013
v -450 -1167.0016 22.772316
v -454.99884 -1184.0032 21.30589
v -467.99954 -1050.0046 22.55077
v -470 -1050 22.549147
v -476.99933 -1050.0046 22.55077
v -476.19592 -1053.1266 22.55077
v -475.17053 -1053.8384 22.55077
v -466.99933 -1055.0034 22.55077
v -462.66193 -1054.3809 22.55077
v -465.99908 -1051.2794 22.55077
v -466.82538 -1050.7118 22.55077
v -504.99884 -1124.9989 21.658901
v -494.99884 -1123.0007 23.090433
v -494.99884 -1113.0007 24.166515
v -548.99976 -1142.0005 19.127754
v -536.9993 -1145.0011 19.122885
v -535.9991 -1141.0002 19.299797
v -535.00116 -1136.9993 19.555428
v -584.0009 -1135.0034 21.177668
v -600 -1140.0023 21.329422
v -589.0021 -1143.0052 21.177668
v -576.00134 -1052.0005 15.278687
v -580 -1052.9984 15.278687
v -584.0009 -1057.9995 15.278687
v -572.0005 -1060.0023 15.278687
v -514.99884 -1165.0034 18.72118
v -534.0032 -1167.9995 18.319473
v -517.9995 -1171.0026 18.385208
v -501.07117 -1061.5953 22.525612
v -498.7457 -1063.1517 22.55077
v -497.99954 -1050.0046 22.55077
v -500 -1050 22.549147
v -501.00024 -1050.0046 22.55077
v -503.99863 -1052.0005 22.629488
v -502.00046 -1060.0023 22.536161
v -457.99954 -1135.0034 26.553215
v -454.99884 -1127.0016 27.299816
v -460.99792 -1126.0013 27.43372
v -464.99884 -1132.0005 26.721199
v -583.003 -1068.938 32.37835
v -577.0016 -1065.0011 32.37835
v -574.00323 -1062.9984 32.37835
v -577.0016 -1060.9979 32.377533
v -585.00116 -1062.9984 32.377533
v -586.775 -1064.0879 32.377533
v -586.78644 -1064.9714 32.377533
v -584.0009 -1068.9495 32.37835
v -568.99976 -1117.0039 21.244213
v -575.00116 -1111.0002 21.177668
v -575.00116 -1114.9989 21.177668
v -575.00116 -1128.9998 21.177668
v -512.00275 -1152.0027 18.347065
v -530.0023 -1150 19.023066
v -531.00024 -1156.006 18.858326
v -528.99976 -1066.9993 21.534739
v -521.0025 -1064.001 21.334291
v -524.0009 -1060.9979 21.376492
v -532.0005 -1055.0034 21.638615
v -523.0007 -1177.0016 18.57835
v -517.9995 -1171.0026 18.385208
v -534.0032 -1167.9995 18.319473
v -454.99884 -1184.0032 21.30589
v -454.99884 -1196.0037 21.10463
v -450 -1198.0018 21.664583
v -450 -1191.0002 21.75872
v -450 -1187.0062 21.839062
v -554.0009 -1065.0011 21.495785
v -553.0007 -1066.9993 21.486048
v -550 -1071.0002 21.433298
v -548.00183 -1071.9982 21.393534
v -548.00183 -1071.0002 21.404083
v -548.00183 -1064.001 21.47712
v -548.99976 -1061.9982 21.499844
v -550 -1060.0023 21.516886
v -554.0009 -1056.9993 21.539608
v -554.0009 -1060.9979 21.51364
v -554.0009 -1061.9982 21.509583
v -515.9991 -1050.0046 22.005424
v -514.0009 -1053.9987 22.076027
v -506.99933 -1057.9995 22.352757
v -503.99863 -1052.0005 22.629488
v -506.99933 -1050.0046 22.55077
v -511.00024 -1050 22.334904
v -471.00024 -1152.0027 23.387451
v -464.99884 -1144.001 24.586075
v -471.99817 -1134.0032 25.62564
v -593.0007 -1097.9995 21.177668
v -582.0005 -1093.9987 21.177668
v -592.00275 -1086.9993 21.329422
v -572.0005 -1153.0029 21.177668
v -579.0021 -1142.0005 21.177668
v -589.0021 -1143.0052 21.177668
v -458.99976 -1155.0011 23.881672
v -450 -1164.001 22.930563
v -450 -1154.001 23.815937
v -450 -1151.0002 24.039919
v -471.00024 -1186.0013 20.343418
v -473.9414 -1186.0724 19.943336
v -473.95285 -1186.5759 19.927917
v -470 -1195.0011 20.19004
v -460.99792 -1188.0018 21.442225
v -513.0007 -1188.0018 19.049847
v -513.49963 -1188.5009 19.044167
v -513.9116 -1189.0936 19.04092
v -514.09937 -1190.1075 19.007648
v -514.1909 -1190.5951 18.984924
v -513.0007 -1192.005 19.048223
v -505.99908 -1200 18.975185
v -505.99908 -1188.0018 18.925684
v -454.99884 -1184.0032 21.30589
v -458.99976 -1167.9995 22.954908
v -460 -1175.0011 22.380348
v -460.99792 -1188.0018 21.442225
v -580 -1131.0002 21.177668
v -584.0009 -1117.9995 21.177668
v -587.0039 -1118.9998 21.177668
v -584.0009 -1135.0034 21.177668
v -460.99792 -1126.0013 27.43372
v -463.99863 -1123.0007 27.31686
v -467.99954 -1122.0027 27.028769
v -471.99817 -1126.0013 26.389286
v -464.99884 -1132.0005 26.721199
v -574.00323 -1137.9995 21.177668
v -568.99976 -1148.3704 21.177668
v -567.79126 -1147.29 21.20039
v -566.00134 -1144.001 21.378115
v -575.00116 -1128.9998 21.177668
v -507.99954 -1146.0013 18.590523
v -521.0025 -1135.0034 19.268959
v -512.00275 -1152.0027 18.347065
v -541.00024 -1163.0007 18.188818
v -539.0021 -1163.0007 18.229395
v -535.9991 -1155.0011 18.717934
v -550 -1156.006 18.48746
v -597.0016 -1188.0018 15.869477
v -587.0039 -1192.005 16.63637
v -599.0021 -1177.0016 15.815105
v -600 -1176.0013 15.735576
v -600 -1177.0016 15.723403
v -600 -1180 15.735576
v -544.0009 -1066.9993 21.48199
v -546.9993 -1064.001 21.355392
v -546.9993 -1073.0029 21.240154
v -546.9993 -1078.0018 21.181725
v -546.9993 -1083.0007 21.163872
v -546.00134 -1088.9998 21.221489
v -544.0009 -1084.9989 21.318062
v -535.9991 -1084.9989 21.36594
v -544.0009 -1084.9989 21.318062
v -543.003 -1101.0002 21.434921
v -560 -1100 21.177668
v -557.203 -1100.7622 21.155756
v -556.1776 -1100.824 21.14115
v -556.00366 -1100 21.13628
v -555.9991 -1097.9995 21.135468
v -558.99976 -1093.9987 21.177668
v -575.00116 -1095.0011 21.177668
v -484.99884 -1143.0052 23.08313
v -481.00024 -1126.0013 25.456842
v -489.76425 -1131.1765 23.690964
v -480 -1090.0023 24.945581
v -487.99954 -1086.9993 23.883295
v -485.99908 -1104.0032 24.866053
v -543.003 -1101.0002 21.434921
v -543.003 -1112.005 20.961802
v -531.00024 -1115.999 20.96099
v -482.00046 -1170.0023 20.127552
v -473.02814 -1171.973 21.116802
v -472.90912 -1170.7004 21.250706
v -474.99884 -1167.9995 21.254763
v -487.99954 -1158.0018 20.6096
v -572.0005 -1153.0029 21.177668
v -589.0021 -1143.0052 21.177668
v -587.0039 -1152.0027 21.177668
v -579.0021 -1137.9995 21.177668
v -579.0021 -1132.0005 21.177668
v -580 -1131.0002 21.177668
v -584.0009 -1135.0034 21.177668
v -589.0021 -1143.0052 21.177668
v -579.0021 -1142.0005 21.177668
v -491.00024 -1055.0034 22.549957
v -491.00024 -1064.001 22.55077
v -485.99908 -1068.0042 22.549957
v -483.99863 -1062.9984 22.55077
v -486.7979 -1054.5823 22.55077
v -487.80728 -1054.1245 22.55077
v -557.0016 -1171.0026 17.855282
v -561.0025 -1179.0044 17.637793
v -546.00134 -1183.0029 17.568
v -587.0039 -1192.005 16.63637
v -580 -1191.0002 17.150877
v -573.0007 -1182.0005 17.808212
v -574.00323 -1177.0016 17.62075
v -460.99792 -1188.0018 21.442225
v -470 -1195.0011 20.19004
v -456.99933 -1200 21.530682
v -496.99933 -1091.0026 23.224335
v -500 -1092.0005 23.006847
v -497.99954 -1100 23.467793
v -485.99908 -1104.0032 24.866053
v -495.99908 -1151.0002 20.13161
v -498.99976 -1154.001 18.832357
v -491.00024 -1165.0034 18.821808
v -487.99954 -1158.0018 20.6096
v -514.99884 -1165.0034 18.72118
v -530.0023 -1160 18.623796
v -534.0032 -1167.9995 18.319473
v -485.99908 -1068.0042 22.549957
v -478.99976 -1073.0029 22.55077
v -471.00024 -1071.0002 22.55077
v -476.99933 -1064.001 22.55077
v -572.0005 -1153.0029 21.177668
v -568.99976 -1148.3704 21.177668
v -574.00323 -1137.9995 21.177668
v -576.00134 -1138.7389 21.177668
v -579.0021 -1142.0005 21.177668
v -500 -1111.0002 23.497818
v -503.99863 -1110 22.968704
v -504.99884 -1124.9989 21.658901
v -494.99884 -1113.0007 24.166515
v -544.0009 -1084.9989 21.318062
v -535.9991 -1084.9989 21.36594
v -544.0009 -1066.9993 21.48199
v -506.99933 -1161.0048 18.427406
v -491.00024 -1165.0034 18.821808
v -498.99976 -1154.001 18.832357
v -458.99976 -1155.0011 23.881672
v -458.99976 -1167.9995 22.954908
v -450 -1167.0016 22.772316
v -450 -1165.0034 22.86483
v -450 -1164.001 22.930563
v -493.99863 -1181.0002 18.566177
v -483.99863 -1176.0013 18.829111
v -491.00024 -1165.0034 18.821808
v -542.0005 -1174.0055 17.96078
v -557.0016 -1171.0026 17.855282
v -546.00134 -1183.0029 17.568
v -528.99976 -1146.0013 19.173199
v -530.0023 -1150 19.023066
v -512.00275 -1152.0027 18.347065
v -527.9995 -1142.0005 19.340374
v -450 -1167.0016 22.772316
v -458.99976 -1167.9995 22.954908
v -454.99884 -1184.0032 21.30589
v -543.003 -1101.0002 21.434921
v -527.9995 -1087.9995 21.438978
v -535.9991 -1084.9989 21.36594
v -517.0016 -1097.9995 21.76927
v -512.00275 -1088.9998 22.08901
v -527.9995 -1087.9995 21.438978
v -574.00323 -1177.0016 17.62075
v -584.0009 -1177.0016 16.879827
v -587.0039 -1192.005 16.63637
v -584.0009 -1065.0011 15.278687
v -580 -1068.9998 15.278687
v -572.0005 -1060.0023 15.278687
v -584.0009 -1057.9995 15.278687
v -506.99933 -1097.9995 22.591345
v -506.99933 -1101.0002 22.62624
v -505.99908 -1101.5015 22.734175
v -503.99863 -1102.0005 22.932186
v -501.00024 -1102.0005 23.058784
v -497.99954 -1100 23.467793
v -500 -1092.0005 23.006847
v -503.99863 -1090.0023 22.596214
v -563.0007 -1132.0005 21.378115
v -575.00116 -1128.9998 21.177668
v -566.00134 -1144.001 21.378115
v -507.99954 -1087.9995 22.475298
v -504.99884 -1073.9987 21.92346
v -515.9991 -1073.9987 21.643482
v -471.00024 -1175.0011 21.078661
v -474.99884 -1180 20.240355
v -471.00024 -1186.0013 20.343418
v -460.99792 -1188.0018 21.442225
v -485.99908 -1104.0032 24.866053
v -476.99933 -1109.0021 25.978653
v -480 -1090.0023 24.945581
v -581.00024 -1075.999 21.329422
v -586.0243 -1076.8551 21.329422
v -592.00275 -1086.9993 21.329422
v -575.7061 -1080.2976 21.329422
v -577.0016 -1078.1941 21.329422
v -506.99933 -1097.9995 22.591345
v -503.99863 -1090.0023 22.596214
v -512.00275 -1088.9998 22.08901
v -517.0016 -1097.9995 21.76927
v -513.0007 -1192.005 19.048223
v -516.2005 -1191.6022 18.748772
v -520.087 -1193.8452 18.159603
v -518.99976 -1200 17.835804
v -514.99884 -1200 18.170153
v -506.99933 -1200 18.830734
v -505.99908 -1200 18.975185
v -566.00134 -1050.0046 29.802563
v -573.0007 -1050.0046 29.802563
v -568.99976 -1065.999 29.802563
v -566.00134 -1065.999 29.802563
v -496.99933 -1091.0026 23.224335
v -485.99908 -1104.0032 24.866053
v -487.99954 -1086.9993 23.883295
v -564.0009 -1200 16.925272
v -561.0025 -1200 16.968283
v -557.0016 -1200 16.938257
v -551.00024 -1200 16.936634
v -548.00183 -1200 16.898493
v -550 -1194.001 17.277475
v -561.0025 -1194.001 17.304255
v -491.00024 -1165.0034 18.821808
v -506.99933 -1161.0048 18.427406
v -503.99863 -1172.0005 19.00927
v -527.9995 -1087.9995 21.438978
v -515.9991 -1073.9987 21.643482
v -523.0007 -1077.0016 21.555027
v -535.9991 -1084.9989 21.36594
v -469.94965 -1079.7483 22.55077
v -467.2328 -1080.5127 22.55077
v -464.63263 -1079.1256 22.55077
v -464.13138 -1078.3749 22.55077
v -464.99884 -1075.999 22.55077
v -471.00024 -1071.0002 22.55077
v -478.99976 -1073.0029 22.55077
v -477.99954 -1075.999 22.55077
v -475.99908 -1077.0016 22.549957
v -473.99863 -1078.0018 22.55077
v -471.99817 -1078.9998 22.55077
v -587.0039 -1118.9998 21.177668
v -597.0016 -1121.0026 21.177668
v -584.0009 -1135.0034 21.177668
v -576.00134 -1052.0005 15.278687
v -572.0005 -1060.0023 15.278687
v -567.0016 -1065.0011 15.278687
v -567.0016 -1050.0046 15.278687
v -567.9995 -1050 15.278687
v -573.0007 -1050.0046 15.278687
v -548.99976 -1142.0005 19.127754
v -535.00116 -1136.9993 19.555428
v -546.00134 -1128.9998 19.866241
v -470 -1171.0026 21.555027
v -471.00024 -1175.0011 21.078661
v -460.99792 -1188.0018 21.442225
v -462.9984 -1173.0007 22.15799
v -463.99863 -1171.0026 22.188017
v -593.0007 -1160 24.85875
v -593.0007 -1148.0042 24.85875
v -600 -1148.0042 24.85875
v -600 -1160 24.85875
v -593.0007 -1160 21.329422
v -593.0007 -1148.0042 21.329422
v -600 -1148.0042 21.329422
v -600 -1150 21.329422
v -600 -1160 21.329422
v -593.0007 -1097.9995 21.177668
v -589.0021 -1112.005 21.177668
v -582.0005 -1093.9987 21.177668
v -548.00183 -1055.0034 21.388664
v -544.0009 -1066.9993 21.48199
v -539.0021 -1050.0046 21.649164
v -544.0009 -1050.0046 21.600471
v -546.00134 -1050 21.512827
v -548.00183 -1050.0046 21.41788
v -511.00024 -1183.0029 18.915945
v -493.99863 -1181.0002 18.566177
v -503.99863 -1172.0005 19.00927
v -483.99863 -1176.0013 18.829111
v -493.99863 -1181.0002 18.566177
v -476.99933 -1190 19.145607
v -505.99908 -1188.0018 18.925684
v -497.99954 -1198.0018 18.937857
v -493.99863 -1181.0002 18.566177
v -514.0009 -1180 18.806389
v -511.00024 -1183.0029 18.915945
v -503.99863 -1172.0005 19.00927
v -517.9995 -1171.0026 18.385208
v -527.9995 -1104.9989 21.259632
v -543.003 -1101.0002 21.434921
v -531.00024 -1115.999 20.96099
v -535.9991 -1084.9989 21.36594
v -523.0007 -1077.0016 21.555027
v -528.99976 -1066.9993 21.534739
v -500 -1090.0023 23.062841
v -500 -1078.9998 22.377914
v -503.00067 -1074.9989 22.052492
v -504.99884 -1073.9987 21.92346
v -507.99954 -1087.9995 22.475298
v -572.0005 -1153.0029 21.177668
v -587.0039 -1152.0027 21.177668
v -586.00134 -1164.001 21.177668
v -561.0025 -1179.0044 17.637793
v -550 -1194.001 17.277475
v -546.00134 -1183.0029 17.568
v -512.00275 -1152.0027 18.347065
v -521.0025 -1135.0034 19.268959
v -527.9995 -1142.0005 19.340374
v -531.00024 -1115.999 20.96099
v -546.00134 -1128.9998 19.866241
v -532.0005 -1128.9998 20.21114
v -542.0005 -1174.0055 17.96078
v -540 -1167.9995 18.124708
v -541.00024 -1163.0007 18.188818
v -557.0016 -1171.0026 17.855282
v -589.0021 -1112.005 21.177668
v -592.00275 -1115.999 21.177668
v -586.00134 -1115.999 21.177668
v -585.00116 -1115.999 21.177668
v -579.0021 -1110 21.177668
v -579.0021 -1099.0593 21.186594
v -476.99933 -1109.0021 25.978653
v -473.99863 -1109.0021 26.330856
v -466.99933 -1093.9987 26.425804
v -474.99884 -1092.0005 25.606976
v -471.00024 -1152.0027 23.387451
v -474.99884 -1167.9995 21.254763
v -463.99863 -1170.0023 22.277285
v -491.00024 -1165.0034 18.821808
v -503.99863 -1172.0005 19.00927
v -493.99863 -1181.0002 18.566177
v -484.99884 -1143.0052 23.08313
v -471.99817 -1134.0032 25.62564
v -481.00024 -1126.0013 25.456842
v -580 -1050.0046 29.802563
v -580 -1056.9993 29.802563
v -568.99976 -1065.999 29.802563
v -573.0007 -1050.0046 29.802563
v -575.00116 -1095.0011 21.177668
v -558.99976 -1093.9987 21.177668
v -573.0007 -1083.0007 21.329422
v -492.00046 -1081.0048 23.069334
v -493.99863 -1080 22.850222
v -500 -1078.9998 22.377914
v -500 -1090.0023 23.062841
v -487.99954 -1086.9993 23.883295
v -487.99954 -1083.0007 23.565178
v -484.99884 -1143.0052 23.08313
v -491.00024 -1143.0052 22.080894
v -495.99908 -1151.0002 20.13161
v -487.99954 -1158.0018 20.6096
v -497.99954 -1198.0018 18.937857
v -495.99908 -1200 19.047413
v -487.99954 -1200 19.270582
v -493.99863 -1181.0002 18.566177
v -463.99863 -1170.0023 22.277285
v -458.99976 -1155.0011 23.881672
v -471.00024 -1152.0027 23.387451
v -485.99908 -1197.0039 19.131811
v -476.99933 -1190 19.145607
v -493.99863 -1181.0002 18.566177
v -462.9984 -1114.001 27.404505
v -450 -1115.999 28.305298
v -454.99884 -1108.0018 27.821629
v -473.99863 -1109.0021 26.330856
v -541.00024 -1163.0007 18.188818
v -550 -1156.006 18.48746
v -554.0009 -1162.0005 18.156357
v -557.0016 -1171.0026 17.855282
v -575.00116 -1128.9998 21.177668
v -564.0009 -1129.2996 21.177668
v -562.0005 -1127.0016 21.177668
v -560.76447 -1123.9323 21.139526
v -568.99976 -1117.0039 21.244213
v -550 -1156.006 18.48746
v -535.9991 -1155.0011 18.717934
v -536.9993 -1153.0029 18.783667
v -548.99976 -1142.0005 19.127754
v -598.00183 -1081.0048 21.329422
v -600 -1084.9989 21.177668
v -600 -1086.9993 21.177668
v -600 -1096.9993 21.177668
v -593.0007 -1097.9995 21.177668
v -592.00275 -1086.9993 21.329422
v -530.0023 -1160 18.623796
v -514.99884 -1165.0034 18.72118
v -512.00275 -1152.0027 18.347065
v -575.00116 -1101.0002 21.177668
v -558.96545 -1106.9993 21.177668
v -558.7869 -1102.971 21.174421
v -558.7869 -1101.8425 21.172798
v -560 -1100 21.177668
v -575.00116 -1095.0011 21.177668
v -576.2646 -1096.814 21.18497
v -563.0007 -1111.0002 21.177668
v -558.99976 -1108.272 21.177668
v -558.96545 -1106.9993 21.177668
v -575.00116 -1101.0002 21.177668
v -575.00116 -1111.0002 21.177668
v -531.00024 -1115.999 20.96099
v -543.003 -1112.005 20.961802
v -546.00134 -1128.9998 19.866241
v -561.0025 -1179.0044 17.637793
v -563.0007 -1182.0005 17.546902
v -564.0009 -1187.0062 17.411377
v -561.0025 -1194.001 17.304255
v -550 -1194.001 17.277475
v -506.99933 -1161.0048 18.427406
v -498.99976 -1154.001 18.832357
v -502.00046 -1145.0011 18.719557
v -512.00275 -1152.0027 18.347065
v -565.0034 -1075.999 21.329422
v -571.00024 -1077.0016 21.329422
v -573.0007 -1083.0007 21.329422
v -558.99976 -1093.9987 21.177668
v -573.0007 -1083.0007 21.329422
v -592.00275 -1086.9993 21.329422
v -575.00116 -1095.0011 21.177668
v -572.0005 -1153.0029 21.177668
v -586.00134 -1164.001 21.177668
v -582.0005 -1167.0016 21.177668
v -574.00323 -1167.0016 21.177668
v -572.0005 -1164.001 21.177668
v -587.0039 -1192.005 16.63637
v -584.0009 -1177.0016 16.879827
v -589.0021 -1177.0016 16.53006
v -599.0021 -1177.0016 15.815105
v -491.767 -1067.7546 22.569433
v -491.00024 -1064.001 22.55077
v -491.00024 -1055.0034 22.549957
v -491.71893 -1050.8103 22.55077
v -492.00046 -1050.0046 22.55077
v -492.9984 -1050 22.549147
v -494.99884 -1050 22.548334
v -495.99908 -1050 22.548334
v -496.99933 -1050 22.548334
v -497.99954 -1050.0046 22.55077
v -498.7457 -1063.1517 22.55077
v -577.0016 -1050.0046 32.3751
v -583.003 -1050 32.3751
v -585.00116 -1050 32.3751
v -587.0039 -1050 32.3751
v -593.0007 -1050.0046 32.3751
v -587.0039 -1055.999 32.376724
v -577.0016 -1060.9979 32.377533
v -575.00116 -1057.9995 32.377533
v -527.9995 -1087.9995 21.438978
v -512.00275 -1088.9998 22.08901
v -515.9991 -1073.9987 21.643482
v -484.99884 -1143.0052 23.08313
v -487.99954 -1158.0018 20.6096
v -471.00024 -1152.0027 23.387451
v -484.99884 -1143.0052 23.08313
v -471.00024 -1152.0027 23.387451
v -471.99817 -1134.0032 25.62564
v -471.00024 -1152.0027 23.387451
v -487.99954 -1158.0018 20.6096
v -474.99884 -1167.9995 21.254763
v -544.0009 -1066.9993 21.48199
v -528.99976 -1066.9993 21.534739
v -539.0021 -1050.0046 21.649164
v -524.0009 -1102.0005 21.29615
v -527.9995 -1087.9995 21.438978
v -543.003 -1101.0002 21.434921
v -544.0009 -1066.9993 21.48199
v -535.9991 -1084.9989 21.36594
v -528.99976 -1066.9993 21.534739
v -473.99863 -1109.0021 26.330856
v -454.99884 -1108.0018 27.821629
v -466.99933 -1093.9987 26.425804
v -600 -1140.0023 21.329422
v -584.0009 -1135.0034 21.177668
v -597.0016 -1121.0026 21.177668
v -450.54706 -1080.737 26.106064
v -450.46692 -1080.7507 26.106064
v -450.49896 -1080.6455 26.106064
v -598.82355 -1165.436 21.342407
v -598.7068 -1165.3445 21.428429
v -598.7503 -1165.2529 21.40733
v -451.0666 -1079.0913 26.106064
v -450.8446 -1079.0753 26.106064
v -450.99792 -1078.9998 26.106064
v -598.5031 -1163.6416 25.91373
v -598.5031 -1163.5134 25.91373
v -598.5718 -1163.5706 25.91373
v -598.63586 -1163.7034 25.91373
v -598.5489 -1162.6711 21.3278
v -598.5031 -1162.7993 21.329422
v -598.5031 -1162.5796 21.329422
v -598.55347 -1162.385 21.329422
v -451.1032 -1080.1442 68.39386
v -451.31378 -1080.174 68.39386
v -451.062 -1080.2655 68.39386
v -600 -1163.7515 21.329422
v -599.8947 -1163.5614 21.329422
v -600 -1163.502 21.329422
v -599.5102 -1163.5867 21.329422
v -599.18976 -1163.5935 21.329422
v -599.3042 -1163.502 21.329422
v -592.3003 -1165.1064 21.177668
v -592.02106 -1165.0973 21.177668
v -592.24994 -1165.0034 21.177668
v -593.34174 -1163.5889 21.323742
v -593.0327 -1163.6072 21.323742
v -593.23413 -1163.502 21.329422
v -451.2154 -1079.1462 26.106064
v -451.0666 -1079.0913 26.106064
v -451.16504 -1079.034 26.106064
v -451.2932 -1079.0089 26.106064
v -598.5603 -1163.3142 21.325365
v -598.4848 -1163.4768 21.329422
v -598.4962 -1163.2662 21.329422
v -598.5855 -1163.0557 21.3278
v -450.9453 -1078.9998 64.84181
v -450.8423 -1078.9174 64.84181
v -451.03687 -1078.954 64.84181
v -451.16962 -1079.089 64.84181
v -591.886 -1163.1106 24.85875
v -591.5633 -1163.0991 24.85875
v -591.751 -1163.0007 24.85875
v -450.8446 -1079.0753 26.106064
v -450.43262 -1079.0936 26.106064
v -450.74847 -1078.9998 26.106064
v -450 -1079.5033 26.106064
v -450.09842 -1079.4003 26.106064
v -450.09842 -1079.5033 26.106064
v -450 -1079.7483 26.106064
v -452.54062 -1080.0892 64.84181
v -452.49942 -1079.9977 64.84181
v -452.70544 -1080.0435 64.84181
v -452.72375 -1080.1511 64.84181
v -598.75256 -1164.0513 21.3067
v -598.96313 -1164.2161 21.288847
v -598.91736 -1164.3442 21.29128
v -451.2497 -1079.2493 64.84181
v -451.16962 -1079.089 64.84181
v -451.31378 -1079.1737 64.84181
v -451.45343 -1079.295 64.84181
v -593.7377 -1164.667 24.65749
v -594.06274 -1164.651 24.574715
v -593.8979 -1164.7517 24.665606
v -591.751 -1164.2527 21.177668
v -591.83795 -1164.1428 21.209316
v -591.8517 -1164.2527 21.177668
v -591.751 -1164.5022 21.177668
v -598.5489 -1163.5958 21.325365
v -598.439 -1163.6782 21.329422
v -598.4848 -1163.4768 21.329422
v -598.5603 -1163.3142 21.325365
v -599.144 -1163.502 21.329422
v -599.18976 -1163.5935 21.329422
v -599.0021 -1163.6416 21.329422
v -599.0021 -1163.502 21.329422
v -452.49942 -1080.7484 68.4604
v -452.49942 -1080.8766 68.4604
v -452.3987 -1080.8491 68.4604
v -452.35522 -1080.6272 68.45067
v -592.36896 -1163.55 21.326988
v -591.9684 -1163.6508 21.323742
v -592.16986 -1163.502 21.329422
v -451.81277 -1080.7233 64.84181
v -451.7487 -1080.8606 64.84181
v -451.7487 -1080.6226 64.84181
v -451.90433 -1080.4258 64.84181
v -451.4992 -1082.25 64.84181
v -451.52667 -1082.3965 64.84181
v -451.3733 -1082.3782 64.84181
v -451.21997 -1082.3416 64.84181
v -593.3143 -1164.6693 24.760555
v -593.7377 -1164.667 24.65749
v -593.6507 -1164.7517 24.742699
v -598.7068 -1165.3445 21.428429
v -598.3017 -1165.3468 21.71003
v -598.5031 -1165.2529 21.576126
v -593.2387 -1165.079 21.177668
v -593.04877 -1165.1316 21.177668
v -593.1426 -1165.0034 21.177668
v -593.5042 -1165.0034 21.177668
v -451.32294 -1078.8556 26.106064
v -451.2932 -1079.0089 26.106064
v -451.16504 -1079.034 26.106064
v -451.2497 -1078.7526 26.106064
v -593.5042 -1163.502 21.329422
v -593.7514 -1163.502 21.329422
v -593.6049 -1163.6965 21.323742
v -593.19293 -1164.6189 24.779219
v -593.3143 -1164.6693 24.760555
v -593.2502 -1164.7517 24.809246
v -593.0007 -1164.7517 24.809246
v -450.74847 -1079.2493 68.31433
v -450.71185 -1079.1005 68.32326
v -450.85144 -1079.1279 68.328125
v -451.05743 -1079.1943 68.3476
v -450.6958 -1081.1512 64.84181
v -451.08948 -1081.0048 64.84181
v -450.8377 -1081.2314 64.84181
v -451.96155 -1081.2977 64.84181
v -451.7487 -1081.2498 64.84181
v -451.86084 -1081.0231 64.84181
v -593.756 -1163.2273 24.85469
v -593.51337 -1163.1036 24.855503
v -593.7514 -1163.0007 24.85875
v -598.5237 -1163.9163 21.318872
v -598.2948 -1163.9185 21.329422
v -598.439 -1163.6782 21.329422
v -450 -1078.4985 64.84181
v -450.09842 -1078.716 64.84181
v -450.09842 -1078.7732 64.84181
v -450 -1078.9998 64.84181
v -593.57745 -1165.1912 21.177668
v -593.2387 -1165.079 21.177668
v -593.5042 -1165.0034 21.177668
v -450.91785 -1080.3525 26.106064
v -451.17877 -1079.8215 26.106064
v -450.89264 -1080.6294 26.106064
v -592.8496 -1165.8297 21.177668
v -592.7535 -1166.0037 21.177668
v -592.7535 -1165.7496 21.177668
v -592.8107 -1165.4543 21.177668
v -592.813 -1163.9644 21.2856
v -592.9274 -1164.1543 21.217432
v -592.8725 -1164.2527 21.177668
v -592.7535 -1164.2527 21.177668
v -451.41907 -1079.5468 68.383316
v -451.7235 -1079.5765 68.3898
v -451.4992 -1079.7483 68.39386
v -452.1332 -1081.4008 64.84181
v -452.37125 -1081.4465 64.84181
v -452.2774 -1081.5427 64.84181
v -451.99817 -1081.4991 64.84181
v -450.49896 -1078.4985 26.106064
v -450.74847 -1078.6495 26.106064
v -450.49896 -1078.7526 26.106064
v -593.0854 -1164.5022 24.7849
v -592.7535 -1164.5022 24.809246
v -593.04645 -1164.3099 24.794638
v -595.5642 -1164.3123 21.177668
v -596.31494 -1164.0994 21.271805
v -596.00366 -1164.2527 21.177668
v -452.49942 -1079.9977 64.84181
v -452.54062 -1080.0892 64.84181
v -452.29114 -1080.119 64.84181
v -452.26138 -1079.9427 64.84181
v -593.5042 -1163.0007 24.85875
v -593.51337 -1163.1036 24.855503
v -593.2502 -1163.1494 24.857124
v -593.2502 -1163.0007 24.85875
v -598.5031 -1162.7993 21.329422
v -598.5489 -1162.6711 21.3278
v -598.5718 -1162.8564 21.3278
v -598.5855 -1163.0557 21.3278
v -598.4962 -1163.2662 21.329422
v -592.16986 -1163.502 21.329422
v -591.9684 -1163.6508 21.323742
v -592.00275 -1163.502 21.329422
v -592.24994 -1163.2501 21.329422
v -591.181 -1163.0007 24.85875
v -591.0552 -1163.1289 24.85875
v -591.00024 -1163.0007 24.85875
v -591.252 -1162.7512 24.85875
v -451.7487 -1080.8606 64.84181
v -451.81277 -1080.7233 64.84181
v -451.86084 -1081.0231 64.84181
v -451.7487 -1081.2498 64.84181
v -450.69122 -1081.5815 26.394966
v -450.87665 -1081.6205 26.394966
v -450.74847 -1081.7487 26.394966
v -450.49896 -1081.7487 26.394966
v -595.24603 -1161.9478 21.329422
v -595.4864 -1161.9135 21.329422
v -595.2529 -1162.25 21.329422
v -451.2154 -1079.1462 26.106064
v -451.2932 -1079.0089 26.106064
v -451.31836 -1079.1279 26.106064
v -451.27258 -1079.2767 26.106064
v -451.10095 -1079.7047 26.106064
v -450.49896 -1078.9998 64.84181
v -450.36853 -1078.8876 64.84181
v -450.61798 -1078.899 64.84181
v -450.8423 -1078.9174 64.84181
v -450.74847 -1078.9998 64.84181
v -451.68002 -1079.8398 64.84181
v -451.92722 -1079.8948 64.84181
v -451.7487 -1080 64.84181
v -451.4992 -1080 64.84181
v -593.4401 -1165.8137 21.177668
v -593.2502 -1166.0037 21.177668
v -593.2753 -1165.8206 21.177668
v -593.64386 -1165.5161 21.177668
v -592.5017 -1165.2552 21.177668
v -592.4537 -1165.3628 21.177668
v -592.3003 -1165.1064 21.177668
v -592.5017 -1165.0034 21.177668
v -599.0021 -1165.6741 21.20607
v -599.25385 -1165.5001 21.177668
v -599.0021 -1165.8206 21.177668
v -598.82355 -1166.0037 21.177668
v -598.9082 -1165.7748 21.212563
v -597.8096 -1165.3445 22.043566
v -598.00183 -1165.2529 21.913721
v -598.25134 -1165.2529 21.744925
v -598.3017 -1165.3468 21.71003
v -450.49896 -1078.9998 64.84181
v -450.74847 -1078.9998 64.84181
v -450.74847 -1079.2493 65.05281
v -598.41156 -1162.971 24.85875
v -598.5214 -1163.1289 24.85875
v -598.542 -1163.2318 24.85875
v -598.249 -1163.2113 24.85875
v -452.37582 -1081.648 64.84181
v -452.3621 -1081.7487 64.84181
v -452.24994 -1082.0005 64.84181
v -452.24994 -1081.7487 64.84181
v -452.2774 -1081.5427 64.84181
v -452.37125 -1081.4465 64.84181
v -593.6049 -1163.6965 21.323742
v -593.7514 -1163.502 21.329422
v -593.7514 -1163.7515 21.329422
v -593.5912 -1163.9963 21.266935
v -592.8016 -1163.7949 21.329422
v -592.89996 -1163.605 21.329422
v -593.0007 -1163.502 21.329422
v -593.0327 -1163.6072 21.323742
v -592.813 -1163.9644 21.2856
v -591.43054 -1163.0007 24.85875
v -591.5633 -1163.0991 24.85875
v -591.0552 -1163.1289 24.85875
v -591.181 -1163.0007 24.85875
v -599.5743 -1163.502 21.329422
v -599.5102 -1163.5867 21.329422
v -599.3042 -1163.502 21.329422
v -599.50104 -1163.2501 21.329422
v -450.2426 -1080.1442 26.106064
v -450.2884 -1080.2174 26.106064
v -450.19455 -1080.254 26.106064
v -450 -1080.254 26.106064
v -450 -1080 26.106064
v -592.7535 -1164.5022 21.177668
v -592.7535 -1164.2527 21.177668
v -592.8725 -1164.2527 21.177668
v -593.0007 -1164.5022 21.177668
v -593.6507 -1164.7517 24.742699
v -593.7377 -1164.667 24.65749
v -593.8979 -1164.7517 24.665606
v -593.7514 -1165.0034 24.784088
v -598.5901 -1162.4148 24.85875
v -598.5031 -1162.4606 24.85875
v -598.5031 -1162.2866 24.85875
v -598.5031 -1162.1584 24.85875
v -598.5031 -1162.0005 24.85875
v -598.63354 -1162.0005 24.85875
v -452.0302 -1080.1991 64.84181
v -452.06912 -1080 64.84181
v -452.15152 -1079.9153 64.84181
v -452.26138 -1079.9427 64.84181
v -452.29114 -1080.119 64.84181
v -452.30487 -1082.1675 64.84181
v -452.24078 -1082.5132 64.84181
v -452.1744 -1082.4331 64.84181
v -452.24994 -1082.0005 64.84181
v -452.3621 -1081.7487 64.84181
v -599.25385 -1163.2501 21.329422
v -599.144 -1163.502 21.329422
v -599.0021 -1163.502 21.329422
v -599.0021 -1163.2501 21.329422
v -591.8334 -1165.3994 21.177668
v -591.89514 -1165.1064 21.177668
v -592.00275 -1165.0034 21.177668
v -592.02106 -1165.0973 21.177668
v -591.81274 -1165.7015 21.177668
v -450.09842 -1078.7732 64.84181
v -450.36853 -1078.8876 64.84181
v -450.24948 -1078.9998 64.84181
v -450 -1078.9998 64.84181
v -450.74847 -1080.8491 26.106064
v -450.54706 -1080.737 26.106064
v -450.49896 -1080.6455 26.106064
v -450.74847 -1080.499 26.106064
v -450.56995 -1080.3639 64.84181
v -450.24948 -1080.3159 64.84181
v -450.24948 -1080 64.83127
v -598.7503 -1165.2529 21.40733
v -598.9197 -1164.5205 21.313192
v -598.82355 -1165.436 21.342407
v -593.07623 -1163.1747 24.85875
v -593.2502 -1162.7512 24.85875
v -593.2502 -1163.0007 24.85875
v -593.2502 -1163.1494 24.857124
v -592.99384 -1163.3921 24.840084
v -594.8913 -1164.7517 24.014761
v -594.786 -1164.6327 24.088612
v -595.2529 -1164.612 23.772116
v -595.1087 -1164.7517 23.867874
v -452.1767 -1079.643 68.39386
v -452.06912 -1079.7483 68.39386
v -451.7487 -1079.7483 68.39386
v -451.7235 -1079.5765 68.3898
v -598.75256 -1164.0513 21.3067
v -598.5237 -1163.9163 21.318872
v -598.439 -1163.6782 21.329422
v -598.5489 -1163.5958 21.325365
v -452.24765 -1079.6864 68.39386
v -452.45364 -1079.7413 68.39386
v -452.24994 -1080.254 68.39386
v -593.0007 -1166.0037 21.177668
v -592.7535 -1166.0037 21.177668
v -592.8496 -1165.8297 21.177668
v -593.2753 -1165.8206 21.177668
v -452.83362 -1080.6111 68.41658
v -453.0556 -1080.5951 68.40765
v -452.65735 -1080.8331 68.44661
v -452.49942 -1080.8766 68.4604
v -452.49942 -1080.7484 68.4604
v -591.8105 -1163.8613 21.314816
v -591.90204 -1163.605 21.329422
v -592.00275 -1163.502 21.329422
v -591.9684 -1163.6508 21.323742
v -591.83795 -1164.1428 21.209316
v -591.751 -1164.2527 21.177668
v -598.249 -1163.2113 24.85875
v -597.9858 -1163.2021 24.85875
v -598.25134 -1162.7512 24.85875
v -593.0854 -1164.5022 24.7849
v -593.19293 -1164.6189 24.779219
v -593.0007 -1164.7517 24.809246
v -592.7535 -1164.5022 24.809246
v -592.4537 -1165.3628 21.177668
v -592.5017 -1165.5001 21.177668
v -592.2225 -1165.7839 21.177668
v -592.02563 -1165.8389 21.177668
v -593.7514 -1163.502 21.329422
v -594.2504 -1163.2501 21.329422
v -593.7514 -1163.7515 21.329422
v -452.1744 -1082.4331 64.84181
v -451.99817 -1082.4583 64.84181
v -451.99817 -1082.25 64.84181
v -452.24994 -1082.0005 64.84181
v -596.7544 -1165.2529 22.757708
v -596.81165 -1165.3513 22.717133
v -596.31494 -1165.3651 23.053915
v -596.25085 -1165.2529 23.095303
v -450.89264 -1080.6294 26.106064
v -450.84918 -1080.7484 26.106064
v -450.74847 -1080.8491 26.106064
v -450.74847 -1080.499 26.106064
v -450.8263 -1080.2838 26.106064
v -450.89264 -1080.254 26.106064
v -450.91785 -1080.3525 26.106064
v -595.8572 -1165.3994 23.363106
v -596.00366 -1165.198 23.264912
v -596.25085 -1165.2529 23.095303
v -596.31494 -1165.3651 23.053915
v -471.37103 -1194.6235 20.023678
v -470 -1195.0011 20.19004
v -471.4832 -1194.4954 20.009071
v -450.99792 -1079.5033 68.31433
v -451.1742 -1079.2721 68.36059
v -451.27032 -1079.4735 68.36627
v -451.2497 -1079.7483 68.39386
v -451.52667 -1082.3965 64.84181
v -451.7487 -1082.25 64.84181
v -451.99817 -1082.25 64.84181
v -451.99817 -1082.4583 64.84181
v -591.751 -1164.2527 21.177668
v -591.50146 -1163.7515 21.329422
v -591.8105 -1163.8613 21.314816
v -598.5031 -1162.4606 24.85875
v -598.5901 -1162.4148 24.85875
v -598.55115 -1162.8931 24.85875
v -598.5214 -1163.1289 24.85875
v -598.41156 -1162.971 24.85875
v -451.2497 -1078.7526 26.106064
v -451.16504 -1079.034 26.106064
v -451.0666 -1079.0913 26.106064
v -450.99792 -1078.9998 26.106064
v -451.01398 -1078.6908 26.106064
v -593.2502 -1164.7517 24.809246
v -593.3143 -1164.6693 24.760555
v -593.6507 -1164.7517 24.742699
v -593.7514 -1165.0034 24.784088
v -593.0007 -1164.5022 21.177668
v -592.8725 -1164.2527 21.177668
v -592.9274 -1164.1543 21.217432
v -593.0419 -1164.2367 21.186594
v -593.2502 -1164.7517 21.177668
v -592.7535 -1165.7496 21.177668
v -592.2225 -1165.7839 21.177668
v -592.5017 -1165.5001 21.177668
v -451.05743 -1079.1943 68.3476
v -451.15814 -1079.192 68.36546
v -451.1742 -1079.2721 68.36059
v -450.99792 -1079.5033 68.31433
v -450.74847 -1079.2493 68.31433
v -450.24948 -1080.3159 64.84181
v -450 -1080.499 64.84181
v -450 -1080.254 64.84181
v -450.24948 -1080 64.83127
v -593.2502 -1164.7517 21.177668
v -593.1426 -1165.0034 21.177668
v -593.04877 -1165.1316 21.177668
v -592.8107 -1165.4543 21.177668
v -592.8267 -1165.1797 21.177668
v -451.53354 -1079.7345 64.84181
v -451.68002 -1079.8398 64.84181
v -451.4992 -1080 64.84181
v -451.05286 -1080.4188 64.84181
v -599.76196 -1164.0283 21.31157
v -600 -1164.001 21.329422
v -600 -1164.2527 21.177668
v -599.59717 -1164.1611 21.238533
v -595.2529 -1165.2529 23.770493
v -594.75165 -1165.2529 24.108898
v -595.00116 -1165.0034 23.93929
v -450.21286 -1081.4512 26.394966
v -450.46924 -1081.4991 26.394966
v -450 -1082.0005 26.394966
v -591.50146 -1163.7515 21.329422
v -591.751 -1163.502 21.329422
v -591.90204 -1163.605 21.329422
v -591.8105 -1163.8613 21.314816
v -452.0302 -1080.1991 64.84181
v -451.17188 -1080.6089 64.84181
v -452.06912 -1080 64.84181
v -452.49942 -1080.7484 68.4604
v -452.35522 -1080.6272 68.45067
v -452.29114 -1080.4441 68.42876
v -452.49942 -1080.499 68.4604
v -452.83362 -1080.6111 68.41658
v -451.10095 -1079.7047 26.106064
v -451.27258 -1079.2767 26.106064
v -451.17877 -1079.8215 26.106064
v -450.91785 -1080.3525 26.106064
v -450.89264 -1080.254 26.106064
v -598.25134 -1162.0005 24.85875
v -598.5031 -1162.0005 24.85875
v -598.5031 -1162.1584 24.85875
v -598.25134 -1162.4994 24.85875
v -591.50146 -1165.2529 21.177668
v -591.751 -1165.0034 21.177668
v -591.89514 -1165.1064 21.177668
v -591.8334 -1165.3994 21.177668
v -451.45343 -1079.295 64.84181
v -451.4809 -1079.5605 64.84181
v -451.2497 -1079.7483 64.84181
v -451.2497 -1079.2493 64.84181
v -450.74847 -1079.2493 65.05281
v -450.74847 -1078.9998 64.84181
v -450.8423 -1078.9174 64.84181
v -450.9453 -1078.9998 64.84181
v -450.99792 -1079.2493 64.84181
v -450.09842 -1079.4003 26.106064
v -450 -1079.5033 26.106064
v -450 -1078.9998 26.106064
v -450.24948 -1078.7526 26.106064
v -598.6885 -1166.0037 21.212563
v -598.9082 -1165.7748 21.212563
v -598.82355 -1166.0037 21.177668
v -598.00183 -1167.0016 21.177668
v -453.2662 -1079.9314 68.39386
v -453.31427 -1080.6089 68.40279
v -453.0556 -1080.5951 68.40765
v -450 -1081.2498 26.394966
v -450.1648 -1081.3344 26.394966
v -450.21286 -1081.4512 26.394966
v -450 -1082.0005 26.394966
v -567.9995 -1174.0055 17.830935
v -568.954 -1174.6006 17.84473
v -568.5008 -1174.4999 17.83905
v -599.31335 -1162.0005 24.85875
v -599.1211 -1162.0966 24.85875
v -599.1806 -1161.9661 24.85875
v -600 -1161.0048 24.85875
v -599.31335 -1162.0005 21.329422
v -599.1211 -1162.0966 21.329422
v -599.1806 -1161.9661 21.329422
v -600 -1161.0048 21.329422
v -592.24536 -1164.0902 21.236908
v -592.36896 -1163.55 21.326988
v -592.4788 -1163.7262 21.314816
v -592.4239 -1164.081 21.282354
v -592.24994 -1164.2527 21.177668
v -593.57745 -1165.1912 21.177668
v -594.2504 -1165.7496 21.177668
v -593.64386 -1165.5161 21.177668
v -593.0419 -1164.2367 21.186594
v -592.9274 -1164.1543 21.217432
v -593.5912 -1163.9963 21.266935
v -593.5683 -1164.1909 21.217432
v -450.18997 -1079.73 26.106064
v -450.2426 -1080.1442 26.106064
v -450 -1080 26.106064
v -450 -1079.7483 26.106064
v -450.09842 -1079.5033 26.106064
v -451.98215 -1080.3273 68.40523
v -451.73953 -1080.2289 68.39386
v -451.99817 -1080 68.39386
v -452.24994 -1080.254 68.39386
v -452.16068 -1080.3525 68.41171
v -452.24994 -1082.0005 64.84181
v -451.99817 -1082.25 64.84181
v -451.7487 -1082.25 64.84181
v -452.24994 -1081.7487 64.84181
v -451.01398 -1078.6908 26.106064
v -450.99792 -1078.9998 26.106064
v -450.8446 -1079.0753 26.106064
v -450.74847 -1078.9998 26.106064
v -450.74847 -1078.6495 26.106064
v -450.84918 -1078.6495 26.106064
v -450.74847 -1078.9998 26.106064
v -450.43262 -1079.0936 26.106064
v -450.49896 -1078.7526 26.106064
v -450.74847 -1078.6495 26.106064
v -452.0302 -1080.1991 64.84181
v -452.29114 -1080.119 64.84181
v -451.90433 -1080.4258 64.84181
v -451.17188 -1080.6089 64.84181
v -598.5031 -1162.0188 21.329422
v -598.57635 -1162.0691 21.329422
v -598.55347 -1162.385 21.329422
v -598.5031 -1162.5796 21.329422
v -598.25134 -1162.0005 21.329422
v -451.99817 -1080 68.39386
v -452.06912 -1079.7483 68.39386
v -452.1767 -1079.643 68.39386
v -452.24765 -1079.6864 68.39386
v -452.24994 -1080.254 68.39386
v -450.8263 -1080.2838 26.106064
v -450.74847 -1080.499 26.106064
v -450.49896 -1080.6455 26.106064
v -450.40283 -1080.2838 26.106064
v -594.786 -1164.6327 24.088612
v -594.8913 -1164.7517 24.014761
v -594.1474 -1164.7517 24.517097
v -594.06274 -1164.651 24.574715
v -597.9583 -1109.4873 21.344841
v -597.14124 -1109.6979 21.281544
v -597.6791 -1109.35 21.440601
v -593.23413 -1163.502 21.329422
v -593.0327 -1163.6072 21.323742
v -593.0007 -1163.502 21.329422
v -593.0007 -1162.7512 21.329422
v -593.7514 -1164.001 21.329422
v -593.5683 -1164.1909 21.217432
v -593.5912 -1163.9963 21.266935
v -593.7514 -1163.7515 21.329422
v -594.2504 -1163.2501 21.329422
v -452.06912 -1079.7483 68.39386
v -451.99817 -1080 68.39386
v -451.73953 -1080.2289 68.39386
v -451.7487 -1079.7483 68.39386
v -450 -1080.7484 26.106064
v -450 -1080.499 26.106064
v -450 -1080.254 26.106064
v -450.19455 -1080.254 26.106064
v -450.1854 -1080.8469 26.106064
v -593.0007 -1163.502 21.329422
v -592.89996 -1163.605 21.329422
v -592.7535 -1163.502 21.329422
v -593.0007 -1162.7512 21.329422
v -595.00116 -1165.0034 23.93929
v -595.1087 -1164.7517 23.867874
v -595.2529 -1164.612 23.772116
v -595.2529 -1164.7517 23.772116
v -595.2529 -1165.2529 23.770493
v -450.99792 -1079.2493 64.84181
v -450.9453 -1078.9998 64.84181
v -451.16962 -1079.089 64.84181
v -451.2497 -1079.2493 64.84181
v -451.2497 -1079.7483 64.84181
v -450.46924 -1081.4991 26.394966
v -450.73016 -1081.4442 26.394966
v -450.69122 -1081.5815 26.394966
v -450.49896 -1081.7487 26.394966
v -450 -1082.0005 26.394966
v -598.5031 -1162.4606 24.85875
v -598.41156 -1162.971 24.85875
v -598.249 -1163.2113 24.85875
v -598.25134 -1162.7512 24.85875
v -598.5031 -1162.2866 24.85875
v -598.25134 -1163.0007 21.329422
v -597.8027 -1163.9437 21.3278
v -597.5624 -1163.9529 21.325365
v -596.81165 -1165.3513 22.717133
v -596.7544 -1165.2529 22.757708
v -597.2511 -1165.2529 22.419302
v -597.7523 -1165.2529 22.08252
v -597.8096 -1165.3445 22.043566
v -450 -1080.254 68.31433
v -450 -1080 68.31433
v -450 -1079.7483 68.31433
v -450 -1079.5033 68.31433
v -450.30444 -1080.0892 68.31433
v -450.56995 -1081.2498 64.84181
v -450.53558 -1082.1287 64.84181
v -450.27695 -1082.0737 64.84181
v -593.64386 -1165.5161 21.177668
v -594.2504 -1165.7496 21.177668
v -593.4401 -1165.8137 21.177668
v -450.99792 -1079.5033 68.31433
v -451.2497 -1079.7483 68.39386
v -451.31378 -1080.174 68.39386
v -451.1032 -1080.1442 68.39386
v -592.04395 -1163.1357 24.857937
v -591.886 -1163.1106 24.85875
v -591.751 -1163.0007 24.85875
v -591.751 -1162.25 24.85875
v -451.7487 -1079.7483 68.39386
v -451.73953 -1080.2289 68.39386
v -451.55185 -1080.1556 68.39386
v -451.4992 -1079.7483 68.39386
v -451.7235 -1079.5765 68.3898
v -451.2497 -1079.7483 64.84181
v -451.4809 -1079.5605 64.84181
v -451.53354 -1079.7345 64.84181
v -451.05286 -1080.4188 64.84181
v -592.4788 -1163.7262 21.314816
v -592.7535 -1163.502 21.329422
v -592.89996 -1163.605 21.329422
v -592.8016 -1163.7949 21.329422
v -592.4239 -1164.081 21.282354
v -451.7487 -1080 64.84181
v -451.92722 -1079.8948 64.84181
v -452.15152 -1079.9153 64.84181
v -452.06912 -1080 64.84181
v -451.17188 -1080.6089 64.84181
v -517.37695 -1104.8752 21.728693
v -517.9995 -1104.9989 21.682436
v -517.0016 -1104.9989 21.763588
v -515.9991 -1104.9989 21.81796
v -450 -1078.4985 26.106064
v -450.49896 -1078.4985 26.106064
v -450.24948 -1078.7526 26.106064
v -450 -1078.9998 26.106064
v -450 -1082.0005 26.394966
v -450.49896 -1081.7487 26.394966
v -450.74847 -1081.7487 26.394966
v -450.74847 -1082.0005 26.394966
v -598.41614 -1102.8977 24.823853
v -598.3589 -1103.5271 24.787334
v -597.93085 -1103.8109 24.751627
v -592.5017 -1163.502 24.85875
v -593.07623 -1163.1747 24.85875
v -592.99384 -1163.3921 24.840084
v -592.86334 -1163.7445 24.814926
v -591.751 -1164.5022 21.177668
v -591.8517 -1164.2527 21.177668
v -592.00275 -1165.0034 21.177668
v -591.89514 -1165.1064 21.177668
v -591.751 -1165.0034 21.177668
v -450.49896 -1079.2493 68.31433
v -450.71185 -1079.1005 68.32326
v -450.74847 -1079.2493 68.31433
v -450.5196 -1080.1625 68.31433
v -592.5017 -1165.5001 21.177668
v -592.4537 -1165.3628 21.177668
v -592.5017 -1165.2552 21.177668
v -592.8267 -1165.1797 21.177668
v -592.8107 -1165.4543 21.177668
v -592.7535 -1165.7496 21.177668
v -593.5042 -1163.502 21.329422
v -593.6049 -1163.6965 21.323742
v -593.34174 -1163.5889 21.323742
v -593.23413 -1163.502 21.329422
v -593.0007 -1162.7512 21.329422
v -596.2875 -1165.8938 21.177668
v -596.5072 -1165.967 21.177668
v -596.00366 -1167.0016 21.177668
v -592.24994 -1163.0007 24.85875
v -592.20874 -1163.2571 24.853878
v -592.04395 -1163.1357 24.857937
v -591.751 -1162.25 24.85875
v -595.7519 -1164.7494 23.432898
v -595.7473 -1165.3079 23.436954
v -595.56647 -1165.2415 23.558683
v -595.5001 -1164.7494 23.603317
v -599.8947 -1163.5614 21.329422
v -599.5102 -1163.5867 21.329422
v -599.5743 -1163.502 21.329422
v -600 -1163.0007 21.329422
v -600 -1163.502 21.329422
v -591.751 -1163.0007 24.85875
v -591.5633 -1163.0991 24.85875
v -591.43054 -1163.0007 24.85875
v -591.751 -1162.25 24.85875
v -450.49896 -1081.0483 64.84181
v -450.6958 -1081.1512 64.84181
v -450.56995 -1081.2498 64.84181
v -450 -1081.2498 64.84181
v -450 -1081.0048 64.84181
v -596.5072 -1165.967 21.177668
v -596.7544 -1166.0037 21.17929
v -596.00366 -1167.0016 21.177668
v -599.0021 -1165.6741 21.20607
v -598.9082 -1165.7748 21.212563
v -598.82355 -1165.436 21.342407
v -598.9197 -1164.5205 21.313192
v -591.43054 -1163.0007 24.85875
v -591.181 -1163.0007 24.85875
v -591.252 -1162.7512 24.85875
v -591.751 -1162.25 24.85875
v -592.24994 -1165.0034 21.177668
v -592.7535 -1164.2527 21.177668
v -592.7535 -1164.5022 21.177668
v -592.5017 -1165.0034 21.177668
v -592.3003 -1165.1064 21.177668
v -598.00183 -1165.2529 21.913721
v -597.9995 -1164.7219 21.920214
v -598.20325 -1164.7609 21.783066
v -598.25134 -1165.2529 21.744925
v -593.0419 -1164.2367 21.186594
v -593.5683 -1164.1909 21.217432
v -593.2502 -1164.7517 21.177668
v -597.70654 -1104.4792 24.615292
v -597.50055 -1104.9989 24.361282
v -597.50055 -1104.4999 24.695631
v -597.93085 -1103.8109 24.751627
v -592.7535 -1164.2527 21.177668
v -592.24994 -1164.2527 21.177668
v -592.4239 -1164.081 21.282354
v -592.8016 -1163.7949 21.329422
v -592.813 -1163.9644 21.2856
v -451.21082 -1081.7921 26.394966
v -451.2497 -1082.0005 26.394966
v -450.74847 -1082.0005 26.394966
v -450.74847 -1081.7487 26.394966
v -450.87665 -1081.6205 26.394966
v -600 -1104.0032 30.026545
v -600 -1104.9989 30.025734
v -599.72076 -1104.3992 29.95026
v -450.74847 -1079.2493 65.05281
v -450.99792 -1079.2493 64.84181
v -450.24948 -1080 64.83127
v -450.1854 -1080.8469 26.106064
v -450.19455 -1080.254 26.106064
v -450.2884 -1080.2174 26.106064
v -450.40283 -1080.2838 26.106064
v -450.49896 -1080.6455 26.106064
v -450.46692 -1080.7507 26.106064
v -593.0007 -1166.0037 21.177668
v -593.2753 -1165.8206 21.177668
v -593.2502 -1166.0037 21.177668
v -593.0007 -1167.0016 21.177668
v -598.25134 -1162.4994 24.85875
v -597.7523 -1163.193 24.85875
v -598.00183 -1162.25 24.85875
v -451.4992 -1079.7483 68.39386
v -451.55185 -1080.1556 68.39386
v -451.31378 -1080.174 68.39386
v -451.2497 -1079.7483 68.39386
v -451.27032 -1079.4735 68.36627
v -451.41907 -1079.5468 68.383316
v -599.26526 -1104.0032 29.828533
v -600 -1104.0032 30.026545
v -599.72076 -1104.3992 29.95026
v -599.50104 -1163.2501 21.329422
v -599.3042 -1163.502 21.329422
v -599.18976 -1163.5935 21.329422
v -599.144 -1163.502 21.329422
v -599.25385 -1163.2501 21.329422
v -600 -1162.4994 21.329422
v -598.9197 -1164.5205 21.313192
v -598.91736 -1164.3442 21.29128
v -598.96313 -1164.2161 21.288847
v -599.0799 -1164.3076 21.226358
v -599.25385 -1165.5001 21.177668
v -598.9197 -1164.5205 21.313192
v -599.25385 -1165.5001 21.177668
v -599.0021 -1165.6741 21.20607
v -457.3152 -1068.6335 32.07159
v -458.61298 -1070.8263 33.39032
v -457.99954 -1070 32.87094
v -451.4992 -1080 64.84181
v -451.7487 -1080 64.84181
v -451.17188 -1080.6089 64.84181
v -450.98877 -1080.4944 64.84181
v -451.05286 -1080.4188 64.84181
v -595.2529 -1162.25 21.329422
v -595.4864 -1161.9135 21.329422
v -595.7107 -1161.8655 21.329422
v -595.00116 -1163.0007 21.329422
v -593.0007 -1162.25 21.329422
v -593.2502 -1162.0005 21.329422
v -593.5042 -1162.0005 21.329422
v -593.0007 -1162.7512 21.329422
v -575.5825 -1067.187 15.278687
v -574.71277 -1066.8506 15.278687
v -576.00134 -1066.9993 15.278687
v -450.24948 -1078.7526 26.106064
v -450.49896 -1078.4985 26.106064
v -450.49896 -1078.7526 26.106064
v -450.43262 -1079.0936 26.106064
v -450.09842 -1079.4003 26.106064
v -598.25134 -1162.4994 24.85875
v -598.5031 -1162.1584 24.85875
v -598.5031 -1162.2866 24.85875
v -598.25134 -1162.7512 24.85875
v -597.9858 -1163.2021 24.85875
v -597.7523 -1163.193 24.85875
v -453.99863 -1080.254 68.39386
v -453.99863 -1080.7484 68.39386
v -453.74686 -1080.7188 68.39792
v -453.75143 -1080.023 68.39386
v -453.94827 -1080.0526 68.39386
v -520.1236 -1052.9984 21.617514
v -520.49896 -1052.9984 21.611023
v -520.1053 -1053.8933 21.605341
v -595.2529 -1165.2529 23.770493
v -595.2529 -1164.7517 23.772116
v -595.5001 -1164.7494 23.603317
v -595.56647 -1165.2415 23.558683
v -592.36896 -1163.55 21.326988
v -592.16986 -1163.502 21.329422
v -592.24994 -1163.2501 21.329422
v -593.0007 -1162.7512 21.329422
v -597.7523 -1165.2529 22.08252
v -597.7523 -1164.7242 22.085766
v -597.9995 -1164.7219 21.920214
v -598.00183 -1165.2529 21.913721
v -597.8096 -1165.3445 22.043566
v -592.7535 -1163.502 21.329422
v -592.4788 -1163.7262 21.314816
v -592.36896 -1163.55 21.326988
v -593.0007 -1162.7512 21.329422
v -451.17188 -1080.6089 64.84181
v -451.90433 -1080.4258 64.84181
v -451.7487 -1080.6226 64.84181
v -451.08948 -1081.0048 64.84181
v -595.7473 -1165.3079 23.436954
v -595.7519 -1164.7494 23.432898
v -596.00366 -1164.7494 23.265724
v -596.00366 -1165.198 23.264912
v -595.8572 -1165.3994 23.363106
v -475.14075 -1078.0042 22.941113
v -476.55527 -1077.2168 22.627865
v -474.47928 -1078.4321 23.306301
v -600 -1166.0037 21.177668
v -599.0021 -1165.8206 21.177668
v -599.25385 -1165.5001 21.177668
v -474.47928 -1078.4321 23.306301
v -473.9849 -1078.6267 23.335514
v -474.1886 -1078.4161 23.151299
v -475.14075 -1078.0042 22.941113
v -471.61365 -1053.4653 28.133255
v -470 -1053.3555 28.07726
v -470.81482 -1053.1838 28.131632
v -520.11676 -1187.1893 19.642262
v -518.8624 -1187.9469 19.625217
v -520 -1187.0062 19.766424
v -593.7514 -1165.0034 24.784088
v -593.8979 -1164.7517 24.665606
v -594.06274 -1164.651 24.574715
v -594.1474 -1164.7517 24.517097
v -594.0009 -1165.2529 24.615292
v -593.7514 -1165.2529 24.784088
v -595.7107 -1161.8655 21.329422
v -595.87775 -1161.8105 21.329422
v -595.7519 -1162.25 21.329422
v -595.00116 -1163.0007 21.329422
v -600 -1163.0007 21.329422
v -599.5743 -1163.502 21.329422
v -599.50104 -1163.2501 21.329422
v -600 -1162.4994 21.329422
v -592.00275 -1162.7512 21.329422
v -592.24994 -1163.2501 21.329422
v -592.00275 -1163.502 21.329422
v -591.90204 -1163.605 21.329422
v -591.751 -1163.502 21.329422
v -450 -1079.5033 68.31433
v -450 -1078.9998 68.31433
v -450.46234 -1079.034 68.31433
v -450.71185 -1079.1005 68.32326
v -450.49896 -1079.2493 68.31433
v -453.2662 -1079.9314 68.39386
v -452.49942 -1080.499 68.4604
v -452.29114 -1080.4441 68.42876
v -452.16068 -1080.3525 68.41171
v -452.24994 -1080.254 68.39386
v -598.25134 -1162.0005 24.85875
v -598.25134 -1162.4994 24.85875
v -598.00183 -1162.25 24.85875
v -597.8759 -1161.2498 24.85875
v -591.8517 -1164.2527 21.177668
v -591.83795 -1164.1428 21.209316
v -592.24536 -1164.0902 21.236908
v -592.24994 -1164.2527 21.177668
v -592.00275 -1165.0034 21.177668
v -467.68597 -1054.9004 39.898758
v -466.8368 -1055.2689 39.902
v -467.47083 -1054.4999 39.895508
v -598.5855 -1164.7104 21.527435
v -598.5031 -1165.2529 21.576126
v -598.3017 -1165.3468 21.71003
v -598.25134 -1165.2529 21.744925
v -598.20325 -1164.7609 21.783066
v -600 -1103.4996 24.85875
v -599.5582 -1103.9116 24.838459
v -599.4507 -1103.6759 24.831158
v -600 -1103.0029 24.85875
v -466.52322 -1054.7722 39.897133
v -466.05173 -1055.1705 39.859802
v -466.99933 -1053.502 39.813545
v -453.2662 -1079.9314 68.39386
v -453.0556 -1080.5951 68.40765
v -452.83362 -1080.6111 68.41658
v -452.49942 -1080.499 68.4604
v -599.0799 -1164.3076 21.226358
v -598.96313 -1164.2161 21.288847
v -599.2195 -1164.1451 21.266935
v -599.59717 -1164.1611 21.238533
v -600 -1164.2527 21.177668
v -600 -1164.5022 21.177668
v -598.5031 -1165.2529 21.576126
v -598.5855 -1164.7104 21.527435
v -598.9197 -1164.5205 21.313192
v -598.7503 -1165.2529 21.40733
v -598.7068 -1165.3445 21.428429
v -453.2662 -1079.9314 68.39386
v -452.24994 -1080.254 68.39386
v -452.45364 -1079.7413 68.39386
v -467.99954 -1055.999 28.131632
v -466.67657 -1055.8938 28.177889
v -467.03363 -1055.5802 28.229015
v -450.737 -1082.2202 64.84181
v -450.53558 -1082.1287 64.84181
v -450.56995 -1081.2498 64.84181
v -450.6958 -1081.1512 64.84181
v -450.8377 -1081.2314 64.84181
v -598.114 -1166.157 21.20607
v -598.6885 -1166.0037 21.212563
v -598.00183 -1167.0016 21.177668
v -558.407 -1100.7622 21.169552
v -560 -1100 21.177668
v -558.6496 -1100.9476 21.171986
v -453.4905 -1063.0602 28.583652
v -454.99884 -1061.9982 28.131632
v -453.99863 -1062.9984 28.547132
v -598.89905 -1169.3087 16.030972
v -600 -1168.9998 16.017176
v -599.0547 -1169.7094 15.961991
v -562.0005 -1158.0018 18.295128
v -562.0005 -1157.0016 18.338139
v -562.49945 -1158.503 18.274029
v -565.5001 -1169.501 17.890177
v -565.0034 -1168.9998 17.910465
v -565.0034 -1167.9995 17.937244
v -532.5017 -1156.5004 18.816938
v -531.00024 -1156.006 18.858326
v -532.0005 -1156.006 18.826677
v -564.0009 -1166.0037 18.004602
v -564.0009 -1165.0034 18.036251
v -564.4999 -1166.5004 17.985937
v -563.0007 -1161.0048 18.180702
v -563.50195 -1162.4994 18.124708
v -563.0007 -1162.0005 18.144184
v -512.00275 -1069.4988 21.697855
v -510 -1071.0002 21.777386
v -511.00024 -1070 21.735996
v -535.9991 -1196.0037 17.194698
v -535.5001 -1194.5022 17.286402
v -535.9991 -1195.0011 17.25394
v -555.00116 -1127.9995 19.896269
v -555.5001 -1129.501 19.814304
v -555.00116 -1128.9998 19.83865
v -552.00275 -1136.9993 19.367966
v -551.50146 -1135.5001 19.444248
v -552.00275 -1135.999 19.424772
v -454.99884 -1120 28.098358
v -453.99863 -1120 28.1576
v -455.99908 -1119.501 28.030191
v -518.99976 -1106.9993 21.527435
v -518.5031 -1105.5046 21.633745
v -518.99976 -1105.999 21.585052
v -522.0005 -1113.0007 21.148453
v -522.49945 -1112.005 21.174421
v -522.0005 -1114.001 21.096516
v -517.0016 -1114.001 21.244213
v -516.50037 -1114.9989 21.193897
v -517.0016 -1113.0007 21.308323
v -461.99817 -1117.0039 27.591969
v -463.99863 -1116.5004 27.4394
v -462.9984 -1117.0039 27.521364
v -528.99976 -1179.0044 18.463114
v -527.9995 -1179.0044 18.536963
v -527.50287 -1178.5009 18.576727
v -471.00024 -1120 26.84293
v -468.99976 -1120.5012 26.982512
v -470 -1120 26.919212
v -532.0005 -1132.0005 20.124308
v -532.5017 -1133.502 19.976608
v -532.0005 -1133.0007 20.037474
v -512.49945 -1186.5004 19.060396
v -513.0007 -1187.0062 19.054716
v -513.0007 -1188.0018 19.049847
v -542.0005 -1192.005 17.22716
v -542.0005 -1191.0002 17.223913
v -542.49945 -1192.5017 17.180092
v -535.9991 -1182.0005 17.980255
v -537.9995 -1183.0029 17.898293
v -536.5026 -1182.5017 17.949417
v -492.00046 -1112.005 24.391308
v -492.9984 -1111.4991 24.262276
v -491.00024 -1113.0007 24.504925
v -554.0009 -1145.0011 18.94029
v -553.49963 -1143.4996 19.00927
v -554.0009 -1144.001 18.99223
v -557.9995 -1142.0005 19.086365
v -557.9995 -1141.0002 19.138304
v -558.5031 -1142.4994 19.05634
v -472.9984 -1088.9998 25.73682
v -471.00024 -1089.501 25.975407
v -471.99817 -1088.9998 25.850433
v -514.0009 -1100 22.093067
v -513.0007 -1100 22.163671
v -514.99884 -1099.4988 22.027336
v -487.4983 -1114.001 24.842518
v -488.24902 -1113.4996 24.75812
v -486.99933 -1114.9989 24.884716
v -518.99976 -1123.0007 20.551981
v -518.99976 -1122.0027 20.559284
v -519.50104 -1121.0026 20.608788
v -506.99933 -1106.9993 22.605953
v -504.99884 -1107.5006 22.82263
v -505.99908 -1106.9993 22.713074
v -476.99933 -1112.005 26.002188
v -475.99908 -1112.005 26.099571
v -477.99954 -1111.4991 25.876402
v -515.9991 -1099.0044 21.96079
v -514.99884 -1099.4988 22.027336
v -517.0016 -1097.9995 21.76927
v -471.4992 -1068.4985 40.005875
v -471.99817 -1068.9998 40.002632
v -471.99817 -1070 39.784332
v -597.50055 -1107.4296 22.735798
v -597.9354 -1106.9993 23.023077
v -597.9354 -1107.5006 22.688728
v -597.4685 -1107.9286 22.40226
v -451.7487 -1082.25 64.84181
v -451.52667 -1082.3965 64.84181
v -451.4992 -1082.25 64.84181
v -451.99817 -1081.4991 64.84181
v -452.2774 -1081.5427 64.84181
v -452.24994 -1081.7487 64.84181
v -524.4999 -1130.499 20.058573
v -523.0007 -1130.0046 19.87598
v -524.0009 -1130.0046 20.112133
v -597.93085 -1103.8109 24.751627
v -597.50055 -1104.4999 24.695631
v -597.50055 -1104.0032 24.809246
v -598.41614 -1102.8977 24.823853
v -460.1236 -1061.1078 28.233072
v -459.00433 -1061.632 28.22658
v -459.62463 -1060.8514 28.22658
v -594.0009 -1164.2527 21.177668
v -593.5683 -1164.1909 21.217432
v -593.7514 -1164.001 21.329422
v -595.5642 -1164.3123 21.177668
v -458.82123 -1061.2017 28.22171
v -458.52826 -1061.046 28.20467
v -458.99976 -1060.499 28.241188
v -459.49188 -1060.3387 28.224957
v -450 -1091.0026 28.14137
v -450.27695 -1091.371 28.10891
v -450 -1092.9984 28.080505
v -450 -1092.0005 28.126762
v -597.14124 -1109.6979 21.281544
v -595.00116 -1110 21.177668
v -596.66284 -1109.5079 21.29615
v -450 -1078.9998 64.84181
v -450.24948 -1078.9998 64.84181
v -450.24948 -1080 64.83127
v -450 -1080.254 64.84181
v -450.49896 -1079.2493 68.31433
v -450.5196 -1080.1625 68.31433
v -450.30444 -1080.0892 68.31433
v -450 -1079.5033 68.31433
v -451.7487 -1081.2498 64.84181
v -451.96155 -1081.2977 64.84181
v -452.1332 -1081.4008 64.84181
v -451.99817 -1081.4991 64.84181
v -450.737 -1082.2202 64.84181
v -576.5026 -1194.5022 17.25394
v -576.00134 -1193.0007 17.305878
v -576.00134 -1192.005 17.523367
v -576.00134 -1068.3704 15.278687
v -575.5825 -1067.187 15.278687
v -576.00134 -1066.9993 15.278687
v -571.5038 -1182.5017 17.628864
v -571.00024 -1181.0002 17.667007
v -571.00024 -1180 17.87638
v -592.7535 -1164.2527 21.177668
v -592.24994 -1165.0034 21.177668
v -592.02106 -1165.0973 21.177668
v -592.00275 -1165.0034 21.177668
v -592.24994 -1164.2527 21.177668
v -573.49963 -1187.5006 17.468994
v -573.0007 -1186.0013 17.520931
v -573.0007 -1185.0011 17.74897
v -593.5042 -1163.0007 24.85875
v -593.2502 -1163.0007 24.85875
v -593.2502 -1162.7512 24.85875
v -593.875 -1161.2498 24.85875
v -564.9966 -1064.0123 24.989403
v -564.4999 -1064.4999 24.989403
v -564.4999 -1064.001 24.989403
v -565.11786 -1063.2891 24.989403
v -565.1087 -1057.029 24.989403
v -564.4999 -1057.5006 24.989403
v -564.4999 -1056.9993 24.989403
v -565.08124 -1056.5232 24.989403
v -595.5642 -1165.6924 21.177668
v -596.00366 -1165.7496 21.177668
v -595.7519 -1166.0037 21.177668
v -595.5001 -1166.0037 21.177668
v -594.2504 -1165.7496 21.177668
v -597.2511 -1165.2529 22.419302
v -597.2511 -1164.7402 22.422548
v -597.7523 -1164.7242 22.085766
v -597.7523 -1165.2529 22.08252
v -593.7514 -1165.0034 24.784088
v -593.7514 -1165.2529 24.784088
v -593.5042 -1165.2529 24.809246
v -593.0007 -1165.2529 24.809246
v -593.0007 -1164.7517 24.809246
v -593.2502 -1164.7517 24.809246
v -565.0904 -1055.5459 24.989403
v -564.4999 -1055.8182 24.989403
v -564.4999 -1055.4978 24.989403
v -565.4337 -1055.0103 24.989403
v -565.5001 -1055.214 24.989403
v -453.50653 -1080.6821 68.40279
v -453.31427 -1080.6089 68.40279
v -453.2662 -1079.9314 68.39386
v -453.75143 -1080.023 68.39386
v -453.74686 -1080.7188 68.39792
v -597.4685 -1102.5017 21.378115
v -597.19385 -1102.0371 21.378115
v -597.34033 -1102.0005 21.378115
v -598.53973 -1102.3186 21.355392
v -453.80865 -1064.1588 29.12088
v -454.15198 -1064.6166 29.350544
v -453.49966 -1064.4999 29.091667
v -452.9984 -1064.001 28.717552
v -450.24948 -1080 64.83127
v -450.24948 -1078.9998 64.84181
v -450.36853 -1078.8876 64.84181
v -450.49896 -1078.9998 64.84181
v -450.74847 -1079.2493 65.05281
v -451.99817 -1081.4991 64.84181
v -451.4992 -1082.25 64.84181
v -451.21997 -1082.3416 64.84181
v -450.737 -1082.2202 64.84181
v -463.35315 -1071.9799 39.788387
v -463.99863 -1071.9982 39.813545
v -462.9984 -1073.0029 39.813545
v -592.8267 -1165.1797 21.177668
v -592.5017 -1165.2552 21.177668
v -592.5017 -1165.0034 21.177668
v -592.7535 -1164.5022 21.177668
v -593.0007 -1164.5022 21.177668
v -593.2502 -1164.7517 21.177668
v -593.2502 -1164.7517 21.177668
v -593.5683 -1164.1909 21.217432
v -594.0009 -1164.2527 21.177668
v -593.5042 -1165.0034 21.177668
v -593.1426 -1165.0034 21.177668
v -593.138 -1194.8638 16.10969
v -595.00116 -1194.001 16.361261
v -593.9368 -1194.8433 16.126732
v -460.43262 -1073.0029 34.26758
v -459.49872 -1072.4994 34.138546
v -459.96338 -1072.0348 34.228622
v -556.6903 -1080.3159 21.244213
v -557.9995 -1081.0048 21.209316
v -557.0016 -1081.0048 21.176044
v -450.99792 -1079.5033 68.31433
v -451.1032 -1080.1442 68.39386
v -450.74847 -1080.1991 68.31433
v -450.5196 -1080.1625 68.31433
v -450.74847 -1079.2493 68.31433
v -556.1044 -1088.915 21.183348
v -557.0016 -1090.0023 21.142773
v -556.1616 -1089.7643 21.167929
v -593.9895 -1163.2113 24.855503
v -593.756 -1163.2273 24.85469
v -593.7514 -1163.0007 24.85875
v -594.87756 -1161.2498 24.85875
v -595.94415 -1169.6658 16.134035
v -596.82306 -1169.501 16.114557
v -598.1735 -1170.0435 15.891389
v -576.39734 -1135.024 21.367565
v -576.6857 -1135.3398 21.410576
v -576.8322 -1135.9373 21.391098
v -576.82306 -1137.226 21.223114
v -450.56995 -1081.2498 64.84181
v -450.27695 -1082.0737 64.84181
v -450 -1082.25 64.84181
v -450 -1081.2498 64.84181
v -593.7514 -1163.502 21.329422
v -593.5042 -1163.502 21.329422
v -593.0007 -1162.7512 21.329422
v -594.2504 -1163.2501 21.329422
v -464.99884 -1071.9982 28.14137
v -463.5935 -1070.9956 28.08781
v -463.18835 -1070.174 28.095114
v -473.9849 -1078.6267 23.335514
v -474.47928 -1078.4321 23.306301
v -473.68964 -1079.6772 24.499243
v -459.0204 -1071.4374 33.74739
v -459.96338 -1072.0348 34.228622
v -459.49872 -1072.4994 34.138546
v -470.2495 -1067.75 39.691006
v -470.2495 -1067.2534 39.803806
v -470.74847 -1067.2534 39.897133
v -471.00024 -1068.0042 40.008312
v -597.6791 -1109.35 21.440601
v -597.14124 -1109.6979 21.281544
v -597.3083 -1108.9838 21.723824
v -597.853 -1108.6016 21.938879
v -599.4507 -1103.6759 24.831158
v -599.2035 -1103.4905 24.818985
v -599.2378 -1103.0144 24.841705
v -599.4758 -1102.7764 24.853878
v -600 -1103.0029 24.85875
v -578.2078 -1099.0044 21.457644
v -579.0021 -1099.0593 21.186594
v -577.409 -1099.8833 21.369188
v -462.30716 -1054.2344 22.55077
v -462.66193 -1054.3809 22.55077
v -460.99792 -1055.999 22.55077
v -600 -1106.9993 30.024921
v -600 -1108.0018 30.023298
v -599.87866 -1107.9309 29.99165
v -599.26526 -1106.9993 29.82772
v -467.65393 -1054.9302 28.214407
v -467.03363 -1055.5802 28.229015
v -466.84827 -1055.1499 28.22658
v -467.42505 -1054.4358 28.224146
v -600 -1162.0005 30.501287
v -599.4003 -1162.0005 30.549168
v -600 -1161.0048 31.478365
v -596.7567 -1164.0466 21.30102
v -596.31494 -1164.0994 21.271805
v -595.7519 -1162.25 21.329422
v -490 -1128.9998 24.030182
v -491.13757 -1129.7047 23.56193
v -490.3456 -1129.9131 23.697454
v -599.1028 -1161.0048 24.85875
v -600 -1161.0048 24.85875
v -599.1806 -1161.9661 24.85875
v -599.1028 -1161.0048 21.329422
v -600 -1161.0048 21.329422
v -599.1806 -1161.9661 21.329422
v -459.62463 -1060.8514 28.22658
v -459.00433 -1061.632 28.22658
v -458.82123 -1061.2017 28.22171
v -459.49188 -1060.3387 28.224957
v -477.3541 -1060.6317 39.813545
v -477.85764 -1061.1399 39.813545
v -476.99933 -1061.9982 39.813545
v -599.04785 -1103.6919 21.33916
v -598.8144 -1103.2524 21.348087
v -598.9975 -1102.9893 21.34322
v -600 -1102.5017 21.329422
v -592.20874 -1163.2571 24.853878
v -592.24994 -1163.0007 24.85875
v -593.2502 -1162.7512 24.85875
v -593.07623 -1163.1747 24.85875
v -592.5017 -1163.502 24.85875
v -592.3049 -1163.4607 24.848198
v -455.57565 -1057.3838 22.55077
v -455.10413 -1056.8917 22.55077
v -456.99933 -1056.9993 22.55077
v -597.8027 -1163.9437 21.3278
v -598.25134 -1163.0007 21.329422
v -598.5031 -1162.5796 21.329422
v -598.5031 -1162.7993 21.329422
v -598.4962 -1163.2662 21.329422
v -598.4848 -1163.4768 21.329422
v -598.439 -1163.6782 21.329422
v -598.2948 -1163.9185 21.329422
v -564.9142 -1069.1669 21.329422
v -564.0009 -1068.0042 21.329422
v -564.87524 -1068.1323 21.329422
v -462.21103 -1068.8671 39.808678
v -461.68918 -1068.9586 39.813545
v -462.9984 -1066.9993 39.813545
v -566.82764 -1168.1735 17.770071
v -567.3564 -1171.0026 17.88612
v -566.85284 -1170.0023 17.88125
v -593.16547 -1195.6581 16.085342
v -592.00275 -1195.0011 16.12024
v -593.138 -1194.8638 16.10969
v -595.5642 -1165.6924 21.177668
v -594.2504 -1165.7496 21.177668
v -595.5207 -1164.9989 21.177668
v -558.407 -1100.7622 21.169552
v -557.203 -1100.7622 21.155756
v -560 -1100 21.177668
v -599.5582 -1103.9116 24.838459
v -600 -1103.4996 24.85875
v -600 -1104.4999 24.85875
v -599.51935 -1104.921 24.848198
v -599.2378 -1103.0144 24.841705
v -599.2035 -1103.4905 24.818985
v -598.3589 -1103.5271 24.787334
v -598.41614 -1102.8977 24.823853
v -593.5042 -1162.0005 21.329422
v -594.7494 -1161.9822 21.329422
v -593.0007 -1162.7512 21.329422
v -509.88785 -1136.672 19.713675
v -507.99954 -1136.9993 19.491318
v -509.66354 -1136.2234 19.76967
v -592.24994 -1165.2529 24.809246
v -592.24994 -1164.7517 24.81168
v -592.7535 -1164.5022 24.809246
v -593.0007 -1164.7517 24.809246
v -593.0007 -1165.2529 24.809246
v -456.99933 -1063.7491 28.11053
v -456.60333 -1063.7491 28.11053
v -457.15497 -1063.1952 28.134878
v -458.77087 -1062.0714 28.212784
v -521.0025 -1188.0018 19.24299
v -520.11676 -1187.1893 19.642262
v -521.0025 -1187.0062 19.319273
v -513.9116 -1189.0936 19.04092
v -514.85925 -1189.1737 19.013329
v -514.09937 -1190.1075 19.007648
v -564.0009 -1129.2996 21.177668
v -562.678 -1128.217 21.297773
v -562.0005 -1127.0016 21.177668
v -453.4905 -1063.0602 28.583652
v -453.80865 -1064.1588 29.12088
v -452.9984 -1064.001 28.717552
v -595.00116 -1160 29.259653
v -594.0009 -1160 29.259653
v -595.14307 -1159.0157 29.259653
v -451.28632 -1054.6921 39.770535
v -450 -1055.0034 39.660168
v -450.99792 -1053.9987 39.813545
v -557.9995 -1050.0046 21.19552
v -558.99976 -1050.0046 21.21094
v -557.95374 -1050.9956 21.196333
v -600 -1068.9998 32.3751
v -599.0021 -1068.9288 32.3751
v -600 -1068.0042 32.3751
v -573.0007 -1187.0062 17.49334
v -572.5017 -1185.5046 17.545279
v -573.0007 -1186.0013 17.520931
v -573.49963 -1187.5006 17.468994
v -567.0016 -1191.0002 17.438156
v -566.00134 -1189.0021 17.494963
v -567.0016 -1190 17.468994
v -536.9993 -1197.0039 17.129776
v -537.9995 -1199.0021 17.034828
v -536.9993 -1198.0018 17.071346
v -593.0007 -1162.7512 21.329422
v -592.24994 -1163.2501 21.329422
v -592.00275 -1162.7512 21.329422
v -593.0007 -1162.25 21.329422
v -483.99863 -1073.9987 22.55077
v -482.00046 -1074.9989 22.55077
v -482.9984 -1073.9987 22.55077
v -532.0005 -1180 18.272406
v -530.0023 -1179.0044 18.392511
v -531.00024 -1179.0044 18.32272
v -574.00323 -1188.0018 17.446272
v -574.4999 -1189.5033 17.399204
v -574.00323 -1189.0021 17.41868
v -573.49963 -1187.5006 17.468994
v -576.00134 -1193.0007 17.305878
v -576.5026 -1194.5022 17.25394
v -576.00134 -1194.001 17.281532
v -575.5001 -1192.5017 17.324543
v -577.0016 -1195.0011 17.223913
v -577.50055 -1196.5004 17.154123
v -577.0016 -1196.0037 17.184149
v -576.5026 -1194.5022 17.25394
v -585.00116 -1117.9995 21.202013
v -584.0009 -1117.9995 21.177668
v -585.00116 -1117.0039 21.24746
v -563.0007 -1117.9995 21.202013
v -562.0005 -1117.9995 21.177668
v -563.0007 -1117.0039 21.24746
v -515.9991 -1099.0044 21.96079
v -517.0016 -1099.0044 21.902359
v -515.9991 -1100 21.95024
v -456.99933 -1118.9998 27.964458
v -458.99976 -1118.5054 27.828934
v -457.99954 -1118.9998 27.905216
v -455.99908 -1119.501 28.030191
v -467.99954 -1068.9998 39.813545
v -462.9984 -1073.0029 39.813545
v -463.99863 -1071.9982 39.813545
v -515.9991 -1100 21.95024
v -514.99884 -1099.4988 22.027336
v -515.9991 -1099.0044 21.96079
v -585.00116 -1115.999 21.177668
v -586.00134 -1115.999 21.177668
v -585.00116 -1117.0039 21.24746
v -563.0007 -1115.999 21.177668
v -564.0009 -1115.999 21.177668
v -563.0007 -1117.0039 21.24746
v -535.5001 -1181.5015 18.028948
v -535.00116 -1181.0002 18.076015
v -535.9991 -1180 17.990807
v -585.00116 -1117.9995 21.202013
v -587.0039 -1118.9998 21.177668
v -584.0009 -1117.9995 21.177668
v -530.0023 -1144.001 19.25435
v -530.0023 -1145.0011 19.208094
v -528.99976 -1143.0052 19.284378
v -526.9993 -1135.0034 19.897892
v -526.50037 -1133.502 19.981478
v -526.9993 -1134.0032 19.974987
v -527.50287 -1135.5001 19.845953
v -551.50146 -1135.5001 19.444248
v -550 -1135.999 19.31765
v -551.00024 -1135.0034 19.465347
v -582.0005 -1073.9987 21.65809
v -583.003 -1073.9987 21.558273
v -582.0005 -1074.9989 21.65809
v -500 -1091.0026 23.109911
v -498.99976 -1091.0026 23.19999
v -500 -1090.0023 23.062841
v -477.99954 -1086.9993 25.077862
v -475.99908 -1087.4983 25.333492
v -476.99933 -1086.9993 25.199589
v -478.99976 -1086.5004 24.939901
v -475.99908 -1077.0016 22.549957
v -477.99954 -1075.999 22.55077
v -476.55527 -1077.2168 22.627865
v -558.51685 -1133.9071 19.680403
v -558.84186 -1135.0034 19.666607
v -557.9995 -1135.0034 19.308723
v -561.50146 -1154.5045 18.447695
v -563.0007 -1154.001 18.265102
v -562.0005 -1155.0011 18.42335
v -558.5031 -1163.502 18.119026
v -557.0016 -1164.001 17.978632
v -557.9995 -1163.0007 18.149054
v -507.99954 -1136.9993 19.491318
v -509.88785 -1136.672 19.713675
v -511.02997 -1136.9696 19.651188
v -511.00024 -1100 22.315426
v -510 -1100.499 22.39171
v -511.00024 -1099.0044 22.188017
v -517.0016 -1099.0044 21.902359
v -515.9991 -1099.0044 21.96079
v -517.0016 -1097.9995 21.76927
v -589.0021 -1176.0013 16.516264
v -590 -1176.0013 16.681814
v -589.0021 -1177.0016 16.53006
v -546.9993 -1108.0018 20.946383
v -546.00134 -1108.0018 20.962612
v -546.9993 -1106.9993 21.118425
v -483.99863 -1115.999 25.220688
v -484.99884 -1116.5004 25.126553
v -483.99863 -1117.0039 25.307522
v -564.4999 -1057.5006 24.989403
v -565.1087 -1057.029 24.989403
v -565.2163 -1057.4387 24.989403
v -564.4999 -1058.5009 24.989403
v -560 -1171.0026 17.712452
v -558.99976 -1171.0026 17.750593
v -560 -1170.0023 17.890177
v -472.9984 -1050.0046 28.131632
v -473.99863 -1050.0046 28.131632
v -473.25018 -1051.0186 28.132442
v -523.0007 -1111.0002 21.202013
v -524.0009 -1111.0002 21.02997
v -522.49945 -1112.005 21.174421
v -558.99976 -1144.001 18.971128
v -560 -1144.001 18.762566
v -558.99976 -1145.0011 18.917568
v -541.50146 -1189.5033 17.362684
v -539.0021 -1189.0021 17.523367
v -541.00024 -1189.0021 17.484413
v -496.99933 -1078.0018 22.706581
v -498.99976 -1078.0018 22.36006
v -495.99908 -1078.4985 22.799908
v -462.78784 -1171.0026 22.3487
v -462.9984 -1172.0005 22.685482
v -461.99817 -1171.7899 22.350323
v -484.99884 -1083.9987 24.116203
v -485.99908 -1083.502 23.975807
v -484.99884 -1084.9989 24.000154
v -548.00183 -1064.001 21.47712
v -546.9993 -1064.001 21.355392
v -548.00183 -1062.9984 21.280731
v -600 -1161.0048 24.85875
v -600 -1162.4994 24.85875
v -599.31335 -1162.0005 24.85875
v -600 -1161.0048 21.329422
v -600 -1162.4994 21.329422
v -599.31335 -1162.0005 21.329422
v -472.9984 -1050.0046 51.475983
v -473.99863 -1050.0046 51.47679
v -473.35776 -1051.03 51.475983
v -522.0005 -1114.9989 21.034027
v -523.0007 -1114.9989 20.882273
v -522.0005 -1115.999 20.835203
v -584.0009 -1176.0013 17.015352
v -585.00116 -1176.0013 16.794617
v -584.0009 -1177.0016 16.879827
v -571.00024 -1180 17.87638
v -571.00024 -1181.0002 17.667007
v -570.0023 -1180 17.701902
v -578.00415 -1132.0005 21.378115
v -580 -1131.0002 21.177668
v -579.0021 -1132.0005 21.177668
v -480 -1074.9989 22.55077
v -481.00024 -1074.9989 22.55077
v -480 -1075.999 22.831556
v -578.1071 -1109.881 21.369188
v -579.0021 -1110 21.177668
v -578.00415 -1111.0002 21.378115
v -573.0007 -1185.0011 17.74897
v -573.0007 -1186.0013 17.520931
v -572.5017 -1185.5046 17.545279
v -572.0005 -1185.0011 17.568
v -576.00134 -1192.005 17.523367
v -576.00134 -1193.0007 17.305878
v -575.5001 -1192.5017 17.324543
v -575.00116 -1192.005 17.342396
v -462.9984 -1066.9993 39.813545
v -462.64136 -1069.176 39.801373
v -462.21103 -1068.8671 39.808678
v -588.00183 -1176.0013 16.820585
v -589.0021 -1176.0013 16.516264
v -589.0021 -1177.0016 16.53006
v -600 -1102.0005 30.026545
v -600 -1103.0029 30.026545
v -599.5285 -1102.7397 29.898323
v -599.26526 -1102.0005 29.828533
v -600 -1100 30.028168
v -600 -1101.0002 30.026545
v -599.5285 -1100.7347 29.898323
v -599.26526 -1100 29.828533
v -599.0021 -1176.0013 16.005003
v -600 -1176.0013 15.735576
v -599.0021 -1177.0016 15.815105
v -556.7361 -1123.0007 20.28012
v -557.0199 -1123.5409 20.320696
v -556.4889 -1123.898 20.23711
v -556.00366 -1123.0007 20.212763
v -461.99817 -1171.0026 22.401447
v -460.99792 -1171.0026 22.718754
v -461.99817 -1170.0023 22.478544
v -585.00116 -1176.0013 16.794617
v -586.00134 -1176.0013 16.986948
v -584.0009 -1177.0016 16.879827
v -600 -1144.001 30.007881
v -600 -1145.0011 30.332489
v -599.0021 -1145.0011 30.166126
v -486.99933 -1073.9987 23.353367
v -485.99908 -1073.9987 23.017397
v -484.99884 -1073.0029 22.55077
v -490 -1128.9998 24.030182
v -490.3456 -1129.9131 23.697454
v -489.76425 -1131.1765 23.690964
v -466.99933 -1114.9989 27.011726
v -467.99954 -1114.9989 27.107487
v -465.99908 -1115.999 27.286022
v -554.1085 -1095.0057 21.23204
v -553.0007 -1095.0011 21.378925
v -554.2733 -1094.049 21.282354
v -594.8913 -1164.7517 24.014761
v -595.1087 -1164.7517 23.867874
v -595.00116 -1165.0034 23.93929
v -594.75165 -1165.2529 24.108898
v -594.0009 -1165.2529 24.615292
v -594.1474 -1164.7517 24.517097
v -480 -1075.999 22.831556
v -478.99976 -1075.999 22.55077
v -480 -1074.9989 22.55077
v -473.99863 -1065.0011 40.06106
v -472.9984 -1065.0011 40.06106
v -472.9984 -1064.001 39.660168
v -483.99863 -1075.999 24.091858
v -482.00046 -1077.0016 24.315025
v -482.9984 -1075.999 24.001778
v -597.50055 -1103.0029 24.809246
v -597.99036 -1102.9229 24.818985
v -598.41614 -1102.8977 24.823853
v -597.50055 -1104.0032 24.809246
v -597.35406 -1104.0032 24.809246
v -575.5093 -1066.8802 32.37835
v -575.214 -1066.5278 32.37835
v -577.0016 -1065.0011 32.37835
v -492.9984 -1142.0005 21.866653
v -493.99863 -1142.0005 21.593168
v -491.00024 -1143.0052 22.080894
v -482.00046 -1077.0016 24.315025
v -481.00024 -1077.0016 24.188429
v -482.9984 -1075.999 24.001778
v -579.0021 -1110 21.177668
v -578.1071 -1109.881 21.369188
v -577.8759 -1108.6427 21.358639
v -473.4539 -1051.8815 39.81598
v -473.25018 -1051.0186 39.81517
v -474.99884 -1052.9984 39.813545
v -467.99954 -1068.0042 27.977444
v -468.38177 -1066.0906 28.131632
v -468.80066 -1066.8757 28.11946
v -457.99954 -1074.9989 34.23593
v -455.99908 -1073.9987 33.90158
v -456.99933 -1073.9987 34.239986
v -556.98785 -1103.9001 21.128975
v -555.7404 -1103.8567 21.171986
v -556.7842 -1103.0029 21.145206
v -554.04443 -1096.0013 21.20039
v -553.0007 -1095.0011 21.378925
v -554.1085 -1095.0057 21.23204
v -563.0007 -1050.0046 30.110943
v -564.0009 -1050.0046 30.615713
v -563.0007 -1051.0002 30.160446
v -474.05356 -1065.0675 28.139748
v -468.99976 -1068.9998 28.139748
v -470 -1068.0042 28.139748
v -511.00024 -1183.0029 18.915945
v -511.00024 -1184.0032 19.103407
v -510 -1186.0013 18.999533
v -466.99933 -1071.9982 37.022705
v -465.99908 -1071.9982 36.599903
v -466.99933 -1071.0002 37.34732
v -471.99817 -1071.9982 39.102646
v -471.00024 -1071.9982 38.702568
v -471.99817 -1071.0002 39.46134
v -480.13275 -1057.8668 22.55077
v -479.71848 -1057.457 22.55077
v -481.00024 -1055.999 22.55077
v -600 -1146.0013 30.856735
v -599.0021 -1146.0013 30.9809
v -600 -1145.0011 30.332489
v -576.00134 -1073.0029 30.096336
v -575.00116 -1073.0029 30.236729
v -575.00116 -1071.9982 30.756918
v -464.99884 -1077.0016 34.538628
v -463.99863 -1075.999 34.461533
v -464.99884 -1075.999 34.88434
v -507.37698 -1117.5555 22.20019
v -508.24445 -1117.757 22.07846
v -507.99954 -1118.9998 21.926706
v -450 -1065.999 28.57148
v -451.99817 -1065.0011 28.818182
v -450.99792 -1065.999 28.918
v -523.0808 -1195.6672 17.756275
v -523.91394 -1196.1823 17.645096
v -523.0007 -1197.0039 17.66863
v -492.9984 -1142.0005 21.866653
v -492.00046 -1142.0005 22.457443
v -492.9984 -1141.0002 21.981077
v -553.0007 -1070 21.483612
v -553.9826 -1069.5354 21.434921
v -553.653 -1070.2129 21.448717
v -553.0007 -1071.0002 21.480366
v -591.69147 -1161.1696 24.85875
v -592.78094 -1161.2611 24.85875
v -591.751 -1162.25 24.85875
v -477.99954 -1078.0018 24.352356
v -478.99976 -1078.0018 24.528458
v -477.99954 -1078.9998 24.952885
v -558.99976 -1140.0023 18.999533
v -560.08014 -1139.9908 19.268959
v -557.9995 -1141.0002 19.138304
v -567.9995 -1063.1036 32.37835
v -569.32477 -1062.6825 32.37835
v -567.9995 -1064.001 32.37835
v -478.99976 -1078.0018 24.528458
v -477.99954 -1078.0018 24.352356
v -480 -1077.0016 24.082119
v -473.9849 -1078.6267 23.335514
v -473.68964 -1079.6772 24.499243
v -472.7306 -1081.0048 25.414642
v -599.144 -1161.4991 31.024723
v -599.4003 -1162.0005 30.549168
v -598.57635 -1162.0005 30.56702
v -598.1941 -1161.5175 31.012547
v -557.9995 -1135.0034 19.308723
v -557.0016 -1135.0034 19.492939
v -558.51685 -1133.9071 19.680403
v -491.00024 -1052.0005 28.14137
v -487.03595 -1055.0469 28.14137
v -487.99954 -1053.9987 28.139748
v -478.99976 -1075.999 22.55077
v -476.55527 -1077.2168 22.627865
v -477.99954 -1075.999 22.55077
v -556.125 -1080.1259 21.332668
v -555.26434 -1078.9174 21.375679
v -556.3241 -1078.9814 21.303453
v -483.0739 -1058.0979 28.139748
v -478.0064 -1062.0073 28.139748
v -478.99976 -1060.9979 28.139748
v -597.4685 -1107.9286 22.40226
v -597.9354 -1107.5006 22.688728
v -597.9263 -1108.043 22.316238
v -597.853 -1108.6016 21.938879
v -597.3083 -1108.9838 21.723824
v -459.06384 -1060.7347 39.898758
v -460.13962 -1060.9178 39.841137
v -458.91968 -1061.8608 39.85331
v -592.00275 -1167.0016 21.177668
v -592.7535 -1166.0037 21.177668
v -593.0007 -1166.0037 21.177668
v -593.0007 -1167.0016 21.177668
v -595.5001 -1166.0037 21.177668
v -595.7519 -1166.0037 21.177668
v -595.00116 -1167.0016 21.177668
v -594.0009 -1167.0016 21.177668
v -472.9984 -1064.001 39.660168
v -472.9984 -1065.0011 40.06106
v -471.99817 -1065.999 39.813545
v -562.678 -1128.217 21.297773
v -562.00964 -1128.8762 21.34322
v -562.0005 -1127.0016 21.177668
v -565.0034 -1066.9993 31.63012
v -564.0009 -1066.9993 30.878647
v -566.00134 -1065.999 32.112976
v -461.99817 -1171.7899 22.350323
v -462.9984 -1172.0005 22.685482
v -461.99817 -1173.0007 22.27485
v -469.5216 -1067.4753 28.117023
v -467.99954 -1068.0042 27.977444
v -468.80066 -1066.8757 28.11946
v -565.12476 -1055.967 24.989403
v -565.08124 -1056.5232 24.989403
v -564.4999 -1056.9993 24.989403
v -564.4999 -1055.8182 24.989403
v -565.0904 -1055.5459 24.989403
v -462.78784 -1171.0026 22.3487
v -463.99863 -1171.0026 22.188017
v -462.9984 -1172.0005 22.685482
v -450 -1053.9987 28.132442
v -451.28632 -1054.6921 28.08781
v -450 -1055.0034 27.977444
v -502.00046 -1060.0023 22.536161
v -502.28198 -1060.927 22.50776
v -501.07117 -1061.5953 22.525612
v -598.6038 -1108.4161 21.351334
v -600 -1109.0021 21.329422
v -598.51227 -1109.3134 21.332668
v -451.69376 -1055.0583 28.092678
v -451.28632 -1054.6921 28.08781
v -452.9984 -1052.9984 28.131632
v -556.00366 -1126.0013 19.824854
v -555.00116 -1126.0013 20.016373
v -556.3287 -1124.7677 20.172998
v -560 -1144.001 18.762566
v -561.1856 -1143.994 19.091234
v -558.99976 -1145.0011 18.917568
v -471.38934 -1053.4745 51.475983
v -468.99976 -1053.9987 51.475983
v -470.83313 -1053.0442 51.475983
v -558.7869 -1101.8425 21.172798
v -558.6496 -1100.9476 21.171986
v -560 -1100 21.177668
v -468.99976 -1062.9984 28.131632
v -470.00687 -1064.5182 28.131632
v -469.38885 -1064.9279 28.131632
v -477.11145 -1057.9058 28.143805
v -476.53696 -1057.6288 28.165716
v -475.99908 -1055.0034 28.131632
v -467.65393 -1054.9302 28.214407
v -468.05447 -1054.8135 28.209538
v -467.99954 -1055.999 28.131632
v -467.03363 -1055.5802 28.229015
v -555.06067 -1108.5192 21.025911
v -555.9716 -1108.7114 21.047823
v -555.00116 -1110 20.926094
v -509.66354 -1136.2234 19.76967
v -507.99954 -1136.9993 19.491318
v -510.10757 -1135.2048 19.888153
v -563.2021 -1062.639 30.27
v -564.1016 -1063.4287 30.824276
v -563.0167 -1063.7834 30.169373
v -554.7494 -1107.5028 21.03484
v -554.5892 -1108.3314 21.01942
v -553.90247 -1107.9424 21.016174
v -554.0009 -1106.9993 21.022667
v -553.6644 -1071.3069 21.442225
v -553.0007 -1071.9982 21.47144
v -553.0007 -1071.0002 21.480366
v -553.653 -1070.2129 21.448717
v -450.99792 -1079.2493 64.84181
v -451.2497 -1079.7483 64.84181
v -451.05286 -1080.4188 64.84181
v -450.98877 -1080.4944 64.84181
v -450.8034 -1080.4578 64.84181
v -450.56995 -1080.3639 64.84181
v -450.24948 -1080 64.83127
v -563.2021 -1152.9733 18.476097
v -563.859 -1156.1525 18.22696
v -563.0007 -1154.001 18.265102
v -598.1735 -1170.0435 15.891389
v -593.99866 -1169.9474 16.204638
v -595.94415 -1169.6658 16.134035
v -479.36142 -1059.6361 39.813545
v -478.82352 -1058.9883 39.81679
v -481.00024 -1059.0021 39.813545
v -461.99817 -1060.9979 28.131632
v -462.02792 -1059.7643 28.091057
v -463.18152 -1058.9883 28.102417
v -600 -1101.0002 24.85875
v -600 -1102.0005 24.85875
v -600 -1103.0029 24.85875
v -599.4758 -1102.7764 24.853878
v -599.50104 -1102.0005 24.85875
v -600 -1070 21.329422
v -600 -1071.0002 21.329422
v -600 -1071.9982 21.329422
v -599.29504 -1070.6294 21.329422
v -598.00183 -1105.5046 21.378115
v -597.0016 -1105.5046 21.378115
v -598.21014 -1104.0856 21.369188
v -561.93176 -1147.8416 18.637592
v -561.96387 -1148.0797 18.601072
v -561.0025 -1148.9998 18.696833
v -560 -1148.9998 18.707382
v -475.14075 -1078.0042 22.941113
v -474.1886 -1078.4161 23.151299
v -475.99908 -1077.0016 22.549957
v -476.55527 -1077.2168 22.627865
v -592.23395 -1163.9597 24.823853
v -592.3049 -1163.4607 24.848198
v -592.5017 -1163.502 24.85875
v -592.86334 -1163.7445 24.814926
v -593.0327 -1163.9963 24.806
v -593.04645 -1164.3099 24.794638
v -592.7535 -1164.5022 24.809246
v -592.24994 -1164.7517 24.81168
v -478.1941 -1061.0209 28.126762
v -479.35684 -1060.1671 28.136501
v -478.99976 -1060.9979 28.139748
v -478.0064 -1062.0073 28.139748
v -461.99817 -1171.0026 22.401447
v -462.78784 -1171.0026 22.3487
v -461.99817 -1171.7899 22.350323
v -460.99792 -1171.0026 22.718754
v -484.99884 -1055.0034 39.707237
v -483.99863 -1055.999 39.813545
v -484.60287 -1053.9529 39.77946
v -472.9984 -1193.0007 19.812681
v -471.4832 -1194.4954 20.009071
v -470 -1195.0011 20.19004
v -556.7361 -1123.0007 20.28012
v -556.00366 -1123.0007 20.212763
v -556.00366 -1121.0026 20.326378
v -553.0007 -1071.9982 21.47144
v -553.6644 -1071.3069 21.442225
v -553.87964 -1071.9844 21.434921
v -553.0007 -1073.0029 21.46657
v -574.00323 -1177.0016 17.62075
v -572.0005 -1176.4478 17.93481
v -573.0007 -1176.0013 17.697033
v -462.9984 -1074.9989 34.362526
v -461.60907 -1074.2664 34.34224
v -462.9984 -1073.9987 34.685516
v -558.99976 -1164.001 18.088188
v -558.99976 -1165.0034 18.05167
v -558.5031 -1163.502 18.119026
v -558.99976 -1162.0005 18.159603
v -559.50104 -1146.5027 18.832357
v -560 -1146.9993 18.80152
v -558.99976 -1148.9998 18.73822
v -515.9991 -1180 18.937857
v -517.9995 -1179.501 18.884296
v -514.99884 -1181.0002 18.963013
v -599.0021 -1162.4994 21.329422
v -599.1211 -1162.0966 21.329422
v -599.31335 -1162.0005 21.329422
v -600 -1162.4994 21.329422
v -599.25385 -1163.2501 21.329422
v -599.0021 -1163.2501 21.329422
v -557.9995 -1161.0048 18.199368
v -557.50055 -1159.5033 18.267536
v -557.9995 -1160 18.234264
v -558.99976 -1162.0005 18.159603
v -450.99792 -1121.0026 28.314224
v -452.9984 -1120.5012 28.216843
v -450 -1122.0027 28.35886
v -452.08514 -1060.9178 39.813545
v -452.0096 -1059.2035 39.813545
v -452.9984 -1061.9982 39.660168
v -553.0007 -1104.9989 21.10463
v -552.49945 -1101.5015 21.227982
v -553.0007 -1102.0005 21.224735
v -568.5008 -1174.4999 17.83905
v -567.9995 -1177.0016 17.766825
v -567.9995 -1174.0055 17.830935
v -450 -1086.9993 25.32862
v -452.9984 -1086.0037 25.223122
v -450.99792 -1086.9993 25.653233
v -596.25085 -1165.2529 23.095303
v -596.00366 -1165.198 23.264912
v -596.00366 -1164.7494 23.265724
v -597.2511 -1164.7402 22.422548
v -597.2511 -1165.2529 22.419302
v -596.7544 -1165.2529 22.757708
v -492.9984 -1142.0005 21.866653
v -491.00024 -1143.0052 22.080894
v -492.00046 -1142.0005 22.457443
v -450.99792 -1096.9993 27.885738
v -451.99817 -1096.5027 27.828934
v -450 -1099.0044 27.785923
v -486.91003 -1075.832 23.962824
v -484.98743 -1076.8849 24.224136
v -486.99933 -1074.9989 23.94984
v -530.0023 -1127.9995 20.25821
v -530.49896 -1129.501 20.331245
v -529.50104 -1128.503 20.378315
v -528.99976 -1127.9995 20.390488
v -466.98328 -1055.6077 39.893074
v -466.8368 -1055.2689 39.902
v -467.68597 -1054.9004 39.898758
v -468.07507 -1054.7905 39.893074
v -468.99976 -1055.0034 39.813545
v -451.7487 -1080.8606 64.84181
v -451.7487 -1081.2498 64.84181
v -450.737 -1082.2202 64.84181
v -450.8377 -1081.2314 64.84181
v -451.08948 -1081.0048 64.84181
v -451.7487 -1080.6226 64.84181
v -514.8913 -1191.0414 18.905396
v -513.0007 -1192.005 19.048223
v -514.1909 -1190.5951 18.984924
v -522.0005 -1178.0042 18.606754
v -522.0005 -1178.5009 18.756075
v -521.0025 -1179.0044 18.783667
v -520 -1179.0044 18.821808
v -501.00024 -1103.0029 23.224335
v -500 -1103.4996 23.341194
v -500 -1103.0029 23.178078
v -501.00024 -1102.0005 23.058784
v -523.0007 -1178.0042 18.730106
v -522.0005 -1178.5009 18.756075
v -522.0005 -1178.0042 18.606754
v -523.0007 -1177.0016 18.57835
v -500 -1103.0029 23.178078
v -500 -1103.4996 23.341194
v -498.99976 -1104.0032 23.457243
v -497.99954 -1104.0032 23.565178
v -593.0007 -1055.999 32.3751
v -594.3786 -1055.8755 32.3751
v -594.1497 -1057.0267 32.3751
v -462.9984 -1092.9984 26.712273
v -462.9984 -1092.504 26.870522
v -463.99863 -1092.0005 26.774761
v -464.99884 -1092.0005 26.649786
v -464.13138 -1078.3749 22.55077
v -463.46533 -1078.3978 22.55077
v -464.99884 -1075.999 22.55077
v -454.99884 -1061.9982 28.131632
v -453.4905 -1063.0602 28.583652
v -454.99884 -1060.9979 28.131632
v -461.99817 -1092.9984 26.966282
v -462.9984 -1092.504 26.870522
v -462.9984 -1092.9984 26.712273
v -461.99817 -1093.9987 26.820206
v -557.0016 -1131.0002 19.550558
v -556.00366 -1131.0002 19.729904
v -557.6173 -1129.5284 19.95551
v -457.99954 -1071.0002 33.294556
v -457.99954 -1070 32.87094
v -458.61298 -1070.8263 33.39032
v -459.0204 -1071.4374 33.74739
v -458.48248 -1071.5564 33.68409
v -570.3365 -1176.7795 17.919392
v -571.0208 -1177.0542 17.926695
v -570.2083 -1177.8599 17.823631
v -569.50104 -1177.5028 17.768448
v -556.125 -1080.1259 21.332668
v -556.3241 -1078.9814 21.303453
v -556.84827 -1078.3932 21.240154
v -556.6903 -1080.3159 21.244213
v -464.99884 -1071.9982 28.14137
v -463.35315 -1071.9799 28.10891
v -463.5935 -1070.9956 28.08781
v -560.21515 -1125.6649 21.495785
v -559.60175 -1124.7036 21.270182
v -560.76447 -1123.9323 21.139526
v -591.7281 -1170.2449 16.373434
v -592.6734 -1170.2152 16.288225
v -591.00024 -1172.0005 16.290659
v -560 -1144.001 18.762566
v -558.99976 -1144.001 18.971128
v -560.6386 -1142.4445 19.129375
v -595.00116 -1167.0016 21.177668
v -595.7519 -1166.0037 21.177668
v -596.00366 -1165.7496 21.177668
v -596.2875 -1165.8938 21.177668
v -596.00366 -1167.0016 21.177668
v -486.99933 -1074.9989 23.94984
v -489.00665 -1074.8912 23.674732
v -486.91003 -1075.832 23.962824
v -463.35315 -1071.9799 28.10891
v -464.99884 -1071.9982 28.14137
v -462.9984 -1073.0029 28.136501
v -473.99863 -1078.0018 22.55077
v -475.99908 -1077.0016 22.549957
v -474.1886 -1078.4161 23.151299
v -480 -1079.192 24.806
v -478.27878 -1079.8718 25.01862
v -477.99954 -1078.9998 24.952885
v -463.99863 -1059.0021 22.55077
v -467.09772 -1060.1763 22.55077
v -467.13208 -1060.7462 22.55077
v -492.9984 -1051.0002 39.3948
v -492.26825 -1051.0002 39.3948
v -492.9984 -1050.0046 39.3948
v -493.99863 -1050.0046 39.3948
v -592.0531 -1145.9534 30.93789
v -589.0021 -1144.001 30.007069
v -591.00024 -1145.0011 30.166126
v -527.6997 -1188.233 18.748772
v -528.6679 -1188.272 18.705761
v -526.9993 -1190 18.722801
v -594.14514 -1146.5027 21.329422
v -593.0396 -1146.3584 21.329422
v -595.00116 -1145.0011 21.329422
v -520.1831 -1052.028 21.628065
v -520.5745 -1051.0597 21.628065
v -520.92926 -1052.1401 21.61427
v -520.49896 -1052.9984 21.611023
v -520.1236 -1052.9984 21.617514
v -584.0009 -1068.9495 32.37835
v -586.7201 -1067.3884 32.37835
v -586.8025 -1068.0225 32.37835
v -470.74847 -1067.2534 39.897133
v -472.64136 -1065.6421 40.03509
v -471.00024 -1068.0042 40.008312
v -597.4044 -1103.0419 21.370811
v -597.44104 -1103.4379 21.367565
v -597.09546 -1103.3623 21.351334
v -596.2623 -1102.8702 21.303453
v -597.0016 -1102.0005 21.378115
v -597.19385 -1102.0371 21.378115
v -592.2408 -1163.2205 30.037094
v -591.00024 -1163.0007 29.921047
v -592.5841 -1161.9387 30.70498
v -588.0476 -1169.2263 16.799486
v -590.95447 -1169.263 16.592546
v -591.2543 -1169.8947 16.465948
v -577.97205 -1134.3809 21.433298
v -577.1847 -1134.3466 21.412197
v -578.00415 -1132.0005 21.378115
v -508.30167 -1116.9673 22.123907
v -510.66376 -1117.0107 21.77576
v -508.24445 -1117.757 22.07846
v -450 -1073.9987 22.6092
v -450.9453 -1076.2325 22.55077
v -450 -1075.999 22.55077
v -450 -1074.9989 22.56213
v -597.4044 -1103.0419 21.370811
v -597.4685 -1102.5017 21.378115
v -598.53973 -1102.3186 21.355392
v -598.2422 -1102.9663 21.369188
v -597.54175 -1103.9666 21.376492
v -597.44104 -1103.4379 21.367565
v -456.99933 -1064.001 51.475983
v -456.49805 -1065.4658 51.475983
v -456.03342 -1064.9645 51.475983
v -455.99908 -1064.001 51.475983
v -453.99863 -1062.9984 39.813545
v -452.9984 -1061.9982 39.660168
v -452.0096 -1059.2035 39.813545
v -466.52322 -1054.7722 39.897133
v -466.99933 -1053.502 39.813545
v -467.55322 -1054.0398 39.895508
v -467.47083 -1054.4999 39.895508
v -466.8368 -1055.2689 39.902
v -561.90204 -1129.8582 21.331045
v -562.9274 -1130.0962 21.245024
v -563.0007 -1132.0005 21.378115
v -557.2442 -1127.9607 20.002579
v -555.5001 -1129.501 19.814304
v -557.07715 -1126.9924 20.070747
v -488.9998 -1078.0018 23.493763
v -487.95377 -1076.5804 23.603317
v -488.95856 -1076.0792 23.484024
v -570.0023 -1050.0046 32.3751
v -569.4644 -1051.4878 32.376724
v -569.0501 -1051.2017 32.376724
v -568.99976 -1050.0046 32.3751
v -572.0005 -1061.9982 34.184803
v -573.0007 -1060.0023 34.184803
v -573.0007 -1060.9979 34.184803
v -573.0007 -1061.9982 34.253784
v -555.00116 -1117.0039 20.539808
v -554.0009 -1117.0039 20.538998
v -555.00116 -1114.9989 20.646118
v -586.00134 -1117.0039 21.24746
v -585.00116 -1117.9995 21.202013
v -585.00116 -1117.0039 21.24746
v -586.00134 -1115.999 21.177668
v -564.0009 -1117.0039 21.24746
v -563.0007 -1117.9995 21.202013
v -563.0007 -1117.0039 21.24746
v -564.0009 -1115.999 21.177668
v -533.0007 -1142.0005 19.369589
v -534.0032 -1139.0021 19.541632
v -534.0032 -1140.0023 19.48239
v -534.0032 -1141.0002 19.421526
v -534.0032 -1173.0007 18.199368
v -535.00116 -1171.0026 18.232641
v -535.00116 -1172.0005 18.202614
v -535.00116 -1173.0007 18.132011
v -550 -1051.0002 21.579372
v -548.99976 -1053.9987 21.549347
v -548.99976 -1052.9984 21.555027
v -548.99976 -1052.0005 21.516886
v -530.0023 -1131.0002 20.218445
v -530.49896 -1129.501 20.331245
v -531.00024 -1130.0046 20.294727
v -531.00024 -1131.0002 20.21682
v -558.99976 -1146.0013 18.863195
v -558.99976 -1145.0011 18.917568
v -559.50104 -1146.5027 18.832357
v -558.99976 -1148.9998 18.73822
v -585.00116 -1117.0039 21.24746
v -584.0009 -1117.9995 21.177668
v -584.0009 -1117.0039 21.177668
v -585.00116 -1115.999 21.177668
v -563.0007 -1117.0039 21.24746
v -562.0005 -1117.9995 21.177668
v -562.0005 -1117.0039 21.177668
v -563.0007 -1115.999 21.177668
v -526.9993 -1137.9995 19.66823
v -527.9995 -1135.999 19.794016
v -527.9995 -1137.9995 19.625217
v -540 -1183.0029 17.707582
v -539.0021 -1184.0032 17.846354
v -537.9995 -1183.0029 17.898293
v -491.00024 -1052.0005 28.14137
v -490 -1050.0046 28.131632
v -491.00024 -1050.0046 28.025322
v -550 -1120 20.383184
v -548.99976 -1122.0027 20.14703
v -548.99976 -1121.0026 20.224936
v -548.99976 -1120 20.299597
v -527.50287 -1126.5004 20.457844
v -524.99884 -1127.9995 20.228994
v -526.9993 -1126.0013 20.494362
v -491.00024 -1113.0007 24.504925
v -488.9998 -1113.0007 24.676155
v -489.75052 -1112.7489 24.61448
v -490.49896 -1112.4994 24.552803
v -492.00046 -1112.005 24.391308
v -526.00134 -1055.0034 21.433298
v -524.99884 -1056.9993 21.46657
v -524.99884 -1055.999 21.478745
v -524.99884 -1055.0034 21.571257
v -498.99976 -1091.0026 23.19999
v -496.99933 -1091.0026 23.224335
v -500 -1090.0023 23.062841
v -546.9993 -1073.0029 21.240154
v -548.00183 -1071.0002 21.404083
v -548.00183 -1071.9982 21.393534
v -548.00183 -1073.0029 21.384605
v -535.00116 -1173.0007 18.132011
v -535.9991 -1174.0055 18.02002
v -535.00116 -1174.0055 17.997297
v -534.0032 -1173.0007 18.199368
v -548.99976 -1131.0002 19.600872
v -550 -1130.0046 19.771294
v -551.00024 -1131.0002 19.707184
v -529.02264 -1186.2485 18.199368
v -528.1254 -1185.8778 18.272406
v -528.99976 -1184.0032 18.330023
v -564.4999 -1064.4999 24.989403
v -564.9966 -1064.0123 24.989403
v -565.0034 -1066.3469 24.989403
v -564.65094 -1066.3013 24.989403
v -564.4999 -1065.999 24.989403
v -561.0025 -1179.0044 17.637793
v -562.0005 -1176.0013 17.654835
v -562.0005 -1177.0016 17.630487
v -562.0005 -1178.0042 17.726248
v -548.00183 -1055.0034 21.388664
v -548.99976 -1052.9984 21.555027
v -548.99976 -1053.9987 21.549347
v -548.99976 -1055.0034 21.542854
v -546.9993 -1078.0018 21.181725
v -548.00183 -1074.9989 21.366753
v -548.00183 -1075.999 21.357014
v -548.00183 -1077.0016 21.348087
v -564.0009 -1187.0062 17.411377
v -566.00134 -1189.0021 17.494963
v -567.0016 -1191.0002 17.438156
v -450 -1121.0026 28.18438
v -450 -1120 28.177889
v -450.99792 -1121.0026 28.314224
v -450 -1122.0027 28.35886
v -539.0021 -1176.0013 17.800909
v -536.9993 -1175.0011 17.898293
v -537.9995 -1175.0011 17.925072
v -539.0021 -1175.0011 17.975388
v -450 -1099.0044 27.785923
v -450 -1097.9995 27.742912
v -450 -1096.9993 27.919012
v -450.99792 -1096.9993 27.885738
v -546.9993 -1106.9993 21.118425
v -548.99976 -1108.0018 21.107065
v -546.9993 -1108.0018 20.946383
v -471.99817 -1071.0002 39.46134
v -471.99817 -1070 39.784332
v -472.9572 -1070.9979 39.575768
v -471.99817 -1071.9982 39.102646
v -497.99954 -1199.0021 19.124508
v -497.99954 -1198.0018 18.937857
v -500 -1199.0021 19.042543
v -580 -1199.0021 17.182526
v -582.0005 -1200 17.025902
v -581.00024 -1200 17.088388
v -580 -1200 16.926085
v -567.9995 -1194.001 17.184149
v -567.9995 -1193.0007 17.378916
v -568.99976 -1194.001 17.342396
v -568.99976 -1195.0011 17.314804
v -579.0021 -1200 16.949617
v -579.0021 -1199.0021 17.010483
v -580 -1199.0021 17.182526
v -580 -1200 16.926085
v -583.003 -1200 16.954487
v -582.0005 -1200 17.025902
v -584.0009 -1199.0021 16.715899
v -584.0009 -1200 16.672888
v -559.5651 -1126.3424 21.433298
v -558.9929 -1124.8776 21.31725
v -559.60175 -1124.7036 21.270182
v -560.21515 -1125.6649 21.495785
v -560 -1144.001 18.762566
v -560.6386 -1142.4445 19.129375
v -560.92926 -1143.0785 19.185371
v -561.1856 -1143.994 19.091234
v -524.0009 -1130.0046 20.112133
v -523.0007 -1130.0046 19.87598
v -524.99884 -1127.9995 20.228994
v -599.0021 -1163.2501 24.85875
v -599.0021 -1162.4994 24.85875
v -599.1211 -1162.0966 24.85875
v -599.31335 -1162.0005 24.85875
v -600 -1162.4994 24.85875
v -600 -1163.2501 24.85875
v -587.0039 -1068.0042 15.278687
v -587.0039 -1068.9998 15.278687
v -586.00134 -1068.9998 15.278687
v -586.006 -1067.9309 15.278687
v -599.0021 -1097.9995 29.660545
v -600 -1096.9993 29.616724
v -600 -1097.9995 29.733583
v -599.0021 -1099.0044 30.02979
v -484.99884 -1073.9987 22.680614
v -483.99863 -1073.9987 22.55077
v -484.99884 -1073.0029 22.55077
v -485.99908 -1073.9987 23.017397
v -484.99884 -1084.9989 24.000154
v -481.00024 -1086.0037 24.528458
v -482.9984 -1084.9989 24.377514
v -522.0005 -1115.999 20.835203
v -521.0025 -1117.9995 20.831957
v -521.0025 -1117.0039 20.92934
v -521.4992 -1115.999 20.981277
v -522.0005 -1114.9989 21.034027
v -493.99863 -1141.0002 21.707594
v -493.99863 -1142.0005 21.593168
v -492.9984 -1142.0005 21.866653
v -492.9984 -1141.0002 21.981077
v -476.81622 -1053.3188 22.55077
v -476.19592 -1053.1266 22.55077
v -476.99933 -1050.0046 22.55077
v -597.7638 -1070.6249 21.330235
v -599.29504 -1070.6294 21.329422
v -600 -1071.9982 21.329422
v -460 -1059.0021 28.131632
v -462.06683 -1057.9514 28.14137
v -460.9499 -1059.0204 28.174643
v -459.68414 -1060.103 28.214407
v -466.43854 -1056.5598 39.850876
v -466.00824 -1056.4042 39.83059
v -466.71777 -1055.8091 39.884148
v -466.98328 -1055.6077 39.893074
v -468.99976 -1055.0034 39.813545
v -556.00366 -1082.0005 21.537174
v -556.00366 -1081.0048 21.31157
v -557.0016 -1081.0048 21.176044
v -557.9995 -1081.0048 21.209316
v -600 -1110 21.329422
v -597.9583 -1109.4873 21.344841
v -598.51227 -1109.3134 21.332668
v -600 -1109.0021 21.329422
v -579.0021 -1099.0593 21.186594
v -578.2078 -1099.0044 21.457644
v -577.94916 -1098.1873 21.387852
v -578.2719 -1097.1183 21.252327
v -457.77982 -1076.5736 28.139748
v -456.99933 -1077.0016 28.139748
v -456.99933 -1075.999 28.139748
v -457.99954 -1074.9989 28.136501
v -598.0179 -1143.0991 29.894266
v -599.1279 -1143.1036 29.977043
v -598.00183 -1145.0011 30.166126
v -554.26874 -1101.0643 21.176044
v -554.33966 -1101.8265 21.186594
v -553.0007 -1102.0005 21.224735
v -552.49945 -1101.5015 21.227982
v -568.99976 -1170.0023 18.10036
v -570.016 -1169.9977 17.99811
v -567.9995 -1171.0026 17.910465
v -567.3564 -1171.0026 17.88612
v -567.9995 -1170.3547 18.030571
v -463.99863 -1075.999 34.461533
v -464.99884 -1077.0016 34.538628
v -463.98718 -1078.1368 34.568657
v -455.99908 -1051.0688 51.475983
v -456.74982 -1051.2498 51.475983
v -456.82306 -1052.0005 51.475983
v -455.00342 -1051.9272 51.475983
v -472.9984 -1193.0007 19.812681
v -473.99863 -1194.001 19.692575
v -472.91602 -1195.0835 19.84433
v -594.3191 -1059.1989 32.3751
v -594.78143 -1059.5812 32.3751
v -592.00275 -1061.9982 32.3751
v -461.85626 -1067.2351 51.475983
v -462.16525 -1068.8647 51.475983
v -461.6251 -1068.9769 51.475983
v -461.1902 -1066.7407 51.475983
v -600 -1166.0037 21.177668
v -599.25385 -1165.5001 21.177668
v -599.0799 -1164.3076 21.226358
v -600 -1164.5022 21.177668
v -600 -1165.0034 21.176044
v -483.99863 -1075.999 24.091858
v -484.99884 -1074.9989 23.746147
v -485.99908 -1074.9989 23.847588
v -486.99933 -1074.9989 23.94984
v -593.7514 -1163.0007 24.85875
v -593.51337 -1163.1036 24.855503
v -593.5042 -1163.0007 24.85875
v -593.875 -1161.2498 24.85875
v -594.87756 -1161.2498 24.85875
v -457.04736 -1062.0714 39.850876
v -458.99976 -1059.0021 39.813545
v -458.32455 -1061.1925 39.88658
v -598.00183 -1192.005 16.178669
v -595.6672 -1191.4991 16.064243
v -595.31244 -1190.4738 15.992018
v -592.7535 -1166.0037 21.177668
v -592.00275 -1167.0016 21.177668
v -591.00024 -1167.0016 21.177668
v -592.02563 -1165.8389 21.177668
v -592.2225 -1165.7839 21.177668
v -592.7535 -1165.7496 21.177668
v -569.9977 -1071.9341 21.329422
v -570.0023 -1073.0465 21.329422
v -569.00433 -1073.0762 21.329422
v -568.99976 -1071.9615 21.329422
v -575.00116 -1095.0011 21.177668
v -576.8597 -1095.9098 21.180914
v -576.2646 -1096.814 21.18497
v -467.42505 -1054.4358 28.224146
v -466.84827 -1055.1499 28.22658
v -466.4843 -1054.9553 28.202234
v -466.99933 -1052.9984 28.131632
v -467.5143 -1054.0536 28.218464
v -570.0023 -1073.0465 21.329422
v -569.9977 -1071.9341 21.329422
v -570.99567 -1071.8928 21.329422
v -571.00024 -1073.0282 21.329422
v -567.9995 -1051.0002 32.376724
v -567.9995 -1050.0046 32.3751
v -568.99976 -1050.0046 32.3751
v -569.0501 -1051.2017 32.376724
v -459.01807 -1071.8379 22.55077
v -459.9977 -1071.9661 22.55077
v -457.99954 -1073.9987 22.55077
v -468.05447 -1054.8135 28.209538
v -470 -1053.3555 28.07726
v -467.99954 -1055.999 28.131632
v -568.99976 -1071.9615 21.329422
v -569.00433 -1073.0762 21.329422
v -568.0087 -1073.1198 21.329422
v -567.9995 -1071.9775 21.329422
v -462.92743 -1067.9148 51.47517
v -462.66193 -1069.1943 51.460564
v -462.16525 -1068.8647 51.475983
v -461.85626 -1067.2351 51.475983
v -577.26483 -1113.051 21.375679
v -578.00415 -1111.0002 21.378115
v -578.00415 -1114.0627 21.378115
v -597.07715 -1062.2247 32.3751
v -597.1481 -1059.5651 32.3751
v -598.00183 -1059.3683 32.3751
v -451.99817 -1068.0042 30.084164
v -452.9984 -1070 31.25276
v -450 -1065.999 28.57148
v -454.99884 -1071.9982 32.744347
v -455.99908 -1073.9987 33.90158
v -452.9984 -1070 31.25276
v -455.99908 -1073.0029 33.49257
v -456.49805 -1073.4996 33.866684
v -456.99933 -1073.9987 34.239986
v -455.99908 -1073.9987 33.90158
v -454.99884 -1071.9982 32.744347
v -454.99884 -1056.9993 51.475983
v -455.38794 -1058.8556 51.475983
v -454.3923 -1059.9382 51.475983
v -465.99908 -1056.4202 28.082941
v -466.67657 -1055.8938 28.177889
v -467.99954 -1055.999 28.131632
v -465.19342 -1057.3358 28.10323
v -600 -1156.006 29.259653
v -598.8533 -1156.91 29.259653
v -598.83496 -1155.9327 29.259653
v -600 -1155.0011 29.259653
v -453.99863 -1088.8807 27.693409
v -452.9984 -1087.9995 27.031202
v -453.99863 -1086.9993 26.364128
v -458.48248 -1071.5564 33.68409
v -456.49805 -1073.4996 33.866684
v -457.99954 -1071.0002 33.294556
v -576.1181 -1070.7073 21.331045
v -576.5118 -1070.0251 21.332668
v -576.9993 -1070.0732 21.331045
v -576.00134 -1073.0029 21.329422
v -571.00024 -1073.0282 21.329422
v -570.99567 -1071.8928 21.329422
v -571.989 -1071.831 21.329422
v -572.0005 -1073.0212 21.329422
v -478.99976 -1078.0018 24.528458
v -480 -1077.0016 24.082119
v -481.00024 -1077.0016 24.188429
v -482.00046 -1077.0016 24.315025
v -513.0007 -1192.005 19.048223
v -514.8913 -1191.0414 18.905396
v -516.2005 -1191.6022 18.748772
v -464.2321 -1065.6604 51.475983
v -464.91187 -1066.0884 51.475983
v -463.99863 -1066.9993 51.475983
v -462.9984 -1066.9993 51.475983
v -556.00366 -1126.0013 19.824854
v -556.3287 -1124.7677 20.172998
v -556.72235 -1125.2804 20.179491
v -556.90546 -1125.9854 20.142971
v -557.07715 -1126.9924 20.070747
v -567.01306 -1071.8768 21.329422
v -567.0268 -1073.1769 21.329422
v -566.3493 -1073.2296 21.329422
v -565.9762 -1071.767 21.329422
v -574.00323 -1062.9984 32.37835
v -573.3577 -1063.1036 32.37835
v -573.51337 -1062.6322 32.37835
v -577.0016 -1060.9979 32.377533
v -522.0005 -1057.9995 21.504713
v -518.55347 -1059.8993 21.533928
v -519.00665 -1058.9655 21.541231
v -474.47928 -1078.4321 23.306301
v -476.9444 -1077.8577 23.910074
v -476.3424 -1078.6312 24.416466
v -462.9984 -1083.0007 25.025112
v -466.6514 -1081.2681 24.335314
v -465.99908 -1082.0005 24.92854
v -554.0009 -1110 20.92934
v -554.5892 -1108.3314 21.01942
v -555.06067 -1108.5192 21.025911
v -555.00116 -1110 20.926094
v -463.65985 -1055.999 28.131632
v -466.11124 -1055.1018 28.165716
v -465.15906 -1055.8823 28.080505
v -463.33716 -1056.9077 28.113777
v -475.99908 -1062.9984 40.06106
v -472.9984 -1064.001 39.660168
v -476.99933 -1061.9982 39.813545
v -521.0025 -1188.0018 19.24299
v -523.13116 -1190.0824 18.847776
v -522.504 -1190.5836 18.803955
v -452.9984 -1064.001 28.717552
v -450 -1065.0011 28.56174
v -453.4905 -1063.0602 28.583652
v -473.4539 -1054.7356 51.475983
v -475.0492 -1056.9626 51.475983
v -473.99863 -1056.9993 51.475983
v -567.9995 -1071.9775 21.329422
v -568.0087 -1073.1198 21.329422
v -567.0268 -1073.1769 21.329422
v -567.01306 -1071.8768 21.329422
v -470 -1065.0011 51.475983
v -472.24994 -1064.4587 51.365616
v -470.04807 -1066.0563 51.45407
v -599.1279 -1143.1036 29.977043
v -600 -1142.0005 30.007881
v -600 -1143.0052 30.007881
v -598.00183 -1145.0011 30.166126
v -593.6507 -1162.0005 30.581627
v -593.20667 -1162.9205 30.135288
v -592.2408 -1163.2205 30.037094
v -592.5841 -1161.9387 30.70498
v -468.99976 -1073.0029 37.546143
v -467.94232 -1075.079 36.645348
v -466.99933 -1074.9989 36.03995
v -490 -1050.0046 51.475983
v -491.00024 -1050.0046 51.370483
v -489.37744 -1051.2131 51.410248
v -488.9998 -1050.0046 51.475983
v -566.00134 -1051.0002 32.112976
v -564.0009 -1050.0046 30.615713
v -566.00134 -1050.0046 32.02452
v -555.00116 -1124.9989 20.069935
v -556.4889 -1123.898 20.23711
v -556.3287 -1124.7677 20.172998
v -555.00116 -1126.0013 20.016373
v -481.23596 -1057.4274 51.475983
v -478.99976 -1058.8326 51.475983
v -477.97665 -1058.3795 51.475983
v -590 -1164.001 29.718975
v -591.00024 -1163.0007 29.921047
v -592.2408 -1163.2205 30.037094
v -591.1925 -1164.001 29.718975
v -478.29938 -1060.9362 22.55077
v -478.9494 -1060.4052 22.55077
v -478.9494 -1060.9979 22.55077
v -476.99933 -1064.001 22.55077
v -458.99976 -1059.0021 39.813545
v -459.70703 -1060.1122 39.873596
v -459.06384 -1060.7347 39.898758
v -458.32455 -1061.1925 39.88658
v -571.00024 -1050.0046 32.3751
v -569.5468 -1052.0554 32.376724
v -569.4644 -1051.4878 32.376724
v -570.0023 -1050.0046 32.3751
v -593.5042 -1163.7515 25.91373
v -593.5042 -1163.502 25.91373
v -598.25134 -1163.502 25.91373
v -598.5031 -1163.5134 25.91373
v -598.5031 -1163.6416 25.91373
v -598.25134 -1163.7515 25.91373
v -598.1735 -1170.0435 15.891389
v -596.82306 -1169.501 16.114557
v -597.02905 -1169.208 16.1738
v -597.87134 -1169.2195 16.112934
v -598.89905 -1169.3087 16.030972
v -599.0547 -1169.7094 15.961991
v -556.09753 -1084.2024 21.486048
v -555.00116 -1084.9989 21.546911
v -556.00366 -1082.0005 21.537174
v -536.5026 -1182.5017 17.949417
v -537.9995 -1183.0029 17.898293
v -533.0007 -1183.0029 18.114157
v -575.7061 -1080.2976 21.329422
v -573.0007 -1083.0007 21.329422
v -575.0561 -1080.016 21.329422
v -571.00024 -1182.0005 17.646719
v -571.00024 -1181.0002 17.667007
v -571.5038 -1182.5017 17.628864
v -571.00024 -1186.0013 17.557451
v -486.99933 -1073.9987 23.353367
v -486.99933 -1074.9989 23.94984
v -485.99908 -1074.9989 23.847588
v -485.99908 -1073.9987 23.017397
v -504.99884 -1102.0005 22.840485
v -503.99863 -1102.0005 22.932186
v -505.99908 -1101.5015 22.734175
v -508.99976 -1102.0005 22.454197
v -478.99976 -1117.0039 25.983524
v -477.99954 -1117.0039 26.11986
v -477.99954 -1115.999 26.086586
v -480 -1116.5004 25.858547
v -597.9354 -1106.9993 23.023077
v -597.50055 -1107.4296 22.735798
v -597.50055 -1104.9989 24.361282
v -597.70654 -1104.4792 24.615292
v -597.8805 -1104.9989 24.362095
v -597.93085 -1105.5046 24.027744
v -539.0021 -1185.0011 17.79604
v -539.0021 -1184.0032 17.846354
v -540 -1183.0029 17.707582
v -539.50104 -1185.5046 17.752216
v -483.99863 -1075.999 24.091858
v -482.9984 -1075.999 24.001778
v -483.99863 -1073.9987 22.55077
v -513.0007 -1070 21.501467
v -513.0007 -1068.9998 21.658901
v -514.0009 -1068.0042 21.61021
v -514.99884 -1067.4983 21.576126
v -472.9984 -1196.0037 19.842709
v -472.0531 -1194.8546 19.94496
v -472.91602 -1195.0835 19.84433
v -474.99884 -1197.0039 19.515663
v -595.97845 -1070.8308 31.62606
v -596.9421 -1070.7256 31.703157
v -596.00366 -1073.0029 30.09796
v -600 -1104.4999 24.85875
v -600 -1105.5046 24.85875
v -600 -1106.9993 24.85875
v -599.50104 -1107.5006 24.85875
v -599.4827 -1105.4567 24.852257
v -599.51935 -1104.921 24.848198
v -481.00024 -1074.9989 22.55077
v -482.00046 -1074.9989 22.55077
v -481.00024 -1077.0016 24.188429
v -470 -1068.0042 28.139748
v -470 -1067.7295 28.138935
v -470.68207 -1066.9124 28.138124
v -474.05356 -1065.0675 28.139748
v -455.99908 -1065.999 39.660168
v -455.99908 -1065.0011 39.813545
v -456.99933 -1063.7491 39.79326
v -456.4637 -1066.5278 39.6764
v -481.00024 -1086.0037 24.528458
v -478.99976 -1086.5004 24.939901
v -481.00024 -1085.5001 24.659924
v -482.00046 -1084.9989 24.517906
v -482.9984 -1084.9989 24.377514
v -453.99863 -1096.0013 27.541653
v -451.99817 -1096.5027 27.828934
v -454.99884 -1095.0011 27.644716
v -455.99908 -1095.0011 27.56681
v -584.0513 -1070.5768 21.331045
v -584.2115 -1070.1305 21.331045
v -584.91876 -1070.3777 21.331045
v -585.00116 -1073.0029 21.329422
v -590 -1068.938 32.377533
v -589.881 -1068.0659 32.376724
v -590.8812 -1068.0499 32.3751
v -592.00275 -1068.938 32.376724
v -593.7514 -1164.001 21.329422
v -594.2504 -1163.2501 21.329422
v -595.00116 -1163.0007 21.329422
v -595.5642 -1164.3123 21.177668
v -483.99863 -1073.9987 22.55077
v -484.99884 -1074.9989 23.746147
v -483.99863 -1075.999 24.091858
v -591.7418 -1146.3584 21.329422
v -591.28864 -1146.7773 21.329422
v -589.0021 -1143.0052 21.177668
v -600 -1109.0021 21.329422
v -598.6038 -1108.4161 21.351334
v -598.57635 -1108.0042 21.363506
v -600 -1107.5006 21.329422
v -598.21014 -1104.0856 21.369188
v -597.0016 -1105.5046 21.378115
v -597.54175 -1103.9666 21.376492
v -598.2422 -1102.9663 21.369188
v -598.9975 -1102.9893 21.34322
v -598.8144 -1103.2524 21.348087
v -458.99976 -1060.499 28.241188
v -458.52826 -1061.046 28.20467
v -458.0888 -1061.2543 28.17302
v -454.99884 -1060.9979 28.131632
v -558.99976 -1143.0052 19.025501
v -560.4944 -1141.8402 19.148853
v -560.6386 -1142.4445 19.129375
v -558.99976 -1144.001 18.971128
v -557.0016 -1131.0002 19.550558
v -557.6173 -1129.5284 19.95551
v -557.853 -1130.1511 19.974987
v -558.1575 -1131.9822 19.819984
v -460.99792 -1060.2838 28.070766
v -462.02792 -1059.7643 28.091057
v -461.99817 -1060.9979 28.131632
v -460.1236 -1061.1078 28.233072
v -528.99976 -1184.0032 18.330023
v -528.1254 -1185.8778 18.272406
v -527.50287 -1185.6969 18.321096
v -526.88257 -1185.4612 18.373034
v -556.00366 -1130.0046 19.788336
v -557.4456 -1128.8945 19.962814
v -557.6173 -1129.5284 19.95551
v -556.00366 -1131.0002 19.729904
v -491.00024 -1068.9998 22.568623
v -491.00024 -1068.0042 22.549957
v -491.458 -1068.1025 22.569433
v -493.00983 -1070.0298 22.766636
v -599.50104 -1107.5006 24.85875
v -600 -1106.9993 24.85875
v -600 -1110 24.85875
v -599.50104 -1110 24.85875
v -576.997 -1097.4845 21.23204
v -578.2719 -1097.1183 21.252327
v -577.94916 -1098.1873 21.387852
v -576.96497 -1099.0066 21.33916
v -574.00323 -1167.0016 21.177668
v -572.7512 -1166.5049 21.218243
v -572.0005 -1164.001 21.177668
v -486.77502 -1053.0442 39.812733
v -490 -1052.0005 39.813545
v -487.25568 -1053.7423 39.813545
v -473.35776 -1051.03 51.475983
v -473.99863 -1050.0046 51.47679
v -474.99884 -1050.0046 51.47679
v -473.4081 -1052.0669 51.475983
v -483.49966 -1115.5024 25.305899
v -482.00046 -1115.5024 25.563152
v -482.9984 -1114.9989 25.392733
v -485.99908 -1114.001 25.052704
v -600 -1199.0021 15.686884
v -600 -1200 15.418269
v -599.0021 -1200 15.278687
v -598.3475 -1198.9883 15.500233
v -481.00024 -1077.0016 24.188429
v -480 -1075.999 22.831556
v -481.00024 -1074.9989 22.55077
v -555.00116 -1062.9984 21.308323
v -554.0009 -1061.9982 21.509583
v -555.88007 -1061.1078 21.501467
v -466.99933 -1091.0026 26.458265
v -467.99954 -1090.499 26.336536
v -465.99908 -1092.0005 26.409573
v -462.9984 -1092.9984 26.712273
v -464.99884 -1092.0005 26.649786
v -600 -1163.0007 29.863426
v -597.6516 -1162.0005 30.57108
v -598.57635 -1162.0005 30.56702
v -599.4003 -1162.0005 30.549168
v -600 -1162.0005 30.501287
v -555.00116 -1124.001 20.130798
v -556.00366 -1123.0007 20.212763
v -556.4889 -1123.898 20.23711
v -555.00116 -1124.9989 20.069935
v -458.91968 -1061.8608 39.85331
v -460.13962 -1060.9178 39.841137
v -458.34058 -1062.9984 39.813545
v -456.99933 -1063.7491 39.79326
v -456.60333 -1063.7491 39.79326
v -456.99933 -1063.3531 39.759987
v -598.4024 -1106.5323 21.378115
v -598.00183 -1105.5046 21.378115
v -598.21014 -1104.0856 21.369188
v -599.04785 -1103.6919 21.33916
v -557.84845 -1051.9844 21.196333
v -557.95374 -1050.9956 21.196333
v -558.99976 -1050.0046 21.21094
v -560 -1050.0046 21.236908
v -482.00046 -1053.9987 51.475983
v -482.9961 -1056.0746 51.475983
v -482.00046 -1056.9283 51.475983
v -485.21173 -1054.548 28.129196
v -486.18677 -1054.9851 28.133255
v -483.99863 -1056.9993 28.138935
v -560.70953 -1126.569 21.414633
v -560.54706 -1126.1799 21.449528
v -562.0005 -1127.0016 21.177668
v -562.00964 -1128.8762 21.34322
v -595.5642 -1164.3123 21.177668
v -595.00116 -1163.0007 21.329422
v -595.7519 -1162.25 21.329422
v -596.31494 -1164.0994 21.271805
v -594.87756 -1161.2498 24.85875
v -595.5001 -1163.193 24.85875
v -593.9895 -1163.2113 24.855503
v -473.59122 -1053.4653 39.840324
v -473.12427 -1053.1174 39.817604
v -473.4539 -1051.8815 39.81598
v -474.99884 -1052.9984 39.813545
v -591.81274 -1165.7015 21.177668
v -592.02563 -1165.8389 21.177668
v -591.00024 -1167.0016 21.177668
v -589.0021 -1167.0016 21.177668
v -550 -1060.0023 21.516886
v -548.99976 -1061.9982 21.499844
v -548.99976 -1059.0021 21.521755
v -534.0032 -1164.001 18.31217
v -536.9993 -1164.001 18.336515
v -535.00116 -1165.0034 18.366543
v -557.0016 -1142.0005 19.087988
v -557.9995 -1139.0021 19.255163
v -557.9995 -1141.0002 19.138304
v -557.9995 -1142.0005 19.086365
v -530.0023 -1150 19.023066
v -530.0023 -1146.9993 19.115582
v -531.00024 -1148.0042 19.083931
v -568.99976 -1172.0005 17.856903
v -567.9995 -1174.0055 17.830935
v -567.9995 -1173.0007 17.858526
v -567.9995 -1171.0026 17.910465
v -558.99976 -1162.0005 18.159603
v -558.5031 -1163.502 18.119026
v -557.9995 -1163.0007 18.149054
v -557.9995 -1161.0048 18.199368
v -530.0023 -1150 19.023066
v -531.00024 -1148.0042 19.083931
v -531.00024 -1150 19.007648
v -531.00024 -1151.0002 18.974375
v -546.00134 -1088.9998 21.221489
v -546.9993 -1087.9995 21.177668
v -546.9993 -1088.9998 21.275051
v -546.9993 -1091.0026 21.276674
v -566.7979 -1148.8647 21.31157
v -563.1495 -1147.8507 21.378115
v -566.95355 -1148.0865 21.261253
v -560 -1150 18.660315
v -560 -1148.9998 18.707382
v -561.0025 -1148.9998 18.696833
v -561.0025 -1151.0002 18.606754
v -558.99976 -1148.9998 18.73822
v -560 -1146.9993 18.80152
v -560 -1148.9998 18.707382
v -560 -1150 18.660315
v -557.0016 -1134.0032 19.552181
v -558.3383 -1132.9458 19.74857
v -558.51685 -1133.9071 19.680403
v -557.0016 -1135.0034 19.492939
v -544.0009 -1193.0007 17.123285
v -544.0009 -1195.0011 17.042944
v -543.003 -1194.001 17.12653
v -543.003 -1193.0007 17.132212
v -556.00366 -1112.005 20.840885
v -555.00116 -1114.001 20.701302
v -555.00116 -1112.005 20.81248
v -555.00116 -1111.0002 20.868477
v -542.49945 -1192.5017 17.180092
v -543.003 -1193.0007 17.132212
v -543.003 -1194.001 17.12653
v -541.00024 -1192.005 17.290459
v -542.0005 -1192.005 17.22716
v -518.99976 -1105.999 21.585052
v -522.0005 -1106.9993 21.40733
v -518.99976 -1106.9993 21.527435
v -515.9991 -1124.001 20.595804
v -514.0009 -1124.001 20.781643
v -514.0009 -1123.0007 20.76379
v -514.99884 -1123.0007 20.711851
v -558.99976 -1171.0026 17.750593
v -560 -1171.0026 17.712452
v -561.0025 -1172.0005 17.766014
v -561.0025 -1173.0007 17.707582
v -566.00134 -1074.9989 21.65809
v -566.00134 -1073.9987 21.65809
v -567.0016 -1073.9987 21.558273
v -567.0016 -1075.999 21.66864
v -598.00183 -1073.9987 21.558273
v -599.0021 -1073.9987 21.65809
v -599.0021 -1074.9989 21.65809
v -598.00183 -1075.999 21.65809
v -600 -1143.0052 30.007881
v -600 -1144.001 30.007881
v -599.0021 -1145.0011 30.166126
v -598.00183 -1145.0011 30.166126
v -539.0021 -1166.0037 18.281332
v -539.0021 -1167.0016 18.24806
v -537.9995 -1164.001 18.291882
v -539.0021 -1164.001 18.33327
v -597.0016 -1196.0037 16.164873
v -600 -1198.0018 15.79644
v -600 -1199.0021 15.686884
v -550 -1120 20.383184
v -548.99976 -1120 20.299597
v -548.5008 -1119.501 20.27525
v -548.99976 -1117.9995 20.452974
v -487.99954 -1081.0048 23.691774
v -487.99954 -1082.4994 23.707193
v -485.99908 -1083.502 23.975807
v -508.99976 -1071.0002 21.836626
v -510 -1071.0002 21.777386
v -510 -1071.9982 21.65241
v -507.99954 -1071.9982 21.906418
v -514.99884 -1181.0002 18.963013
v -514.0009 -1181.0002 18.980057
v -514.0009 -1180 18.806389
v -515.9991 -1180 18.937857
v -557.9995 -1086.0037 21.169552
v -555.8503 -1084.7036 21.47144
v -557.0016 -1083.9987 21.36026
v -568.99976 -1172.0005 17.856903
v -567.9995 -1171.0026 17.910465
v -570.016 -1169.9977 17.99811
v -518.99976 -1126.0013 20.20059
v -517.9995 -1124.001 20.50816
v -518.99976 -1123.0007 20.551981
v -536.9993 -1175.0011 17.898293
v -535.00116 -1174.0055 17.997297
v -535.9991 -1174.0055 18.02002
v -536.9993 -1174.0055 18.024078
v -537.9995 -1175.0011 17.925072
v -483.99863 -1108.0018 25.09896
v -482.9984 -1109.4988 25.350533
v -482.00046 -1110 25.404905
v -481.00024 -1110 25.506346
v -568.99976 -1200 16.90255
v -570.0023 -1197.0039 17.251505
v -570.0023 -1198.0018 17.178469
v -570.0023 -1200 16.85548
v -450.99792 -1088.9998 27.5238
v -452.1172 -1089.4827 27.788357
v -450.99792 -1089.8398 27.84354
v -450 -1090.0023 27.88087
v -450 -1088.9998 27.366364
v -591.3207 -1158.011 24.85875
v -590 -1158.9998 24.85875
v -590 -1158.0018 24.85875
v -591.41907 -1156.7109 24.85875
v -459.58344 -1071.7418 28.095114
v -459.2744 -1072.2637 28.10485
v -457.99954 -1071.9982 28.134878
v -459.99084 -1070.3319 28.10891
v -459.90158 -1071.0437 28.095924
v -498.99976 -1091.0026 23.19999
v -500 -1091.0026 23.109911
v -500 -1092.0005 23.006847
v -496.99933 -1091.0026 23.224335
v -580 -1199.0021 17.182526
v -579.0021 -1199.0021 17.010483
v -578.00415 -1198.0018 17.079462
v -578.00415 -1197.0039 17.123285
v -568.99976 -1177.0016 17.78062
v -569.0272 -1175.6924 17.882874
v -569.9291 -1176.0746 18.007847
v -570.3365 -1176.7795 17.919392
v -569.50104 -1177.5028 17.768448
v -539.0021 -1176.0013 17.800909
v -539.0021 -1175.0011 17.975388
v -542.0005 -1174.0055 17.96078
v -483.99863 -1083.9987 24.23793
v -484.99884 -1083.9987 24.116203
v -484.99884 -1084.9989 24.000154
v -482.9984 -1084.9989 24.377514
v -497.99954 -1077.0016 22.618126
v -498.99976 -1077.0016 22.527235
v -498.99976 -1078.0018 22.36006
v -496.99933 -1078.0018 22.706581
v -555.00116 -1062.9984 21.308323
v -554.0009 -1065.0011 21.495785
v -554.0009 -1061.9982 21.509583
v -576.00134 -1074.9989 21.558273
v -573.0007 -1073.9987 21.558273
v -574.00323 -1073.9987 21.65809
v -576.00134 -1073.9987 21.65809
v -546.9993 -1087.9995 21.177668
v -548.00183 -1084.9989 21.320496
v -548.00183 -1086.9993 21.330235
v -546.9993 -1088.9998 21.275051
v -483.99863 -1108.0018 25.09896
v -485.99908 -1108.0018 25.012127
v -483.99863 -1109.0021 25.29535
v -482.9984 -1109.4988 25.350533
v -497.99954 -1199.0021 19.124508
v -496.99933 -1200 19.15778
v -495.99908 -1200 19.047413
v -497.99954 -1198.0018 18.937857
v -589.84204 -1070.5745 21.331045
v -591.1147 -1070.6798 21.331045
v -590 -1073.0029 21.329422
v -553.0007 -1081.0048 21.443848
v -556.00366 -1081.0048 21.31157
v -556.00366 -1082.0005 21.537174
v -593.0396 -1146.3584 24.85875
v -593.0007 -1144.9645 24.85875
v -593.99866 -1144.9462 24.85875
v -594.14056 -1146.5027 24.85875
v -558.3383 -1132.9458 19.74857
v -557.0016 -1134.0032 19.552181
v -556.50037 -1133.502 19.58302
v -558.1575 -1131.9822 19.819984
v -576.00134 -1138.7389 21.177668
v -576.997 -1138.7823 21.177668
v -579.0021 -1142.0005 21.177668
v -591.32526 -1158.9563 21.329422
v -588.00183 -1157.0016 21.332668
v -591.3161 -1158.011 21.329422
v -578.15063 -1135.9006 21.34322
v -578.3246 -1134.9302 21.395157
v -579.0021 -1137.9995 21.177668
v -578.2376 -1137.8851 21.208506
v -577.9995 -1137.3037 21.245836
v -567.9995 -1193.0007 17.378916
v -567.9995 -1194.001 17.184149
v -567.0016 -1192.005 17.251505
v -567.0016 -1191.0002 17.438156
v -567.9995 -1192.005 17.404884
v -575.05835 -1071.49 21.330235
v -575.00116 -1073.0029 21.329422
v -574.00323 -1073.0052 21.329422
v -573.8933 -1071.6365 21.329422
v -465.5207 -1065.6055 51.475983
v -464.8501 -1065.1201 51.475983
v -466.99933 -1061.9982 51.475983
v -600 -1155.0011 29.259653
v -598.83496 -1155.9327 29.259653
v -598.65875 -1155.6832 29.259653
v -600 -1153.0029 29.259653
v -517.9446 -1057.1 21.734375
v -514.99884 -1057.9995 22.07846
v -518.07275 -1056.0105 21.761967
v -472.9984 -1088.9998 25.73682
v -473.99863 -1088.9998 25.466581
v -474.99884 -1092.0005 25.606976
v -479.8146 -1175.1156 19.842709
v -476.99933 -1176.0013 20.273628
v -480.04807 -1173.9529 19.953886
v -596.00366 -1068.9288 32.3751
v -596.0128 -1066.3447 32.3751
v -597.2328 -1066.2097 32.3751
v -457.3152 -1068.6335 32.07159
v -457.99954 -1070 32.87094
v -455.99908 -1068.0042 31.379358
v -456.06088 -1066.949 30.953308
v -477.99954 -1078.9998 24.952885
v -473.68964 -1079.6772 24.499243
v -476.3424 -1078.6312 24.416466
v -463.65985 -1055.999 28.131632
v -463.33716 -1056.9077 28.113777
v -462.06683 -1057.9514 28.14137
v -460 -1059.0021 28.131632
v -569.8558 -1055.0103 32.376724
v -569.7642 -1054.033 32.376724
v -573.0007 -1053.9987 32.376724
v -591.7395 -1146.3584 24.85875
v -592.00275 -1144.9828 24.85875
v -593.0007 -1144.9645 24.85875
v -593.0396 -1146.3584 24.85875
v -476.9444 -1077.8577 23.910074
v -477.99954 -1078.0018 24.352356
v -477.99954 -1078.9998 24.952885
v -476.3424 -1078.6312 24.416466
v -491.00024 -1143.0052 22.080894
v -492.00046 -1139.0021 22.472052
v -492.00046 -1142.0005 22.457443
v -574.00323 -1062.9984 32.37835
v -573.98486 -1066.237 32.37835
v -572.9961 -1066.0746 32.37835
v -470.49896 -1052.4055 51.475983
v -470.83313 -1053.0442 51.475983
v -468.99976 -1053.9987 51.475983
v -469.96567 -1051.8242 51.475983
v -594.9966 -1144.9004 24.85875
v -595.00116 -1146.7887 24.85875
v -594.4198 -1146.6239 24.85875
v -594.14056 -1146.5027 24.85875
v -593.99866 -1144.9462 24.85875
v -557.4456 -1128.8945 19.962814
v -556.00366 -1130.0046 19.788336
v -555.5001 -1129.501 19.814304
v -557.2442 -1127.9607 20.002579
v -591.2932 -1150.0092 21.329422
v -591.4351 -1150.6958 21.329422
v -587.0039 -1152.0027 21.177668
v -480 -1075.999 22.831556
v -481.00024 -1077.0016 24.188429
v -480 -1077.0016 24.082119
v -478.99976 -1075.999 22.55077
v -595.00116 -1194.001 16.361261
v -593.138 -1194.8638 16.10969
v -595.28955 -1192.1951 16.097515
v -593.0007 -1162.7512 21.329422
v -594.7494 -1161.9822 21.329422
v -595.24603 -1161.9478 21.329422
v -595.2529 -1162.25 21.329422
v -595.00116 -1163.0007 21.329422
v -594.2504 -1163.2501 21.329422
v -495.99908 -1078.4985 22.799908
v -493.99863 -1080 22.850222
v -492.00046 -1081.0048 23.069334
v -492.00046 -1080.499 23.221088
v -491.767 -1067.7546 22.569433
v -491.458 -1068.1025 22.569433
v -491.00024 -1068.0042 22.549957
v -491.00024 -1064.001 22.55077
v -478.99976 -1060.9979 28.139748
v -479.35684 -1060.1671 28.136501
v -481.00024 -1059.0021 28.136501
v -483.0739 -1058.0979 28.139748
v -567.0016 -1173.0007 17.820385
v -567.3564 -1171.0026 17.88612
v -567.9995 -1171.0026 17.910465
v -567.9995 -1173.0007 17.858526
v -490 -1106.9993 24.511415
v -488.9998 -1106.9993 24.635578
v -491.00024 -1105.999 24.211964
v -493.99863 -1104.9989 23.857327
v -492.00046 -1105.999 24.246859
v -600 -1102.5017 21.329422
v -598.9975 -1102.9893 21.34322
v -599.02954 -1102.108 21.334291
v -600 -1100 21.329422
v -591.751 -1162.25 24.85875
v -591.252 -1162.7512 24.85875
v -591.00024 -1163.0007 24.85875
v -590 -1163.0007 24.85875
v -591.4946 -1161.0139 24.85875
v -591.69147 -1161.1696 24.85875
v -492.9984 -1105.999 24.137302
v -492.00046 -1105.999 24.246859
v -493.99863 -1104.9989 23.857327
v -496.99933 -1104.0032 23.518108
v -494.99884 -1104.9989 23.904394
v -495.99908 -1104.9989 23.800518
v -494.99884 -1104.9989 23.904394
v -496.99933 -1104.0032 23.518108
v -500 -1103.0029 23.178078
v -497.99954 -1104.0032 23.565178
v -492.9984 -1141.0002 21.981077
v -492.00046 -1142.0005 22.457443
v -492.00046 -1139.0021 22.472052
v -486.99933 -1108.0018 24.900948
v -485.99908 -1108.0018 25.012127
v -487.99954 -1106.9993 24.590944
v -491.00024 -1105.999 24.211964
v -488.9998 -1106.9993 24.635578
v -596.00366 -1167.0016 21.177668
v -596.7544 -1166.0037 21.17929
v -597.7523 -1165.9968 21.18497
v -597.9995 -1166.0518 21.20039
v -598.114 -1166.157 21.20607
v -598.00183 -1167.0016 21.177668
v -566.00134 -1060.7897 35.247902
v -566.00134 -1059.7894 35.247902
v -566.6972 -1059.034 35.247902
v -566.7247 -1061.8883 35.247902
v -566.0426 -1061.7441 35.247902
v -555.0561 -1088.2993 21.236908
v -554.6029 -1089.0868 21.305077
v -553.0007 -1088.9998 21.41788
v -553.0007 -1087.9995 21.422749
v -561.0025 -1148.9998 18.696833
v -561.96387 -1148.0797 18.601072
v -562.16754 -1148.9312 18.566177
v -561.0025 -1151.0002 18.606754
v -555.7473 -1065.1545 21.46089
v -555.00116 -1062.9984 21.308323
v -555.88007 -1061.1078 21.501467
v -598.68164 -1159.4598 29.259653
v -600 -1158.0018 29.259653
v -600 -1160 29.259653
v -598.613 -1160 29.259653
v -578.15063 -1135.9006 21.34322
v -577.9995 -1137.3037 21.245836
v -576.82306 -1137.226 21.223114
v -576.8322 -1135.9373 21.391098
v -598.00183 -1167.0016 21.177668
v -598.82355 -1166.0037 21.177668
v -599.0021 -1165.8206 21.177668
v -600 -1166.0037 21.177668
v -600 -1167.0016 21.177668
v -465.99908 -1071.0002 36.925323
v -466.99933 -1071.0002 37.34732
v -465.99908 -1071.9982 36.599903
v -463.99863 -1073.0029 35.431305
v -452.9984 -1068.9998 30.83239
v -452.9984 -1070 31.25276
v -451.99817 -1068.0042 30.084164
v -451.99817 -1066.9993 29.663792
v -452.9984 -1068.0042 30.409584
v -450 -1065.999 28.57148
v -450.99792 -1065.999 28.918
v -451.4992 -1066.5027 29.28968
v -451.99817 -1066.9993 29.663792
v -451.99817 -1068.0042 30.084164
v -458.20325 -1064.6968 51.475983
v -456.95813 -1066.0334 51.475983
v -456.49805 -1065.4658 51.475983
v -456.99933 -1064.001 51.475983
v -557.0016 -1131.0002 19.550558
v -558.1575 -1131.9822 19.819984
v -556.50037 -1133.502 19.58302
v -472.9984 -1068.9998 40.001007
v -475.99908 -1068.9998 40.06106
v -474.1039 -1070.1465 39.926346
v -596.00366 -1145.0011 30.166126
v -596.00366 -1144.001 29.776596
v -597.0016 -1143.0052 29.615913
v -597.1321 -1143.0121 29.651619
v -597.0016 -1145.0011 30.166126
v -492.78094 -1072.6482 23.18457
v -493.31198 -1070.3845 22.803965
v -493.99863 -1070.531 22.868076
v -494.0444 -1071.9111 23.02957
v -521.0025 -1188.0018 19.24299
v -517.87134 -1188.6542 19.537575
v -518.8624 -1187.9469 19.625217
v -520.11676 -1187.1893 19.642262
v -563.2021 -1152.9733 18.476097
v -563.0007 -1154.001 18.265102
v -561.50146 -1154.5045 18.447695
v -563.0007 -1152.0027 18.552382
v -459.92447 -1083.8613 24.891209
v -466.6514 -1081.2681 24.335314
v -462.9984 -1083.0007 25.025112
v -513.49963 -1188.5009 19.044167
v -513.0007 -1188.0018 19.049847
v -513.0007 -1187.0062 19.054716
v -514.99884 -1187.0062 19.006025
v -521.0025 -1114.001 21.125729
v -522.0005 -1113.0007 21.148453
v -522.0005 -1114.001 21.096516
v -522.0005 -1114.9989 21.034027
v -521.4992 -1115.999 20.981277
v -595.0721 -1071.0002 24.989403
v -594.95996 -1070.1671 24.989403
v -597.0016 -1070.0732 24.989403
v -597.0016 -1071.0002 24.989403
v -467.99954 -1122.0027 27.028769
v -467.99954 -1121.0026 27.04581
v -468.99976 -1120.5012 26.982512
v -471.00024 -1120 26.84293
v -531.00024 -1130.0046 20.294727
v -530.49896 -1129.501 20.331245
v -530.0023 -1127.9995 20.25821
v -532.0005 -1128.9998 20.21114
v -461.47632 -1066.8391 22.55077
v -462.12177 -1067.8462 22.55077
v -460 -1070 22.55077
v -533.0007 -1131.0002 20.034227
v -533.0007 -1134.0032 19.915745
v -532.5017 -1133.502 19.976608
v -532.0005 -1132.0005 20.124308
v -518.99976 -1178.0042 18.691153
v -518.99976 -1179.0044 18.853458
v -517.9995 -1179.501 18.884296
v -515.9991 -1180 18.937857
v -541.00024 -1192.005 17.290459
v -541.50146 -1189.5033 17.362684
v -542.0005 -1190 17.239332
v -542.0005 -1191.0002 17.223913
v -542.0005 -1192.005 17.22716
v -557.0016 -1131.0002 19.550558
v -556.50037 -1133.502 19.58302
v -556.00366 -1133.0007 19.613045
v -556.00366 -1131.0002 19.729904
v -523.0007 -1114.9989 20.882273
v -522.0005 -1114.9989 21.034027
v -522.0005 -1114.001 21.096516
v -522.49945 -1112.005 21.174421
v -574.72876 -1079.1462 21.329422
v -573.0007 -1077.0016 21.329422
v -575.86176 -1078.503 21.329422
v -584.2527 -1067.7546 15.278687
v -580 -1068.9998 15.278687
v -584.0009 -1066.9993 15.278687
v -475.99908 -1060.0023 51.475983
v -476.94897 -1060.0481 51.475983
v -476.94897 -1060.8331 51.355877
v -475.14075 -1062.1881 51.367237
v -500 -1078.9998 22.377914
v -495.99908 -1078.4985 22.799908
v -498.99976 -1078.0018 22.36006
v -470 -1091.0026 25.975407
v -470 -1090.0023 26.100384
v -471.00024 -1089.501 25.975407
v -472.9984 -1088.9998 25.73682
v -456.99933 -1117.9995 27.742912
v -456.99933 -1118.9998 27.964458
v -455.99908 -1119.501 28.030191
v -453.99863 -1120 28.1576
v -578.26965 -1138.7389 21.177668
v -578.2376 -1137.8851 21.208506
v -579.0021 -1137.9995 21.177668
v -579.0021 -1142.0005 21.177668
v -467.94232 -1075.079 36.645348
v -463.98718 -1078.1368 34.568657
v -464.99884 -1077.0016 34.538628
v -568.99976 -1172.0005 17.856903
v -569.38885 -1174.3168 17.837427
v -568.954 -1174.6006 17.84473
v -567.9995 -1174.0055 17.830935
v -471.62967 -1066.3196 22.55077
v -472.45135 -1065.9739 22.55077
v -471.00024 -1071.0002 22.55077
v -452.0096 -1059.2035 39.813545
v -452.08514 -1060.9178 39.813545
v -451.4511 -1059.7528 39.813545
v -451.14673 -1059.0319 39.813545
v -451.00708 -1058.1552 39.813545
v -451.88602 -1057.7386 39.81111
v -473.99863 -1088.9998 25.466581
v -472.9984 -1088.9998 25.73682
v -475.99908 -1087.4983 25.333492
v -477.99954 -1086.9993 25.077862
v -526.1295 -1186.6102 18.932987
v -526.99243 -1186.8964 18.83804
v -523.91394 -1190.1075 18.830734
v -456.99933 -1084.9989 25.260452
v -453.99863 -1086.0037 25.459278
v -452.9984 -1086.0037 25.223122
v -459.92447 -1083.8613 24.891209
v -562.0119 -1142.9595 21.378115
v -561.8036 -1141.9822 21.378115
v -566.00134 -1144.001 21.378115
v -555.96704 -1105.2758 21.124107
v -556.95123 -1105.0492 21.127354
v -557.0016 -1105.999 21.118425
v -557.0016 -1106.9993 21.069735
v -556.0769 -1107.1046 21.059185
v -569.0272 -1175.6924 17.882874
v -568.99976 -1177.0016 17.78062
v -567.9995 -1177.0016 17.766825
v -568.5008 -1174.4999 17.83905
v -568.954 -1174.6006 17.84473
v -588.88074 -1068.0842 32.377533
v -589.881 -1068.0659 32.376724
v -590 -1068.938 32.377533
v -588.00183 -1068.9563 32.37835
v -587.42505 -1068.2444 32.37835
v -517.0016 -1189.2126 19.474276
v -517.87134 -1188.6542 19.537575
v -518.03845 -1190.1075 19.281132
v -517.01074 -1190.5219 19.316027
v -516.21423 -1190 19.449928
v -470.2495 -1067.75 39.691006
v -471.00024 -1068.0042 40.008312
v -470 -1068.9998 39.26252
v -467.99954 -1070 38.093925
v -468.99976 -1068.9998 38.84134
v -597.1321 -1143.0121 29.651619
v -598.0179 -1143.0991 29.894266
v -598.00183 -1145.0011 30.166126
v -597.0016 -1145.0011 30.166126
v -460 -1122.0027 27.725868
v -460.99792 -1123.0007 27.618748
v -459.7345 -1123.566 27.696655
v -458.42526 -1123.8407 27.827309
v -592.8771 -1161.2498 21.329422
v -593.2502 -1162.0005 21.329422
v -593.0007 -1162.25 21.329422
v -592.00275 -1162.7512 21.329422
v -591.3092 -1161.0895 21.329422
v -575.00116 -1073.0029 21.329422
v -575.05835 -1071.49 21.330235
v -576.1181 -1070.7073 21.331045
v -576.00134 -1073.0029 21.329422
v -579.0021 -1132.0005 21.177668
v -578.3246 -1134.9302 21.395157
v -577.97205 -1134.3809 21.433298
v -578.00415 -1132.0005 21.378115
v -585.00116 -1062.9984 32.377533
v -586.7613 -1061.9684 32.377533
v -586.8162 -1062.9984 32.377533
v -586.775 -1064.0879 32.377533
v -452.9984 -1052.9984 28.131632
v -452.6848 -1056.3699 28.121082
v -452.18127 -1055.8091 28.108097
v -451.69376 -1055.0583 28.092678
v -599.0021 -1145.0011 30.166126
v -600 -1145.0011 30.332489
v -599.0021 -1146.0013 30.9809
v -598.00183 -1146.0013 30.9809
v -598.00183 -1145.0011 30.166126
v -556.00366 -1086.9993 21.137903
v -555.88464 -1088.13 21.191463
v -555.0561 -1088.2993 21.236908
v -553.0007 -1087.9995 21.422749
v -567.9995 -1179.0044 17.766014
v -569.50104 -1177.5028 17.768448
v -570.2083 -1177.8599 17.823631
v -570.0023 -1179.0044 17.724625
v -590 -1151.0002 24.85875
v -591.2932 -1150.0092 24.85875
v -591.4351 -1150.6958 24.85875
v -590 -1153.0029 24.85875
v -596.2051 -1062.0005 32.3751
v -594.548 -1062.1721 32.3751
v -595.7885 -1059.6934 32.3751
v -530.7622 -1187.0795 18.050047
v -529.02264 -1186.2485 18.199368
v -528.99976 -1184.0032 18.330023
v -571.0666 -1174.1886 17.735176
v -569.38885 -1174.3168 17.837427
v -568.99976 -1172.0005 17.856903
v -594.2504 -1165.7496 21.177668
v -595.5001 -1166.0037 21.177668
v -594.0009 -1167.0016 21.177668
v -593.0007 -1167.0016 21.177668
v -593.2502 -1166.0037 21.177668
v -593.4401 -1165.8137 21.177668
v -510.89264 -1135.04 19.890587
v -510.10757 -1135.2048 19.888153
v -511.00024 -1130.0046 20.483812
v -463.99863 -1073.0029 35.431305
v -462.9984 -1073.9987 34.685516
v -461.60907 -1074.2664 34.34224
v -465.99908 -1071.0002 36.925323
v -457.38385 -1071.3984 22.55077
v -459.01807 -1071.8379 22.55077
v -457.99954 -1073.9987 22.55077
v -451.99817 -1087.9995 26.942747
v -450.99792 -1088.9998 27.5238
v -450 -1088.9998 27.366364
v -450 -1087.9995 26.460701
v -600 -1148.9998 29.259653
v -600 -1151.0002 29.258842
v -600 -1153.0029 29.259653
v -599.0021 -1152.0027 29.259653
v -571.00024 -1186.0013 17.557451
v -571.5038 -1182.5017 17.628864
v -572.0005 -1183.0029 17.611824
v -572.0005 -1185.0011 17.568
v -507.9446 -1116.2349 22.193697
v -507.10687 -1116.7957 22.268358
v -505.99908 -1117.0039 22.318672
v -508.99976 -1114.001 22.170975
v -579.0021 -1052.0005 15.278687
v -580 -1052.0005 15.278687
v -580 -1052.9984 15.278687
v -576.00134 -1052.0005 15.278687
v -552.00275 -1055.0034 21.550158
v -554.0009 -1052.0005 21.580996
v -554.0009 -1053.9987 21.56233
v -550 -1071.0002 21.433298
v -548.00183 -1073.9987 21.375679
v -548.00183 -1073.0029 21.384605
v -548.00183 -1071.9982 21.393534
v -550 -1073.0029 21.421125
v -548.00183 -1075.999 21.357014
v -548.00183 -1074.9989 21.366753
v -548.00183 -1073.9987 21.375679
v -454.1886 -1081.5381 22.549957
v -452.9984 -1081.9456 22.548334
v -452.9984 -1080 22.55077
v -453.3097 -1078.9814 22.55077
v -492.00046 -1050.0046 28.133255
v -492.9984 -1050.0046 28.138124
v -491.00024 -1052.0005 28.14137
v -491.00024 -1050.0046 28.025322
v -535.9991 -1141.0002 19.299797
v -535.00116 -1142.0005 19.40286
v -534.0032 -1141.0002 19.421526
v -534.0032 -1140.0023 19.48239
v -536.9993 -1145.0011 19.122885
v -535.9991 -1146.0013 19.238934
v -535.00116 -1145.0011 19.266525
v -535.00116 -1144.001 19.3071
v -550 -1051.0002 21.579372
v -548.99976 -1052.0005 21.516886
v -548.99976 -1050.0046 21.489292
v -550 -1050.0046 21.516886
v -551.00024 -1050.0046 21.589922
v -517.0016 -1122.0027 20.699678
v -514.99884 -1123.0007 20.711851
v -514.0009 -1123.0007 20.76379
v -514.0009 -1122.0027 20.828712
v -520 -1097.9995 21.588299
v -521.0025 -1100 21.553404
v -520 -1100 21.61589
v -518.99976 -1099.0044 21.694609
v -551.00024 -1124.9989 20.06182
v -550 -1126.0013 19.992027
v -548.99976 -1124.9989 19.918991
v -548.99976 -1124.001 19.992027
v -548.00183 -1123.0007 20.022055
v -548.99976 -1121.0026 20.224936
v -548.99976 -1122.0027 20.14703
v -548.99976 -1124.001 19.992027
v -548.99976 -1124.9989 19.918991
v -500 -1075.999 22.447704
v -498.99976 -1077.0016 22.527235
v -497.99954 -1077.0016 22.618126
v -494.99884 -1077.0016 22.867264
v -535.9991 -1155.0011 18.717934
v -535.00116 -1155.0011 18.786913
v -535.9991 -1153.0029 18.856705
v -536.9993 -1153.0029 18.783667
v -508.99976 -1101.0002 22.467993
v -508.99976 -1102.0005 22.454197
v -505.99908 -1101.5015 22.734175
v -506.99933 -1101.0002 22.62624
v -470.11902 -1064.6006 39.813545
v -469.4026 -1064.9462 39.813545
v -467.99954 -1060.0023 39.813545
v -521.0025 -1117.9995 20.831957
v -520.49896 -1118.9998 20.745935
v -518.99976 -1117.9995 20.85955
v -521.0025 -1117.0039 20.92934
v -532.0005 -1132.0005 20.124308
v -532.0005 -1133.0007 20.037474
v -530.0023 -1134.0032 19.96606
v -531.4992 -1131.4991 20.171375
v -548.99976 -1114.001 20.762165
v -550 -1120 20.383184
v -548.99976 -1117.9995 20.452974
v -564.0009 -1187.0062 17.411377
v -564.0009 -1184.0032 17.642662
v -565.0034 -1185.0011 17.616692
v -565.0034 -1186.0013 17.590723
v -524.99884 -1104.0032 21.223114
v -524.0009 -1105.999 21.352146
v -524.0009 -1104.9989 21.378925
v -524.0009 -1104.0032 21.318872
v -524.0009 -1103.0029 21.33916
v -524.0009 -1102.0005 21.29615
v -501.00024 -1102.0005 23.058784
v -503.99863 -1102.0005 22.932186
v -502.00046 -1103.0029 23.129387
v -501.00024 -1103.0029 23.224335
v -598.00183 -1081.0048 21.329422
v -600 -1078.0018 21.329422
v -600 -1078.9998 21.329422
v -600 -1080 21.177668
v -527.50287 -1126.5004 20.457844
v -526.9993 -1126.0013 20.494362
v -527.9995 -1126.0013 20.33855
v -530.0023 -1127.9995 20.25821
v -528.99976 -1127.9995 20.390488
v -528.5008 -1127.5028 20.405907
v -527.9995 -1126.0013 20.33855
v -526.9993 -1126.0013 20.494362
v -527.9995 -1122.0027 20.5885
v -567.0016 -1066.9993 15.278687
v -571.00024 -1070 15.278687
v -567.0016 -1068.0042 15.278687
v -600 -1146.0013 24.85875
v -599.0021 -1146.7887 24.85875
v -599.10046 -1144.4518 24.85875
v -600 -1144.001 24.85875
v -553.0007 -1104.9989 21.10463
v -553.94824 -1103.0029 21.215809
v -554.0009 -1104.0032 21.165495
v -554.0009 -1106.9993 21.022667
v -567.9995 -1194.001 17.184149
v -568.99976 -1195.0011 17.314804
v -568.99976 -1196.0037 17.272606
v -567.9995 -1197.0039 17.064043
v -483.99863 -1062.9984 22.55077
v -480.5722 -1060.0023 22.55077
v -480.93842 -1059.1348 22.55077
v -574.6555 -1067.9927 15.278687
v -571.00024 -1070 15.278687
v -574.71277 -1066.8506 15.278687
v -451.99817 -1065.0011 28.818182
v -450 -1065.999 28.57148
v -450 -1065.0011 28.56174
v -452.9984 -1064.001 28.717552
v -586.8025 -1068.0225 32.37835
v -587.42505 -1068.2444 32.37835
v -588.00183 -1068.9563 32.37835
v -584.0009 -1068.9495 32.37835
v -572.0005 -1200 17.050247
v -571.00024 -1200 16.877392
v -570.0023 -1200 16.85548
v -570.0023 -1198.0018 17.178469
v -570.5013 -1198.5054 17.150877
v -563.1815 -1066.0083 30.31707
v -563.0007 -1065.0011 30.160446
v -564.19775 -1064.8616 30.88514
v -566.00134 -1065.0011 32.111355
v -563.0007 -1182.0005 17.546902
v -564.0009 -1183.0029 17.672688
v -564.0009 -1184.0032 17.642662
v -564.0009 -1187.0062 17.411377
v -563.0007 -1181.0002 17.707582
v -564.0009 -1182.0005 17.697033
v -564.0009 -1183.0029 17.672688
v -563.0007 -1182.0005 17.546902
v -561.0025 -1179.0044 17.637793
v -453.99863 -1200 21.188217
v -452.9984 -1200 21.433298
v -454.99884 -1196.0037 21.10463
v -533.0007 -1157.0016 18.806389
v -534.0032 -1156.006 18.78529
v -534.0032 -1157.0016 18.648142
v -530.0023 -1160 18.623796
v -474.47928 -1078.4321 23.306301
v -476.3424 -1078.6312 24.416466
v -473.68964 -1079.6772 24.499243
v -472.9984 -1064.001 39.660168
v -475.99908 -1062.9984 40.06106
v -473.99863 -1065.0011 40.06106
v -554.5434 -1072.4559 21.388664
v -553.0007 -1074.9989 21.45602
v -553.0007 -1073.0029 21.46657
v -553.87964 -1071.9844 21.434921
v -594.2504 -1165.7496 21.177668
v -593.57745 -1165.1912 21.177668
v -593.5042 -1165.0034 21.177668
v -594.0009 -1164.2527 21.177668
v -595.5642 -1164.3123 21.177668
v -595.5207 -1164.9989 21.177668
v -576.997 -1138.7823 21.177668
v -578.26965 -1138.7389 21.177668
v -579.0021 -1142.0005 21.177668
v -451.99817 -1127.0016 27.030392
v -452.94348 -1127.0016 27.127773
v -452.3781 -1128.0911 26.958164
v -450 -1127.9995 26.769892
v -450.99792 -1127.2122 26.90217
v -581.00024 -1071.9982 21.329422
v -581.9043 -1070.531 21.331045
v -582.6551 -1070.6523 21.331045
v -582.0005 -1073.0029 21.329422
v -458.2719 -1076.4363 28.139748
v -457.77982 -1076.5736 28.139748
v -457.99954 -1074.9989 28.136501
v -460.04578 -1072.9663 28.117023
v -579.0021 -1137.9995 21.177668
v -578.3246 -1134.9302 21.395157
v -579.0021 -1132.0005 21.177668
v -484.99884 -1074.9989 23.746147
v -483.99863 -1073.9987 22.55077
v -484.99884 -1073.9987 22.680614
v -485.99908 -1073.9987 23.017397
v -485.99908 -1074.9989 23.847588
v -564.4564 -1158.8326 18.086565
v -563.0007 -1161.0048 18.180702
v -563.0007 -1158.9998 18.251305
v -564.2435 -1157.9469 18.123085
v -565.4566 -1162.829 17.93481
v -564.0009 -1165.0034 18.036251
v -564.0009 -1163.0007 18.10523
v -565.24146 -1161.9409 17.968082
v -477.0268 -1057.995 39.82815
v -476.4843 -1057.6241 39.850876
v -475.99908 -1055.0034 39.813545
v -478.20096 -1058.4664 39.820038
v -600 -1172.0005 15.650365
v -598.1735 -1170.0435 15.891389
v -599.0547 -1169.7094 15.961991
v -600 -1170.0023 15.759921
v -458.99976 -1059.0021 39.813545
v -462.076 -1057.9697 39.802185
v -460.99792 -1059.0021 39.813545
v -459.70703 -1060.1122 39.873596
v -473.59122 -1053.4653 28.1576
v -473.12427 -1053.1174 28.133255
v -473.4539 -1051.8815 28.133255
v -475.99908 -1055.0034 28.131632
v -459.9611 -1065.056 51.475983
v -460.0641 -1062.9205 51.475983
v -460.88348 -1063.5912 51.475983
v -461.149 -1065.8503 51.475983
v -467.2328 -1080.5127 22.55077
v -465.99908 -1080.9498 22.55077
v -465.13617 -1080.8652 22.55077
v -464.63263 -1079.1256 22.55077
v -503.00067 -1074.9989 22.052492
v -501.00024 -1075.5001 22.368176
v -505.99908 -1073.0029 22.028147
v -506.99933 -1072.4994 21.967281
v -504.99884 -1073.9987 21.92346
v -471.00024 -1170.0023 21.529058
v -472.0737 -1170.8995 21.335915
v -471.62738 -1172.0348 21.280731
v -470 -1171.0026 21.555027
v -456.95813 -1066.0334 51.475983
v -458.20325 -1064.6968 51.475983
v -458.867 -1065.1316 51.475983
v -457.79813 -1067.1504 51.475983
v -481.1147 -1173.9574 19.738022
v -480.04807 -1173.9529 19.953886
v -482.00046 -1170.0023 20.127552
v -553.0007 -1102.0005 21.224735
v -554.33966 -1101.8265 21.186594
v -553.94824 -1103.0029 21.215809
v -553.0007 -1104.9989 21.10463
v -556.00366 -1126.0013 19.824854
v -557.07715 -1126.9924 20.070747
v -555.5001 -1129.501 19.814304
v -576.86884 -1075.0424 21.329422
v -581.00024 -1071.9982 21.329422
v -577.0016 -1075.999 21.329422
v -600 -1071.9982 30.52969
v -600 -1073.0029 30.0444
v -599.0021 -1073.0029 30.09796
v -596.00366 -1073.0029 30.09796
v -473.99863 -1194.001 19.692575
v -474.99884 -1197.0039 19.515663
v -472.91602 -1195.0835 19.84433
v -579.0021 -1071.0002 24.989403
v -578.9517 -1070.1465 24.989403
v -580.89954 -1070.1946 24.989403
v -581.67084 -1070.3296 24.989403
v -581.751 -1071.0002 24.989403
v -591.4168 -1156.7109 21.329422
v -591.3161 -1158.011 21.329422
v -588.00183 -1157.0016 21.332668
v -487.03595 -1055.0469 28.14137
v -483.0739 -1058.0979 28.139748
v -483.99863 -1056.9993 28.138935
v -486.18677 -1054.9851 28.133255
v -487.3312 -1054.2961 28.138124
v -487.99954 -1053.9987 28.139748
v -456.4637 -1066.5278 39.6764
v -456.99933 -1063.7491 39.79326
v -457.74548 -1068.1941 39.75836
v -450 -1087.9995 26.460701
v -450 -1086.9993 25.32862
v -450.99792 -1086.9993 25.653233
v -451.99817 -1087.9995 26.942747
v -595.00116 -1163.0007 29.930784
v -596.00366 -1164.001 29.717354
v -594.0009 -1164.001 29.718164
v -593.4401 -1163.7698 29.772537
v -593.20667 -1162.9205 30.135288
v -560.54706 -1126.1799 21.449528
v -560.21515 -1125.6649 21.495785
v -560.76447 -1123.9323 21.139526
v -562.0005 -1127.0016 21.177668
v -555.7404 -1103.8567 21.171986
v -554.0009 -1104.0032 21.165495
v -553.94824 -1103.0029 21.215809
v -554.33966 -1101.8265 21.186594
v -554.69446 -1102.108 21.188217
v -542.0005 -1191.0002 17.223913
v -542.0005 -1190 17.239332
v -544.0009 -1193.0007 17.123285
v -543.003 -1193.0007 17.132212
v -542.49945 -1192.5017 17.180092
v -591.751 -1162.25 24.85875
v -592.78094 -1161.2611 24.85875
v -593.875 -1161.2498 24.85875
v -593.2502 -1162.7512 24.85875
v -592.24994 -1163.0007 24.85875
v -524.0009 -1133.0007 19.896269
v -526.00134 -1133.0007 19.990406
v -526.50037 -1133.502 19.981478
v -526.9993 -1135.0034 19.897892
v -488.24902 -1113.4996 24.75812
v -488.9998 -1113.0007 24.676155
v -491.00024 -1113.0007 24.504925
v -486.99933 -1114.9989 24.884716
v -576.00134 -1188.0018 17.601273
v -575.00116 -1190 17.378916
v -574.4999 -1189.5033 17.399204
v -574.00323 -1188.0018 17.446272
v -590 -1161.0048 24.85875
v -591.2909 -1159.9862 24.85875
v -591.4946 -1161.0139 24.85875
v -590 -1163.0007 24.85875
v -598.65875 -1155.6832 29.259653
v -597.14124 -1155.3353 29.259653
v -600 -1153.0029 29.259653
v -450 -1120 28.177889
v -453.99863 -1120 28.1576
v -452.9984 -1120.5012 28.216843
v -450.99792 -1121.0026 28.314224
v -451.99817 -1065.0011 28.818182
v -452.9984 -1064.001 28.717552
v -453.49966 -1064.4999 29.091667
v -451.4992 -1066.5027 29.28968
v -450.99792 -1065.999 28.918
v -555.00116 -1127.9995 19.896269
v -555.00116 -1126.0013 20.016373
v -556.00366 -1126.0013 19.824854
v -555.5001 -1129.501 19.814304
v -521.0025 -1118.9998 20.666407
v -519.50104 -1121.0026 20.608788
v -520.49896 -1118.9998 20.745935
v -521.0025 -1117.9995 20.831957
v -522.0005 -1115.999 20.835203
v -523.0007 -1114.9989 20.882273
v -506.99933 -1072.4994 21.967281
v -507.99954 -1071.9982 21.906418
v -510 -1071.9982 21.65241
v -504.99884 -1073.9987 21.92346
v -472.7306 -1081.0048 25.414642
v -465.99908 -1082.0005 24.92854
v -468.99976 -1081.0048 24.749191
v -566.00134 -1052.0486 35.247902
v -566.68805 -1052.0989 35.247902
v -566.71094 -1053.035 35.247902
v -566.68805 -1055.0332 35.247902
v -566.00134 -1055.7908 35.247902
v -466.99933 -1053.502 39.813545
v -469.92905 -1051.2566 39.813545
v -469.68185 -1052.0005 39.813545
v -468.99976 -1052.9984 39.813545
v -467.55322 -1054.0398 39.895508
v -467.09772 -1060.1763 22.55077
v -463.99863 -1059.0021 22.55077
v -468.17578 -1059.0868 22.55077
v -567.9995 -1064.001 32.37835
v -569.32477 -1062.6825 32.37835
v -570.1717 -1062.3827 32.37835
v -570.48065 -1062.8313 32.37835
v -567.9995 -1065.0011 32.37835
v -596.3607 -1198.6267 15.830524
v -596.88257 -1199.1211 15.736387
v -597.0016 -1200 15.466961
v -596.00366 -1200 15.566778
v -595.00116 -1200 15.601674
v -594.0009 -1200 15.761544
v -456.21194 -1071.9982 22.55077
v -455.9144 -1071.1559 22.55077
v -456.9604 -1071.252 22.55077
v -457.38385 -1071.3984 22.55077
v -457.99954 -1073.9987 22.55077
v -464.99884 -1077.0016 34.538628
v -464.99884 -1075.999 34.88434
v -466.99933 -1074.9989 36.03995
v -467.94232 -1075.079 36.645348
v -570.0023 -1065.999 32.37835
v -570.8721 -1063.2433 32.37835
v -571.59076 -1063.4104 32.37835
v -571.00024 -1065.999 32.37835
v -486.99933 -1074.9989 23.94984
v -486.99933 -1073.9987 23.353367
v -491.00024 -1071.9982 22.986557
v -571.00024 -1180 17.87638
v -570.0023 -1180 17.701902
v -570.0023 -1179.0044 17.724625
v -570.2083 -1177.8599 17.823631
v -571.0208 -1177.0542 17.926695
v -485.41315 -1052.9526 22.55077
v -486.16617 -1054.1978 22.55077
v -483.99863 -1056.9993 22.55077
v -594.5319 -1195.3765 16.07804
v -593.9368 -1194.8433 16.126732
v -595.00116 -1194.001 16.361261
v -597.0016 -1196.0037 16.164873
v -572.0005 -1065.999 32.37835
v -573.3577 -1063.1036 32.37835
v -574.00323 -1062.9984 32.37835
v -572.9961 -1066.0746 32.37835
v -525.0126 -1185.1659 18.50856
v -524.0353 -1185.2689 18.564554
v -526.9993 -1180 18.576727
v -559.5651 -1126.3424 21.433298
v -558.99976 -1127.0016 21.378115
v -558.15063 -1126.8551 21.378115
v -557.9995 -1124.9989 21.378115
v -558.9929 -1124.8776 21.31725
v -468.99976 -1055.0034 39.813545
v -468.07507 -1054.7905 39.893074
v -470 -1053.3555 39.759987
v -470.81482 -1053.1838 39.813545
v -471.61365 -1053.4653 39.817604
v -578.00415 -1070.0549 24.989403
v -578.9517 -1070.1465 24.989403
v -579.0021 -1071.0002 24.989403
v -577.0016 -1071.0002 24.989403
v -576.3012 -1070.6981 24.989403
v -576.3012 -1070 24.989403
v -577.0016 -1070 24.989403
v -462.02335 -1059.7551 39.77784
v -463.17236 -1058.9838 39.795692
v -467.99954 -1060.0023 39.813545
v -596.0403 -1109.0845 21.34971
v -596.66284 -1109.5079 21.29615
v -595.00116 -1110 21.177668
v -593.0007 -1108.0018 21.278297
v -500 -1199.0021 19.042543
v -500 -1200 19.065266
v -496.99933 -1200 19.15778
v -497.99954 -1199.0021 19.124508
v -579.0021 -1199.0021 17.010483
v -579.0021 -1200 16.949617
v -577.0016 -1200 16.986948
v -578.00415 -1198.0018 17.079462
v -466.99933 -1050.0046 51.475983
v -468.99976 -1050 51.475983
v -470 -1050 51.38834
v -471.00024 -1050.0046 51.475983
v -469.97025 -1051.2498 51.475983
v -530.0023 -1150 19.023066
v -531.00024 -1151.0002 18.974375
v -531.00024 -1152.0027 18.943537
v -531.00024 -1156.006 18.858326
v -527.9995 -1104.9989 21.259632
v -524.99884 -1104.0032 21.223114
v -524.0009 -1102.0005 21.29615
v -512.00275 -1185.0011 19.066889
v -512.00275 -1186.0013 19.066889
v -510 -1186.0013 18.999533
v -511.00024 -1184.0032 19.103407
v -564.0009 -1115.999 21.177668
v -568.99976 -1117.0039 21.244213
v -564.0009 -1117.0039 21.24746
v -555.7404 -1103.8567 21.171986
v -554.69446 -1102.108 21.188217
v -557.0016 -1102.0005 21.1306
v -556.7842 -1103.0029 21.145206
v -536.9993 -1174.0055 18.024078
v -539.0021 -1173.0007 18.053293
v -539.0021 -1175.0011 17.975388
v -537.9995 -1175.0011 17.925072
v -572.0005 -1073.0212 21.329422
v -571.989 -1071.831 21.329422
v -573.8933 -1071.6365 21.329422
v -574.00323 -1073.0052 21.329422
v -548.99976 -1108.0018 21.107065
v -548.00183 -1110 20.941513
v -546.9993 -1109.0021 20.8912
v -546.9993 -1108.0018 20.946383
v -466.99933 -1052.9984 28.131632
v -466.4843 -1054.9553 28.202234
v -466.11124 -1055.1018 28.165716
v -463.65985 -1055.999 28.131632
v -453.99863 -1052.9984 39.813545
v -452.61844 -1056.395 39.802185
v -452.179 -1055.8091 39.7892
v -451.69376 -1055.0583 39.776215
v -552.00275 -1136.9993 19.367966
v -552.00275 -1137.9995 19.308723
v -552.00275 -1139.0021 19.242178
v -551.00024 -1140.0023 19.103407
v -551.50146 -1135.5001 19.444248
v -539.0021 -1163.0007 18.229395
v -539.0021 -1164.001 18.33327
v -537.9995 -1164.001 18.291882
v -536.9993 -1164.001 18.336515
v -534.0032 -1164.001 18.31217
v -548.00183 -1123.0007 20.022055
v -548.00183 -1118.9998 20.25253
v -548.5008 -1119.501 20.27525
v -548.99976 -1120 20.299597
v -548.99976 -1121.0026 20.224936
v -461.149 -1065.8503 51.475983
v -460.88348 -1063.5912 51.475983
v -461.96384 -1064.0376 51.475983
v -463.0854 -1064.8729 51.475983
v -557.9995 -1161.0048 18.199368
v -557.9995 -1163.0007 18.149054
v -557.0016 -1164.001 17.978632
v -557.50055 -1159.5033 18.267536
v -520 -1097.9995 21.588299
v -518.99976 -1099.0044 21.694609
v -517.0016 -1099.0044 21.902359
v -517.0016 -1097.9995 21.76927
v -573.0007 -1182.0005 17.808212
v -572.0005 -1183.0029 17.611824
v -571.5038 -1182.5017 17.628864
v -571.00024 -1180 17.87638
v -560 -1171.0026 17.712452
v -560 -1170.0023 17.890177
v -561.0025 -1170.0023 17.890177
v -562.0005 -1172.0005 17.8496
v -561.0025 -1172.0005 17.766014
v -557.9995 -1081.0048 21.209316
v -557.9995 -1086.0037 21.169552
v -557.0016 -1083.9987 21.36026
v -591.28864 -1146.7773 24.85875
v -591.12384 -1148.0042 24.85875
v -590 -1148.9998 24.85875
v -590 -1146.0013 24.85875
v -573.0007 -1185.0011 17.74897
v -572.0005 -1185.0011 17.568
v -572.0005 -1183.0029 17.611824
v -573.0007 -1182.0005 17.808212
v -486.99933 -1117.9995 24.70618
v -483.99863 -1117.0039 25.307522
v -484.99884 -1116.5004 25.126553
v -485.99908 -1115.999 24.948017
v -458.99976 -1078.0018 34.295982
v -455.99908 -1073.9987 33.90158
v -457.99954 -1074.9989 34.23593
v -458.99976 -1167.9995 22.954908
v -461.99817 -1170.0023 22.478544
v -460.99792 -1171.0026 22.718754
v -462.0119 -1051.4993 22.55077
v -460.99792 -1051.0002 22.55077
v -460.99792 -1050.0046 22.55077
v -462.9984 -1050.0046 22.55077
v -462.94574 -1051.1948 22.55077
v -590 -1148.9998 24.85875
v -591.12384 -1148.0042 24.85875
v -591.2726 -1148.9586 24.85875
v -591.2932 -1150.0092 24.85875
v -590 -1151.0002 24.85875
v -566.00134 -1065.0011 32.111355
v -564.19775 -1064.8616 30.88514
v -564.4907 -1064.1954 31.078281
v -566.00134 -1062.9984 32.112976
v -554.7494 -1092.0005 21.41788
v -554.2733 -1094.049 21.282354
v -553.0007 -1095.0011 21.378925
v -552.00275 -1095.0011 21.348087
v -486.16388 -1052.2935 28.131632
v -486.99933 -1050.0046 28.131632
v -487.99954 -1050.0046 28.131632
v -486.86884 -1053.0076 28.133255
v -590 -1158.9998 24.85875
v -591.3207 -1158.011 24.85875
v -591.3367 -1158.954 24.85875
v -591.2909 -1159.9862 24.85875
v -590 -1161.0048 24.85875
v -524.0009 -1106.9993 21.323742
v -524.0009 -1105.999 21.352146
v -524.99884 -1104.0032 21.223114
v -524.0009 -1111.0002 21.02997
v -464.15656 -1068.5833 51.47111
v -463.99863 -1070.8606 51.343704
v -463.09454 -1069.8718 51.42161
v -462.66193 -1069.1943 51.460564
v -462.92743 -1067.9148 51.47517
v -593.99866 -1070.9362 31.544098
v -595.97845 -1070.8308 31.62606
v -596.00366 -1073.0029 30.09796
v -454.99884 -1082.0005 22.55077
v -455.24835 -1083.7515 22.546711
v -453.99863 -1083.8499 22.545088
v -453.36005 -1083.8499 22.545088
v -453.29138 -1083.0625 22.546711
v -453.99863 -1082.3529 22.548334
v -450 -1070 22.597027
v -450.99792 -1070 22.569433
v -451.55872 -1070.6317 22.565376
v -450 -1073.0029 22.605953
v -559.6315 -1132.3118 21.378115
v -559.16455 -1131.9089 21.378115
v -559.10046 -1131.0117 21.378115
v -562.00964 -1128.8762 21.34322
v -526.99243 -1186.8964 18.83804
v -527.58527 -1187.0084 18.788536
v -527.3152 -1188.0706 18.771494
v -523.91394 -1190.1075 18.830734
v -483.99863 -1056.9993 28.138935
v -483.0739 -1058.0979 28.139748
v -483.99863 -1055.0034 28.131632
v -484.79742 -1053.8201 28.129196
v -485.21173 -1054.548 28.129196
v -474.1039 -1070.1465 39.926346
v -472.9572 -1070.9979 39.575768
v -471.99817 -1070 39.784332
v -471.99817 -1068.9998 40.002632
v -472.9984 -1068.9998 40.001007
v -487.99954 -1083.0007 23.565178
v -485.99908 -1083.502 23.975807
v -487.99954 -1082.4994 23.707193
v -491.00024 -1081.0048 23.335514
v -492.00046 -1080.499 23.221088
v -492.00046 -1081.0048 23.069334
v -592.00275 -1144.9828 24.85875
v -591.7395 -1146.3584 24.85875
v -591.28864 -1146.7773 24.85875
v -590 -1146.0013 24.85875
v -590 -1145.0011 24.85875
v -591.28864 -1071.0002 24.989403
v -592.0234 -1070.3113 24.989403
v -592.9549 -1070.174 24.989403
v -593.962 -1070.1465 24.989403
v -594.95996 -1070.1671 24.989403
v -595.0721 -1071.0002 24.989403
v -517.9995 -1102.0005 21.739243
v -517.9995 -1104.9989 21.682436
v -517.37695 -1104.8752 21.728693
v -517.0016 -1101.0002 21.85448
v -580.89954 -1070.1946 21.331045
v -581.6205 -1070.3296 21.331045
v -581.9043 -1070.531 21.331045
v -581.00024 -1071.9982 21.329422
v -578.9517 -1070.1465 21.331045
v -598.68164 -1159.4598 29.259653
v -598.8533 -1156.91 29.259653
v -600 -1156.006 29.259653
v -600 -1157.0016 29.258842
v -600 -1158.0018 29.259653
v -476.99933 -1190 19.145607
v -473.95285 -1186.5759 19.927917
v -474.99884 -1186.0013 19.815117
v -468.99976 -1081.0048 24.749191
v -471.2085 -1079.9542 24.151098
v -472.7306 -1081.0048 25.414642
v -554.0009 -1104.0032 21.165495
v -555.7404 -1103.8567 21.171986
v -555.39026 -1104.6074 21.153322
v -554.0009 -1106.9993 21.022667
v -450.99792 -1086.9993 25.653233
v -452.9984 -1086.0037 25.223122
v -453.99863 -1086.0037 25.459278
v -453.99863 -1086.9993 26.364128
v -473.4081 -1052.0669 51.475983
v -474.99884 -1050.0046 51.47679
v -475.99908 -1050.0046 51.47679
v -473.4539 -1053.2822 51.475983
v -473.3097 -1053.1174 51.475983
v -573.0007 -1053.9987 32.376724
v -573.18835 -1059.089 32.377533
v -572.10803 -1058.9952 32.377533
v -597.07715 -1062.2247 32.3751
v -596.2051 -1062.0005 32.3751
v -595.7885 -1059.6934 32.3751
v -597.1481 -1059.5651 32.3751
v -465.27582 -1057.2305 39.82247
v -466.00824 -1056.4042 39.83059
v -466.43854 -1056.5598 39.850876
v -467.99954 -1060.0023 39.813545
v -566.6972 -1059.034 35.247902
v -566.00134 -1059.7894 35.247902
v -566.00134 -1055.7908 35.247902
v -566.68805 -1055.0332 35.247902
v -471.00024 -1175.0011 21.078661
v -470 -1171.0026 21.555027
v -471.62738 -1172.0348 21.280731
v -559.5468 -1123.6508 20.882273
v -558.3887 -1123.5592 20.629887
v -560 -1118.9998 21.177668
v -566.82764 -1168.1735 17.770071
v -566.85284 -1170.0023 17.88125
v -566.00134 -1170.0023 17.8707
v -565.5001 -1169.501 17.890177
v -565.0034 -1167.9995 17.937244
v -465.79996 -1070.7507 22.55077
v -465.20483 -1069.707 22.55077
v -468.99976 -1066.9993 22.55077
v -453.49966 -1064.4999 29.091667
v -454.15198 -1064.6166 29.350544
v -453.99863 -1065.999 29.887775
v -451.4992 -1066.5027 29.28968
v -483.0739 -1058.0979 28.139748
v -481.00024 -1059.0021 28.136501
v -483.99863 -1055.0034 28.131632
v -595.4635 -1196.4454 15.867043
v -595.02405 -1195.9785 15.961991
v -594.5319 -1195.3765 16.07804
v -597.0016 -1196.0037 16.164873
v -597.2396 -1197.9835 15.650365
v -596.53467 -1197.4342 15.711229
v -596.3607 -1198.6267 15.830524
v -594.0009 -1200 15.761544
v -594.8501 -1197.1504 16.086966
v -572.10803 -1058.9952 32.377533
v -570.9567 -1059.1119 32.377533
v -573.0007 -1053.9987 32.376724
v -467.13208 -1060.7462 22.55077
v -468.22156 -1061.8402 22.55077
v -466.99933 -1061.9982 22.55077
v -463.99863 -1059.0021 22.55077
v -451.99817 -1087.9995 26.942747
v -450.99792 -1086.9993 25.653233
v -453.99863 -1086.9993 26.364128
v -452.9984 -1087.9995 27.031202
v -489.00665 -1074.8912 23.674732
v -486.99933 -1074.9989 23.94984
v -491.00024 -1071.9982 22.986557
v -453.99176 -1127.8988 27.11398
v -453.07623 -1127.8988 27.195942
v -452.94348 -1127.0016 27.127773
v -454.99884 -1126.0013 27.42885
v -455.92813 -1125.7565 27.462934
v -454.99884 -1127.0016 27.299816
v -570.9567 -1059.1119 32.377533
v -570.00684 -1059.5079 32.377533
v -569.9977 -1058.9586 32.377533
v -573.0007 -1053.9987 32.376724
v -555.7473 -1065.1545 21.46089
v -555.7496 -1066.9993 21.457644
v -555.6466 -1068.0042 21.437355
v -555.08124 -1068.6084 21.422749
v -555.00116 -1062.9984 21.308323
v -468.99976 -1086.0037 26.133656
v -470.95905 -1083.8796 25.87072
v -472.00275 -1083.5706 25.744123
v -466.99933 -1088.9998 26.4185
v -451.767 -1076.5072 22.55077
v -451.8677 -1070.9224 22.56213
v -452.91144 -1071.0437 22.554827
v -468.99976 -1052.9984 28.131632
v -467.5143 -1054.0536 28.218464
v -466.99933 -1052.9984 28.131632
v -469.92905 -1051.2566 28.131632
v -469.68185 -1052.0005 28.131632
v -562.0005 -1117.9995 21.177668
v -563.0007 -1117.9995 21.202013
v -560.76447 -1123.9323 21.139526
v -456.06088 -1066.949 30.953308
v -455.99908 -1068.0042 31.379358
v -454.49988 -1066.5027 30.260263
v -453.99863 -1065.999 29.887775
v -454.15198 -1064.6166 29.350544
v -560.76447 -1123.9323 21.139526
v -559.5468 -1123.6508 20.882273
v -560 -1118.9998 21.177668
v -507.99954 -1118.9998 21.926706
v -508.24445 -1117.757 22.07846
v -510.66376 -1117.0107 21.77576
v -510.84918 -1117.9995 21.641861
v -463.2799 -1070.0756 39.786766
v -468.77777 -1066.9993 39.813545
v -463.60034 -1070.9796 39.771347
v -482.00046 -1081.0048 24.453796
v -479.23782 -1080.705 24.822231
v -482.98468 -1078.9655 24.288246
v -546.00134 -1200 16.837627
v -545.00116 -1200 16.867655
v -545.00116 -1198.0018 16.922838
v -548.00183 -1200 16.898493
v -457.99954 -1073.9987 22.55077
v -454.99884 -1073.9987 22.55077
v -456.21194 -1071.9982 22.55077
v -478.99976 -1075.999 22.55077
v -477.99954 -1075.999 22.55077
v -478.99976 -1073.0029 22.55077
v -480 -1074.9989 22.55077
v -554.0009 -1132.0005 19.664984
v -552.00275 -1135.999 19.424772
v -551.50146 -1135.5001 19.444248
v -551.00024 -1135.0034 19.465347
v -458.99976 -1078.0018 34.295982
v -457.99954 -1074.9989 34.23593
v -460 -1074.9989 34.23593
v -563.0007 -1181.0002 17.707582
v -561.0025 -1179.0044 17.637793
v -562.0005 -1178.0042 17.726248
v -563.0007 -1179.0044 17.735176
v -548.99976 -1097.9995 21.256386
v -546.9993 -1101.0002 21.283978
v -546.9993 -1099.0044 21.241777
v -546.9993 -1097.9995 21.252327
v -512.00275 -1185.0011 19.066889
v -511.00024 -1184.0032 19.103407
v -514.0009 -1181.0002 18.980057
v -573.0007 -1060.0023 34.184803
v -572.0005 -1061.9982 34.184803
v -571.00024 -1061.9982 34.25865
v -571.00024 -1060.9979 34.184803
v -571.00024 -1060.0023 34.184803
v -562.0005 -1176.0013 17.654835
v -561.0025 -1179.0044 17.637793
v -561.0025 -1174.0055 17.675934
v -562.0005 -1175.0011 17.701902
v -545.00116 -1196.0037 17.004803
v -545.00116 -1198.0018 16.922838
v -544.0009 -1197.0039 16.978832
v -544.0009 -1195.0011 17.042944
v -544.0009 -1193.0007 17.123285
v -553.0007 -1114.9989 20.649364
v -555.00116 -1112.005 20.81248
v -555.00116 -1114.001 20.701302
v -555.00116 -1114.9989 20.646118
v -526.9993 -1178.0042 18.614868
v -527.50287 -1178.5009 18.576727
v -527.9995 -1179.0044 18.536963
v -526.9993 -1180 18.576727
v -524.99884 -1178.0042 18.687906
v -533.0007 -1142.0005 19.369589
v -530.0023 -1146.0013 19.161026
v -530.0023 -1145.0011 19.208094
v -530.0023 -1144.001 19.25435
v -553.0007 -1135.999 19.430452
v -552.00275 -1137.9995 19.308723
v -552.00275 -1136.9993 19.367966
v -552.00275 -1135.999 19.424772
v -554.0009 -1132.0005 19.664984
v -560 -1157.0016 18.348688
v -561.0025 -1154.001 18.470417
v -561.50146 -1154.5045 18.447695
v -562.0005 -1155.0011 18.42335
v -562.0005 -1156.006 18.380339
v -527.9995 -1142.0005 19.340374
v -528.99976 -1140.0023 19.45642
v -528.99976 -1143.0052 19.284378
v -528.99976 -1146.0013 19.173199
v -555.00116 -1084.9989 21.546911
v -553.0007 -1087.9995 21.422749
v -553.0007 -1086.0037 21.433298
v -553.0007 -1084.9989 21.437355
v -518.99976 -1105.999 21.585052
v -518.5031 -1105.5046 21.633745
v -517.9995 -1104.9989 21.682436
v -520 -1104.9989 21.55665
v -522.0005 -1106.9993 21.40733
v -546.00134 -1102.0005 21.209316
v -546.9993 -1099.0044 21.241777
v -546.9993 -1101.0002 21.283978
v -546.9993 -1102.0005 21.299397
v -546.9993 -1104.9989 21.181725
v -586.00134 -1115.999 21.177668
v -592.00275 -1115.999 21.177668
v -586.00134 -1117.0039 21.24746
v -596.0128 -1066.3447 32.3751
v -596.00366 -1068.9288 32.3751
v -595.00116 -1068.9288 32.3751
v -594.68756 -1066.3309 32.3751
v -558.99976 -1165.0034 18.05167
v -558.99976 -1164.001 18.088188
v -560 -1165.0034 18.048424
v -560 -1167.9995 17.95104
v -558.99976 -1167.0016 17.99811
v -541.00024 -1163.0007 18.188818
v -539.0021 -1166.0037 18.281332
v -539.0021 -1164.001 18.33327
v -539.0021 -1163.0007 18.229395
v -564.0009 -1187.0062 17.411377
v -565.0034 -1186.0013 17.590723
v -566.00134 -1187.0062 17.559885
v -566.00134 -1189.0021 17.494963
v -600 -1163.0007 29.863426
v -595.00116 -1163.0007 29.930784
v -597.6516 -1162.0005 30.57108
v -475.99908 -1114.001 26.202635
v -473.99863 -1113.0007 26.34871
v -475.99908 -1112.005 26.099571
v -476.99933 -1112.005 26.002188
v -471.9295 -1063.2433 22.55077
v -470.93616 -1063.7926 22.55077
v -470.6798 -1063.2158 22.55077
v -472.9984 -1059.0021 22.55077
v -500 -1111.0002 23.497818
v -497.99954 -1110 23.691774
v -500 -1109.0021 23.432898
v -501.00024 -1109.0021 23.311169
v -450.99792 -1053.9987 39.813545
v -451.99817 -1052.9984 39.813545
v -453.99863 -1052.9984 39.813545
v -451.69376 -1055.0583 39.776215
v -451.28632 -1054.6921 39.770535
v -524.0009 -1106.9993 21.323742
v -524.0009 -1111.0002 21.02997
v -523.0007 -1111.0002 21.202013
v -523.0007 -1109.0021 21.29128
v -533.17236 -1188.7457 17.799286
v -532.1653 -1188.0063 17.908842
v -531.6411 -1187.5211 17.972952
v -533.0007 -1187.0062 17.952663
v -535.00116 -1187.0062 17.846354
v -491.00024 -1071.9982 22.986557
v -492.26825 -1072.9846 23.243813
v -491.00024 -1073.8201 23.374468
v -489.00665 -1074.8912 23.674732
v -591.00024 -1143.0052 29.616724
v -597.0016 -1143.0052 29.615913
v -596.00366 -1144.001 29.776596
v -541.00024 -1189.0021 17.484413
v -541.00024 -1187.0062 17.622374
v -542.0005 -1186.0013 17.57368
v -542.0005 -1190 17.239332
v -541.50146 -1189.5033 17.362684
v -576.00134 -1192.005 17.523367
v -575.00116 -1192.005 17.342396
v -575.00116 -1190 17.378916
v -576.00134 -1188.0018 17.601273
v -512.00275 -1122.0027 21.172798
v -514.0009 -1121.0026 20.894445
v -514.0009 -1122.0027 20.828712
v -514.0009 -1123.0007 20.76379
v -514.0009 -1124.001 20.781643
v -567.0016 -1192.005 17.251505
v -561.0025 -1194.001 17.304255
v -567.0016 -1191.0002 17.438156
v -511.00024 -1184.0032 19.103407
v -511.00024 -1183.0029 18.915945
v -514.0009 -1180 18.806389
v -514.0009 -1181.0002 18.980057
v -600 -1191.0002 15.548113
v -598.00183 -1192.005 16.178669
v -595.31244 -1190.4738 15.992018
v -558.99976 -1140.0023 18.999533
v -557.9995 -1141.0002 19.138304
v -557.9995 -1139.0021 19.255163
v -557.9995 -1135.0034 19.308723
v -590.7576 -1060.8354 32.3751
v -590.32275 -1060.5425 32.3751
v -591.00024 -1059.0021 32.3751
v -594.1497 -1057.0267 32.3751
v -452.1172 -1089.4827 27.788357
v -450.99792 -1088.9998 27.5238
v -451.99817 -1087.9995 26.942747
v -452.9984 -1087.9995 27.031202
v -453.99863 -1088.8807 27.693409
v -523.50195 -1060.0023 21.430052
v -524.99884 -1056.9993 21.46657
v -526.00134 -1055.0034 21.433298
v -524.0009 -1060.9979 21.376492
v -523.0007 -1060.9979 21.416256
v -600 -1191.0002 15.548113
v -600 -1192.005 15.505102
v -600 -1193.0007 15.878404
v -600 -1194.001 15.974164
v -598.00183 -1192.005 16.178669
v -572.0897 -1166.8093 21.264502
v -571.00024 -1167.789 21.378115
v -570.0023 -1167.9995 21.378115
v -568.99976 -1167.9995 21.378115
v -567.9995 -1167.0016 21.378115
v -462.9984 -1078.9998 34.295982
v -462.9984 -1074.9989 34.362526
v -463.99863 -1075.999 34.461533
v -463.98718 -1078.1368 34.568657
v -460.99792 -1126.0013 27.43372
v -456.82538 -1125.4635 27.500263
v -458.0888 -1125.0057 27.553825
v -460.0229 -1124.4198 27.605762
v -460 -1059.0021 28.131632
v -459.68414 -1060.103 28.214407
v -459.49188 -1060.3387 28.224957
v -458.99976 -1060.499 28.241188
v -454.99884 -1060.9979 28.131632
v -514.75854 -1107.5647 21.912098
v -515.9991 -1104.9989 21.81796
v -517.0016 -1104.9989 21.763588
v -514.81805 -1109.1852 21.831757
v -593.0007 -1097.9995 21.177668
v -597.0016 -1102.0005 21.378115
v -596.2623 -1102.8702 21.303453
v -471.99817 -1062.9984 51.475983
v -474.0032 -1063.0785 51.363182
v -472.9984 -1063.9277 51.333157
v -472.24994 -1064.4587 51.365616
v -470 -1065.0011 51.475983
v -559.6315 -1132.3118 21.378115
v -562.00964 -1128.8762 21.34322
v -561.90204 -1129.8582 21.331045
v -559.8993 -1134.017 21.378115
v -487.99954 -1086.9993 23.883295
v -484.99884 -1084.9989 24.000154
v -485.99908 -1083.502 23.975807
v -524.0009 -1133.0007 19.896269
v -524.4999 -1130.499 20.058573
v -524.99884 -1131.0002 20.002579
v -525.5001 -1131.4991 20.021244
v -526.00134 -1132.0005 20.037474
v -526.00134 -1133.0007 19.990406
v -463.0854 -1064.8729 51.475983
v -464.2321 -1065.6604 51.475983
v -462.9984 -1066.9993 51.475983
v -461.149 -1065.8503 51.475983
v -472.9984 -1064.001 39.660168
v -471.99817 -1065.999 39.813545
v -471.00024 -1065.999 39.813545
v -470.11902 -1064.6006 39.813545
v -481.00024 -1114.9989 25.63132
v -482.9984 -1114.9989 25.392733
v -482.00046 -1115.5024 25.563152
v -481.00024 -1115.999 25.731949
v -480 -1116.5004 25.858547
v -477.99954 -1115.999 26.086586
v -556.6903 -1080.3159 21.244213
v -556.84827 -1078.3932 21.240154
v -556.9833 -1077.3152 21.186594
v -557.5463 -1077.0771 21.18497
v -557.9995 -1081.0048 21.209316
v -563.0007 -1051.0002 30.160446
v -564.0009 -1050.0046 30.615713
v -563.0007 -1056.9993 30.160446
v -539.0021 -1189.0021 17.523367
v -534.03064 -1189.9108 17.658892
v -533.17236 -1188.7457 17.799286
v -510 -1071.9982 21.65241
v -510 -1071.0002 21.777386
v -512.00275 -1069.4988 21.697855
v -513.0007 -1068.9998 21.658901
v -513.0007 -1070 21.501467
v -521.0025 -1188.0018 19.24299
v -518.67706 -1190.2838 19.20647
v -518.03845 -1190.1075 19.281132
v -517.87134 -1188.6542 19.537575
v -555.08124 -1068.6084 21.422749
v -553.9826 -1069.5354 21.434921
v -553.0007 -1070 21.483612
v -553.0007 -1068.9998 21.483612
v -553.0007 -1066.9993 21.486048
v -596.00366 -1073.0029 30.09796
v -596.9421 -1070.7256 31.703157
v -597.83704 -1070.5791 31.812712
v -599.39575 -1070.4463 31.884127
v -595.00116 -1163.0007 29.930784
v -593.20667 -1162.9205 30.135288
v -593.6507 -1162.0005 30.581627
v -597.6516 -1162.0005 30.57108
v -498.99976 -1078.0018 22.36006
v -498.99976 -1077.0016 22.527235
v -500 -1075.999 22.447704
v -501.00024 -1075.5001 22.368176
v -503.00067 -1074.9989 22.052492
v -586.85284 -1066.1548 32.37835
v -586.7201 -1067.3884 32.37835
v -584.0009 -1068.9495 32.37835
v -586.78644 -1064.9714 32.377533
v -595.28955 -1192.1951 16.097515
v -595.6672 -1191.4991 16.064243
v -598.00183 -1192.005 16.178669
v -595.00116 -1194.001 16.361261
v -598.53973 -1102.3186 21.355392
v -597.34033 -1102.0005 21.378115
v -600 -1099.0044 21.329422
v -600 -1100 21.329422
v -599.02954 -1102.108 21.334291
v -466.15472 -1085.6558 26.43392
v -470.95905 -1083.8796 25.87072
v -468.99976 -1086.0037 26.133656
v -562.0005 -1157.0016 18.338139
v -562.0005 -1156.006 18.380339
v -562.0005 -1155.0011 18.42335
v -563.0007 -1154.001 18.265102
v -563.859 -1156.1525 18.22696
v -554.7494 -1092.0005 21.41788
v -553.0007 -1090.0023 21.412197
v -553.0007 -1088.9998 21.41788
v -554.6029 -1089.0868 21.305077
v -554.7219 -1090.1603 21.419502
v -554.78143 -1091.204 21.428429
v -473.68964 -1079.6772 24.499243
v -477.99954 -1078.9998 24.952885
v -472.7306 -1081.0048 25.414642
v -452.13092 -1055.8663 51.475983
v -451.59534 -1054.992 51.475983
v -451.46027 -1054.7494 51.475983
v -452.0096 -1054.2001 51.475983
v -453.859 -1052.8245 51.475983
v -452.67566 -1056.3835 51.475983
v -457.99954 -1070 32.87094
v -457.99954 -1071.0002 33.294556
v -456.49805 -1073.4996 33.866684
v -455.99908 -1073.0029 33.49257
v -455.99908 -1071.9982 33.069763
v -455.99908 -1071.9982 33.069763
v -455.99908 -1073.0029 33.49257
v -454.99884 -1071.9982 32.744347
v -452.9984 -1070 31.25276
v -452.9984 -1068.9998 30.83239
v -453.99863 -1065.999 29.887775
v -454.49988 -1066.5027 30.260263
v -452.9984 -1068.0042 30.409584
v -451.99817 -1066.9993 29.663792
v -451.4992 -1066.5027 29.28968
v -565.0034 -1167.9995 17.937244
v -565.0034 -1167.0016 17.969706
v -566.0471 -1164.9531 17.864208
v -566.82764 -1168.1735 17.770071
v -596.2623 -1102.8702 21.303453
v -597.09546 -1103.3623 21.351334
v -596.7086 -1104.0466 21.334291
v -593.0007 -1108.0018 21.278297
v -471.2085 -1079.9542 24.151098
v -473.9849 -1078.6267 23.335514
v -472.7306 -1081.0048 25.414642
v -534.03064 -1189.9108 17.658892
v -539.0021 -1189.0021 17.523367
v -534.6304 -1191.1833 17.520931
v -467.94232 -1075.079 36.645348
v -468.99976 -1073.0029 37.546143
v -470 -1072.4994 38.123947
v -471.00024 -1071.9982 38.702568
v -471.99817 -1071.9982 39.102646
v -596.1135 -1055.2323 32.3751
v -594.8959 -1055.4086 32.3751
v -593.0007 -1050.0046 32.3751
v -591.1147 -1070.6798 21.331045
v -592.0302 -1070.4761 21.331045
v -592.00275 -1073.0029 21.329422
v -590 -1073.0029 21.329422
v -546.00134 -1097.9995 21.24259
v -546.9993 -1096.0013 21.271805
v -546.9993 -1097.9995 21.252327
v -546.9993 -1099.0044 21.241777
v -546.00134 -1102.0005 21.209316
v -589.10504 -1060.5059 32.376724
v -587.5532 -1060.499 32.377533
v -591.00024 -1055.999 32.3751
v -532.0005 -1153.0029 18.917568
v -532.0005 -1156.006 18.826677
v -531.00024 -1156.006 18.858326
v -531.00024 -1152.0027 18.943537
v -532.0005 -1180 18.272406
v -531.00024 -1179.0044 18.32272
v -531.00024 -1178.0042 18.296751
v -534.0032 -1179.0044 18.107666
v -533.0007 -1180 18.21722
v -498.99976 -1078.0018 22.36006
v -503.00067 -1074.9989 22.052492
v -500 -1078.9998 22.377914
v -459.49872 -1072.4994 34.138546
v -456.99933 -1073.9987 34.239986
v -456.49805 -1073.4996 33.866684
v -458.48248 -1071.5564 33.68409
v -459.0204 -1071.4374 33.74739
v -534.0032 -1181.0002 18.127953
v -533.0007 -1180 18.21722
v -534.0032 -1179.0044 18.107666
v -535.9991 -1180 17.990807
v -535.00116 -1181.0002 18.076015
v -462.9984 -1092.9984 26.712273
v -465.99908 -1092.0005 26.409573
v -466.99933 -1093.9987 26.425804
v -466.99933 -1121.0026 27.121283
v -467.99954 -1121.0026 27.04581
v -467.99954 -1122.0027 27.028769
v -463.99863 -1123.0007 27.31686
v -464.99884 -1122.0027 27.265734
v -466.99933 -1088.9998 26.4185
v -466.99933 -1091.0026 26.458265
v -464.99884 -1092.0005 26.649786
v -463.99863 -1092.0005 26.774761
v -557.0016 -1137.9995 19.318462
v -557.0016 -1135.0034 19.492939
v -557.9995 -1135.0034 19.308723
v -557.9995 -1139.0021 19.255163
v -531.4992 -1131.4991 20.171375
v -531.00024 -1131.0002 20.21682
v -531.00024 -1130.0046 20.294727
v -532.0005 -1128.9998 20.21114
v -533.0007 -1131.0002 20.034227
v -532.0005 -1132.0005 20.124308
v -518.99976 -1178.0042 18.691153
v -523.0007 -1177.0016 18.57835
v -522.0005 -1178.0042 18.606754
v -520 -1179.0044 18.821808
v -518.99976 -1179.0044 18.853458
v -521.0025 -1100 21.553404
v -520 -1097.9995 21.588299
v -524.0009 -1102.0005 21.29615
v -524.0009 -1103.0029 21.33916
v -523.0007 -1102.0005 21.41301
v -463.99863 -1170.0023 22.277285
v -471.00024 -1170.0023 21.529058
v -470 -1171.0026 21.555027
v -555.96704 -1105.2758 21.124107
v -556.0769 -1107.1046 21.059185
v -554.7494 -1107.5028 21.03484
v -554.0009 -1106.9993 21.022667
v -555.39026 -1104.6074 21.153322
v -500 -1078.9998 22.377914
v -493.99863 -1080 22.850222
v -495.99908 -1078.4985 22.799908
v -535.9991 -1146.0013 19.238934
v -536.9993 -1145.0011 19.122885
v -536.9993 -1148.9998 18.978432
v -535.9991 -1148.9998 19.117203
v -546.9993 -1073.0029 21.240154
v -548.00183 -1073.0029 21.384605
v -548.00183 -1073.9987 21.375679
v -548.00183 -1074.9989 21.366753
v -546.9993 -1078.0018 21.181725
v -472.9984 -1193.0007 19.812681
v -476.99933 -1190 19.145607
v -473.99863 -1194.001 19.692575
v -576.00134 -1188.0018 17.601273
v -574.00323 -1188.0018 17.446272
v -573.49963 -1187.5006 17.468994
v -573.0007 -1185.0011 17.74897
v -577.409 -1099.8833 21.369188
v -579.0021 -1099.0593 21.186594
v -578.00415 -1104.0032 21.378115
v -557.0016 -1083.9987 21.36026
v -556.09753 -1084.2024 21.486048
v -556.00366 -1082.0005 21.537174
v -557.9995 -1081.0048 21.209316
v -460.99792 -1092.9984 27.07746
v -461.99817 -1092.9984 26.966282
v -461.99817 -1093.9987 26.820206
v -458.99976 -1095.0011 27.11398
v -458.99976 -1093.9987 27.27385
v -462.9984 -1050.0046 22.55077
v -463.99863 -1050 22.549147
v -465.99908 -1050.0046 22.55077
v -463.99863 -1051.9456 22.55077
v -462.94574 -1051.1948 22.55077
v -598.3475 -1198.9883 15.500233
v -597.2396 -1197.9835 15.650365
v -597.0016 -1196.0037 16.164873
v -600 -1199.0021 15.686884
v -460.99792 -1123.0007 27.618748
v -461.99817 -1123.0007 27.522987
v -460.99792 -1126.0013 27.43372
v -460.0229 -1124.4198 27.605762
v -459.7345 -1123.566 27.696655
v -586.00134 -1176.0013 16.986948
v -588.00183 -1176.0013 16.820585
v -589.0021 -1177.0016 16.53006
v -584.0009 -1177.0016 16.879827
v -593.6507 -1162.0005 30.581627
v -592.5841 -1161.9387 30.70498
v -593.19293 -1161.5061 31.027157
v -598.1941 -1161.5175 31.012547
v -598.57635 -1162.0005 30.56702
v -597.6516 -1162.0005 30.57108
v -520.92926 -1052.1401 21.61427
v -520.5745 -1051.0597 21.628065
v -521.0025 -1050.0046 21.628065
v -524.0009 -1050.0046 21.61589
v -573.3577 -1063.1036 32.37835
v -572.0005 -1065.999 32.37835
v -571.00024 -1065.999 32.37835
v -571.59076 -1063.4104 32.37835
v -454.99884 -1060.9979 28.131632
v -458.0888 -1061.2543 28.17302
v -457.26025 -1061.9158 28.131632
v -455.99908 -1062.829 28.131632
v -455.10645 -1062.8954 28.131632
v -454.99884 -1061.9982 28.131632
v -462.9984 -1068.9998 22.55077
v -462.9984 -1070 22.55077
v -460 -1070 22.55077
v -462.12177 -1067.8462 22.55077
v -472.9984 -1068.9998 40.001007
v -471.99817 -1068.9998 40.002632
v -471.4992 -1068.4985 40.005875
v -471.00024 -1068.0042 40.008312
v -472.64136 -1065.6421 40.03509
v -598.00183 -1100 21.378115
v -600 -1096.9993 21.177668
v -600 -1097.9995 21.329422
v -600 -1099.0044 21.329422
v -597.34033 -1102.0005 21.378115
v -555.00116 -1111.0002 20.868477
v -555.00116 -1110 20.926094
v -555.9716 -1108.7114 21.047823
v -556.92377 -1108.6473 21.078661
v -556.00366 -1112.005 20.840885
v -580 -1068.9998 15.278687
v -577.0016 -1068.9998 15.278687
v -576.00134 -1068.3704 15.278687
v -576.00134 -1066.9993 15.278687
v -456.99933 -1094.4999 27.472673
v -457.99954 -1093.9987 27.38097
v -458.99976 -1093.9987 27.27385
v -458.99976 -1095.0011 27.11398
v -453.99863 -1096.0013 27.541653
v -455.99908 -1095.0011 27.56681
v -461.99817 -1171.7899 22.350323
v -461.99817 -1173.0007 22.27485
v -460 -1175.0011 22.380348
v -460.99792 -1171.0026 22.718754
v -488.9494 -1051.8815 22.55077
v -488.0499 -1051.9478 22.55077
v -487.99954 -1051.0002 22.55077
v -487.99954 -1050.0046 22.55077
v -491.00024 -1050.0046 22.55077
v -574.6555 -1067.9927 15.278687
v -574.75397 -1069.215 15.278687
v -574.73566 -1069.9451 15.278687
v -571.00024 -1070 15.278687
v -577.26483 -1113.051 21.375679
v -576.7956 -1113.946 21.363506
v -576.5667 -1109.9565 21.283978
v -578.1071 -1109.881 21.369188
v -578.00415 -1111.0002 21.378115
v -450 -1083.0007 22.442024
v -451.90433 -1083.1655 22.506134
v -451.99817 -1083.9987 22.506134
v -451.99817 -1084.9989 22.502077
v -450 -1084.9989 22.420925
v -591.00024 -1059.0021 32.3751
v -590.32275 -1060.5425 32.3751
v -589.10504 -1060.5059 32.376724
v -591.00024 -1055.999 32.3751
v -600 -1053.9987 32.3751
v -597.43646 -1056.0173 32.3751
v -597.1687 -1055.4703 32.3751
v -600 -1052.0005 32.3751
v -593.534 -1192.1584 16.06262
v -587.0039 -1192.005 16.63637
v -594.255 -1191.0162 16.035028
v -555.88007 -1061.1078 21.501467
v -554.0009 -1061.9982 21.509583
v -554.0009 -1060.9979 21.51364
v -555.00116 -1057.9995 21.331045
v -472.90912 -1170.7004 21.250706
v -472.0737 -1170.8995 21.335915
v -471.00024 -1170.0023 21.529058
v -474.99884 -1167.9995 21.254763
v -476.9444 -1077.8577 23.910074
v -474.47928 -1078.4321 23.306301
v -476.55527 -1077.2168 22.627865
v -478.99976 -1075.999 22.55077
v -522.0005 -1200 17.57855
v -523.0007 -1197.0039 17.66863
v -523.91394 -1196.1823 17.645096
v -524.4129 -1196.1799 17.602896
v -523.0007 -1200 17.490093
v -580 -1199.0021 17.182526
v -578.00415 -1197.0039 17.123285
v -577.50055 -1196.5004 17.154123
v -577.0016 -1195.0011 17.223913
v -582.0005 -1200 17.025902
v -562.0005 -1157.0016 18.338139
v -563.859 -1156.1525 18.22696
v -564.2435 -1157.9469 18.123085
v -563.0007 -1158.9998 18.251305
v -562.49945 -1158.503 18.274029
v -595.28955 -1192.1951 16.097515
v -593.138 -1194.8638 16.10969
v -592.00275 -1195.0011 16.12024
v -593.534 -1192.1584 16.06262
v -567.9469 -1149.0593 21.23204
v -568.99976 -1156.006 21.177668
v -566.7979 -1148.8647 21.31157
v -596.7086 -1104.0466 21.334291
v -597.54175 -1103.9666 21.376492
v -597.0016 -1105.5046 21.378115
v -593.0007 -1108.0018 21.278297
v -596.96497 -1144.7356 24.85875
v -597.0016 -1146.7887 24.85875
v -595.00116 -1146.7887 24.85875
v -594.9966 -1144.9004 24.85875
v -563.1815 -1066.0083 30.31707
v -566.00134 -1065.0011 32.111355
v -566.00134 -1065.999 32.112976
v -564.0009 -1066.9993 30.878647
v -563.0007 -1066.9993 30.302464
v -477.28543 -1060.808 28.12027
v -478.1941 -1061.0209 28.126762
v -478.0064 -1062.0073 28.139748
v -474.05356 -1065.0675 28.139748
v -477.99954 -1078.0018 24.352356
v -476.9444 -1077.8577 23.910074
v -478.99976 -1075.999 22.55077
v -480 -1077.0016 24.082119
v -560 -1146.9993 18.80152
v -561.5633 -1145.6443 18.931364
v -561.6937 -1146.0999 18.907019
v -561.93176 -1147.8416 18.637592
v -560 -1148.9998 18.707382
v -567.0016 -1068.0042 15.278687
v -571.00024 -1070 15.278687
v -567.0016 -1070 15.278687
v -544.0009 -1197.0039 16.978832
v -545.00116 -1198.0018 16.922838
v -545.00116 -1200 16.867655
v -544.0009 -1200 16.888754
v -543.003 -1200 16.931765
v -558.99976 -1153.0029 18.52479
v -557.0016 -1156.006 18.40793
v -556.00366 -1155.0011 18.450941
v -556.00366 -1154.001 18.498821
v -528.99976 -1146.0013 19.173199
v -528.99976 -1143.0052 19.284378
v -530.0023 -1145.0011 19.208094
v -530.0023 -1146.0013 19.161026
v -530.0023 -1146.9993 19.115582
v -530.0023 -1150 19.023066
v -584.0009 -1066.9993 15.278687
v -580 -1068.9998 15.278687
v -584.0009 -1065.0011 15.278687
v -533.0007 -1150 19.028748
v -531.00024 -1151.0002 18.974375
v -531.00024 -1150 19.007648
v -534.0032 -1146.9993 19.173199
v -555.00116 -1136.9993 19.383385
v -557.0016 -1134.0032 19.552181
v -557.0016 -1135.0034 19.492939
v -557.0016 -1137.9995 19.318462
v -524.0009 -1106.9993 21.323742
v -523.0007 -1109.0021 21.29128
v -522.0005 -1106.9993 21.40733
v -524.0009 -1104.9989 21.378925
v -524.0009 -1105.999 21.352146
v -483.99863 -1108.0018 25.09896
v -485.99908 -1104.0032 24.866053
v -485.99908 -1108.0018 25.012127
v -555.00116 -1156.006 18.308924
v -556.00366 -1155.0011 18.450941
v -557.0016 -1156.006 18.40793
v -557.0016 -1158.9998 18.298374
v -470.80798 -1066.228 28.136501
v -470.00687 -1064.5182 28.131632
v -473.99863 -1062.9984 28.131632
v -532.0005 -1135.0034 19.867054
v -532.5017 -1133.502 19.976608
v -533.0007 -1134.0032 19.915745
v -533.0007 -1136.9993 19.701502
v -532.0005 -1139.0021 19.547312
v -535.5001 -1181.5015 18.028948
v -535.9991 -1182.0005 17.980255
v -536.5026 -1182.5017 17.949417
v -533.0007 -1183.0029 18.114157
v -534.0032 -1181.0002 18.127953
v -535.00116 -1181.0002 18.076015
v -546.9993 -1104.9989 21.181725
v -546.9993 -1106.9993 21.118425
v -546.00134 -1108.0018 20.962612
v -546.00134 -1102.0005 21.209316
v -518.99976 -1126.0013 20.20059
v -514.0009 -1124.001 20.781643
v -515.9991 -1124.001 20.595804
v -517.9995 -1124.001 20.50816
v -561.0025 -1174.0055 17.675934
v -561.0025 -1173.0007 17.707582
v -561.0025 -1172.0005 17.766014
v -562.0005 -1172.0005 17.8496
v -563.0007 -1173.0007 17.839863
v -562.0005 -1175.0011 17.701902
v -570.016 -1169.9977 17.99811
v -574.00323 -1169.9794 17.66863
v -568.99976 -1172.0005 17.856903
v -523.91394 -1190.1075 18.830734
v -521.97754 -1186.8231 19.255163
v -524.1543 -1186.3859 19.115582
v -492.00046 -1105.999 24.246859
v -490 -1111.0002 24.596626
v -490 -1106.9993 24.511415
v -548.00183 -1050.0046 21.41788
v -548.99976 -1050.0046 21.489292
v -548.99976 -1052.0005 21.516886
v -548.99976 -1052.9984 21.555027
v -548.00183 -1055.0034 21.388664
v -454.99884 -1200 21.227982
v -453.99863 -1200 21.188217
v -454.99884 -1196.0037 21.10463
v -455.99908 -1200 21.404083
v -570.0023 -1197.0039 17.251505
v -568.99976 -1200 16.90255
v -567.9995 -1197.0039 17.064043
v -568.99976 -1196.0037 17.272606
v -475.14075 -1062.1881 51.367237
v -474.0032 -1063.0785 51.363182
v -471.99817 -1062.9984 51.475983
v -475.99908 -1060.0023 51.475983
v -591.2543 -1169.8947 16.465948
v -591.7281 -1170.2449 16.373434
v -591.00024 -1172.0005 16.290659
v -588.0476 -1169.2263 16.799486
v -515.9991 -1111.0002 21.626442
v -517.9995 -1109.0021 21.478745
v -517.9995 -1111.0002 21.384605
v -517.0016 -1113.0007 21.308323
v -526.1295 -1186.6102 18.932987
v -523.91394 -1190.1075 18.830734
v -524.1543 -1186.3859 19.115582
v -525.0515 -1186.164 19.066889
v -450 -1148.9998 24.306911
v -453.99863 -1146.9993 24.904194
v -450 -1151.0002 24.039919
v -500 -1091.0026 23.109911
v -500 -1090.0023 23.062841
v -503.99863 -1090.0023 22.596214
v -500 -1092.0005 23.006847
v -578.00415 -1111.0002 21.378115
v -579.0021 -1110 21.177668
v -580 -1117.0039 21.177668
v -523.91394 -1190.1075 18.830734
v -523.13116 -1190.0824 18.847776
v -521.0025 -1188.0018 19.24299
v -521.0025 -1187.0062 19.319273
v -521.97754 -1186.8231 19.255163
v -555.0286 -1073.9987 21.314816
v -553.0007 -1077.0016 21.44547
v -553.0007 -1075.999 21.451963
v -553.0007 -1074.9989 21.45602
v -554.5434 -1072.4559 21.388664
v -555.00116 -1073.0029 21.31157
v -456.99933 -1075.999 22.55077
v -453.67133 -1077.9652 22.55077
v -453.62784 -1077.2053 22.55077
v -457.99954 -1073.9987 22.55077
v -487.99954 -1106.9993 24.590944
v -485.99908 -1108.0018 25.012127
v -485.99908 -1104.0032 24.866053
v -535.9991 -1150 19.011705
v -535.9991 -1148.9998 19.117203
v -536.9993 -1148.9998 18.978432
v -536.9993 -1153.0029 18.783667
v -535.9991 -1153.0029 18.856705
v -485.99908 -1083.502 23.975807
v -487.99954 -1083.0007 23.565178
v -487.99954 -1086.9993 23.883295
v -575.00116 -1101.0002 21.177668
v -576.2646 -1096.814 21.18497
v -576.997 -1097.4845 21.23204
v -576.96497 -1099.0066 21.33916
v -576.78644 -1099.8535 21.361883
v -507.37698 -1117.5555 22.20019
v -507.99954 -1118.9998 21.926706
v -504.99884 -1124.9989 21.658901
v -482.00046 -1170.0023 20.127552
v -480.04807 -1173.9529 19.953886
v -476.99933 -1176.0013 20.273628
v -454.99884 -1127.0016 27.299816
v -455.92813 -1125.7565 27.462934
v -456.82538 -1125.4635 27.500263
v -460.99792 -1126.0013 27.43372
v -576.00134 -1066.9993 15.278687
v -574.71277 -1066.8506 15.278687
v -572.0005 -1060.0023 15.278687
v -533.0007 -1198.0018 17.22716
v -535.00116 -1194.001 17.319674
v -535.5001 -1194.5022 17.286402
v -535.9991 -1196.0037 17.194698
v -600 -1065.0011 32.3751
v -597.2328 -1066.2097 32.3751
v -597.29456 -1065.063 32.3751
v -600 -1062.9984 32.3751
v -570.0023 -1188.0018 17.500645
v -571.00024 -1186.0013 17.557451
v -572.0005 -1185.0011 17.568
v -572.5017 -1185.5046 17.545279
v -573.0007 -1187.0062 17.49334
v -481.00024 -1078.851 24.685081
v -480 -1079.192 24.806
v -477.99954 -1078.9998 24.952885
v -478.99976 -1078.0018 24.528458
v -482.00046 -1077.0016 24.315025
v -476.90778 -1060.0939 39.81517
v -477.3541 -1060.6317 39.813545
v -476.99933 -1061.9982 39.813545
v -472.9984 -1064.001 39.660168
v -460 -1055.999 51.475983
v -456.82306 -1052.0005 51.475983
v -458.10254 -1050.8904 51.475983
v -479.8146 -1175.1156 19.842709
v -481.12152 -1174.8776 19.61467
v -483.99863 -1176.0013 18.829111
v -476.99933 -1176.0013 20.273628
v -524.0353 -1185.2689 18.564554
v -522.2202 -1185.5894 18.665184
v -526.9993 -1180 18.576727
v -458.99976 -1118.5054 27.828934
v -456.99933 -1118.9998 27.964458
v -456.99933 -1117.9995 27.742912
v -460 -1117.0039 27.552202
v -461.99817 -1117.0039 27.591969
v -577.9881 -1169.8489 17.378916
v -579.9176 -1169.6292 17.237709
v -581.00024 -1174.0055 17.103807
v -457.79813 -1067.1504 51.475983
v -458.867 -1065.1316 51.475983
v -460.03433 -1065.9464 51.475983
v -459.08447 -1068.9128 51.475983
v -590.8812 -1068.0499 32.3751
v -594.1474 -1065.1293 32.3751
v -594.2756 -1066.125 32.3751
v -592.00275 -1068.938 32.376724
v -523.0007 -1200 17.490093
v -524.4129 -1196.1799 17.602896
v -525.77246 -1195.5482 17.533106
v -524.0009 -1200 17.401638
v -462.13092 -1065.8687 22.55077
v -466.99933 -1061.9982 22.55077
v -462.92743 -1067.045 22.55077
v -474.05356 -1065.0675 28.139748
v -470.68207 -1066.9124 28.138124
v -470.80798 -1066.228 28.136501
v -473.99863 -1062.9984 28.131632
v -526.9993 -1190 18.722801
v -528.6679 -1188.272 18.705761
v -530.0023 -1188.0018 18.6311
v -532.0005 -1189.0021 18.53534
v -591.50146 -1163.7515 21.329422
v -591.751 -1164.2527 21.177668
v -591.751 -1164.5022 21.177668
v -591.751 -1165.0034 21.177668
v -591.50146 -1165.2529 21.177668
v -586.00134 -1164.001 21.177668
v -482.00046 -1074.9989 22.55077
v -483.99863 -1073.9987 22.55077
v -482.9984 -1075.999 24.001778
v -481.00024 -1077.0016 24.188429
v -459.92447 -1083.8613 24.891209
v -473.99863 -1078.0018 22.55077
v -466.6514 -1081.2681 24.335314
v -557.9995 -1141.0002 19.138304
v -560.08014 -1139.9908 19.268959
v -560.4944 -1141.8402 19.148853
v -558.99976 -1143.0052 19.025501
v -558.5031 -1142.4994 19.05634
v -557.0016 -1090.0023 21.142773
v -556.1044 -1088.915 21.183348
v -555.88464 -1088.13 21.191463
v -556.00366 -1086.9993 21.137903
v -557.9995 -1086.0037 21.169552
v -573.49506 -1061.0002 32.377533
v -573.57745 -1060.0756 32.377533
v -577.0016 -1060.9979 32.377533
v -573.51337 -1062.6322 32.37835
v -546.9993 -1092.0005 21.252327
v -546.9993 -1093.9987 21.264502
v -546.00134 -1095.0011 21.24746
v -546.00134 -1088.9998 21.221489
v -546.9993 -1091.0026 21.276674
v -484.99884 -1050.0046 22.55077
v -486.99933 -1050 22.549147
v -487.99954 -1050.0046 22.55077
v -487.99954 -1051.0002 22.55077
v -485.99908 -1052.0005 22.55077
v -484.99884 -1051.0002 22.55077
v -570.0023 -1188.0018 17.500645
v -567.9995 -1192.005 17.404884
v -567.0016 -1191.0002 17.438156
v -567.0016 -1190 17.468994
v -562.0005 -1172.0005 17.8496
v -565.0034 -1168.9998 17.910465
v -565.5001 -1169.501 17.890177
v -563.0007 -1173.0007 17.839863
v -558.99976 -1145.0011 18.917568
v -561.1856 -1143.994 19.091234
v -561.5633 -1145.6443 18.931364
v -560 -1146.9993 18.80152
v -559.50104 -1146.5027 18.832357
v -565.0034 -1178.0042 17.764389
v -564.0009 -1182.0005 17.697033
v -563.0007 -1181.0002 17.707582
v -563.0007 -1179.0044 17.735176
v -484.99884 -1073.0029 22.55077
v -491.00024 -1071.9982 22.986557
v -486.99933 -1073.9987 23.353367
v -576.00134 -1188.0018 17.601273
v -573.0007 -1185.0011 17.74897
v -573.0007 -1182.0005 17.808212
v -536.9993 -1197.0039 17.129776
v -536.9993 -1198.0018 17.071346
v -533.0007 -1198.0018 17.22716
v -535.9991 -1196.0037 17.194698
v -554.0009 -1110 20.92934
v -555.00116 -1110 20.926094
v -555.00116 -1111.0002 20.868477
v -555.00116 -1112.005 20.81248
v -553.0007 -1114.9989 20.649364
v -556.00366 -1117.9995 20.494362
v -555.00116 -1117.0039 20.539808
v -555.00116 -1114.9989 20.646118
v -555.00116 -1114.001 20.701302
v -556.00366 -1112.005 20.840885
v -510 -1071.0002 21.777386
v -508.99976 -1071.0002 21.836626
v -508.99976 -1066.9993 21.866653
v -511.00024 -1070 21.735996
v -535.9991 -1141.0002 19.299797
v -534.0032 -1140.0023 19.48239
v -534.0032 -1139.0021 19.541632
v -534.0032 -1137.9995 19.590322
v -535.00116 -1136.9993 19.555428
v -526.9993 -1137.9995 19.66823
v -527.9995 -1137.9995 19.625217
v -528.99976 -1139.0021 19.540009
v -528.99976 -1140.0023 19.45642
v -527.9995 -1142.0005 19.340374
v -534.6807 -1192.1149 17.443026
v -534.6304 -1191.1833 17.520931
v -539.0021 -1189.0021 17.523367
v -535.00116 -1193.0007 17.377293
v -536.9993 -1145.0011 19.122885
v -535.00116 -1144.001 19.3071
v -535.00116 -1142.0005 19.40286
v -535.9991 -1141.0002 19.299797
v -457.99954 -1071.9982 28.134878
v -456.55298 -1074.248 28.138935
v -456.01053 -1074.287 28.139748
v -454.99884 -1073.9987 28.139748
v -453.99863 -1073.0029 28.139748
v -458.99976 -1091.0026 27.333092
v -460.99792 -1092.9984 27.07746
v -458.99976 -1093.9987 27.27385
v -457.99954 -1093.9987 27.38097
v -463.99863 -1122.0027 27.360683
v -464.99884 -1122.0027 27.265734
v -463.99863 -1123.0007 27.31686
v -460.99792 -1126.0013 27.43372
v -461.99817 -1123.0007 27.522987
v -587.0039 -1152.0027 21.177668
v -591.12384 -1148.0042 21.329422
v -591.2726 -1148.9586 21.329422
v -591.2932 -1150.0092 21.329422
v -526.9993 -1190 18.722801
v -524.3351 -1190.8538 18.748772
v -523.91394 -1190.1075 18.830734
v -527.3152 -1188.0706 18.771494
v -527.6997 -1188.233 18.748772
v -452.37582 -1128.6312 26.898926
v -452.9984 -1128.9998 26.906227
v -452.9984 -1131.0002 26.677378
v -450 -1132.0005 26.233473
v -457.99954 -1073.9987 22.55077
v -459.9977 -1071.9661 22.55077
v -460.99792 -1071.9478 22.55077
v -460 -1074.9989 22.55077
v -564.0009 -1165.0034 18.036251
v -565.4566 -1162.829 17.93481
v -565.8503 -1164.1543 17.888554
v -566.0471 -1164.9531 17.864208
v -565.0034 -1167.0016 17.969706
v -564.4999 -1166.5004 17.985937
v -597.0016 -1146.7887 24.85875
v -596.96497 -1144.7356 24.85875
v -597.90796 -1144.5869 24.85875
v -599.10046 -1144.4518 24.85875
v -599.0021 -1146.7887 24.85875
v -524.99884 -1178.0042 18.687906
v -523.0007 -1178.0042 18.730106
v -523.0007 -1177.0016 18.57835
v -527.9995 -1177.0016 18.416857
v -526.9993 -1178.0042 18.614868
v -600 -1163.0007 29.863426
v -600 -1164.001 29.693008
v -596.00366 -1164.001 29.717354
v -595.00116 -1163.0007 29.930784
v -460.04578 -1072.9663 28.117023
v -460.99792 -1073.9987 28.133255
v -460.99792 -1074.9989 28.139748
v -460 -1075.999 28.139748
v -458.2719 -1076.4363 28.139748
v -513.0007 -1104.9989 22.02409
v -513.87274 -1107.7821 21.97215
v -513.2387 -1108.3429 22.002178
v -511.00024 -1105.999 22.18964
v -514.99884 -1057.9995 22.07846
v -514.0009 -1060.9293 21.82851
v -510.09155 -1063.2548 22.017597
v -576.8254 -1114.9897 21.36026
v -578.00415 -1114.0627 21.378115
v -578.00415 -1122.0027 21.378115
v -589.0021 -1070.0732 24.989403
v -589.0021 -1071.0002 24.989403
v -585.0721 -1071.0002 24.989403
v -584.1016 -1070.8995 24.989403
v -584.1016 -1070 24.989403
v -586.006 -1067.9309 15.278687
v -586.00134 -1068.9998 15.278687
v -580 -1068.9998 15.278687
v -584.2527 -1067.7546 15.278687
v -594.2756 -1066.125 32.3751
v -594.68756 -1066.3309 32.3751
v -595.00116 -1068.9288 32.3751
v -592.00275 -1068.938 32.376724
v -558.3887 -1123.5592 20.629887
v -557.3335 -1123.621 20.386429
v -557.0199 -1123.5409 20.320696
v -556.7361 -1123.0007 20.28012
v -560 -1118.9998 21.177668
v -542.0005 -1186.0013 17.57368
v -541.00024 -1187.0062 17.622374
v -539.50104 -1185.5046 17.752216
v -540 -1183.0029 17.707582
v -515.9991 -1066.9993 21.541231
v -517.9995 -1065.999 21.40733
v -517.9995 -1066.9993 21.364319
v -513.0007 -1070 21.501467
v -514.99884 -1067.4983 21.576126
v -518.99976 -1185.0011 18.847776
v -519.23553 -1186.807 18.820185
v -518.2582 -1187.3267 18.870499
v -514.99884 -1187.0062 19.006025
v -453.99863 -1086.9993 26.364128
v -458.22385 -1087.2145 27.18945
v -453.99863 -1088.8807 27.693409
v -577.0016 -1060.9979 32.377533
v -573.57745 -1060.0756 32.377533
v -573.43555 -1059.295 32.377533
v -575.00116 -1057.9995 32.377533
v -466.99933 -1050.0046 51.475983
v -469.97025 -1051.2498 51.475983
v -469.96567 -1051.8242 51.475983
v -468.99976 -1053.9987 51.475983
v -484.99884 -1073.0029 22.55077
v -483.99863 -1073.9987 22.55077
v -482.9984 -1073.9987 22.55077
v -485.99908 -1068.0042 22.549957
v -548.99976 -1092.0005 21.29615
v -546.9993 -1095.0011 21.271805
v -546.9993 -1093.9987 21.264502
v -546.9993 -1092.0005 21.252327
v -550 -1090.0023 21.361883
v -557.0016 -1164.001 17.978632
v -557.9995 -1167.9995 17.8496
v -554.0009 -1162.0005 18.156357
v -600 -1080 21.177668
v -600 -1082.0005 21.177668
v -600 -1084.9989 21.177668
v -598.00183 -1081.0048 21.329422
v -511.00024 -1183.0029 18.915945
v -510 -1186.0013 18.999533
v -505.99908 -1188.0018 18.925684
v -550 -1126.0013 19.992027
v -551.00024 -1124.9989 20.06182
v -551.00024 -1126.0013 19.992027
v -551.00024 -1131.0002 19.707184
v -550 -1130.0046 19.771294
v -557.9995 -1167.9995 17.8496
v -558.99976 -1167.0016 17.99811
v -560 -1167.9995 17.95104
v -560 -1170.0023 17.890177
v -558.99976 -1171.0026 17.750593
v -540 -1167.9995 18.124708
v -539.0021 -1168.9998 18.183949
v -539.0021 -1167.0016 18.24806
v -539.0021 -1166.0037 18.281332
v -541.00024 -1163.0007 18.188818
v -518.99976 -1117.9995 20.85955
v -515.9991 -1117.0039 21.068111
v -515.9991 -1115.999 21.145206
v -521.0025 -1117.0039 20.92934
v -506.99933 -1097.9995 22.591345
v -517.0016 -1097.9995 21.76927
v -511.00024 -1099.0044 22.188017
v -534.0032 -1173.0007 18.199368
v -535.00116 -1174.0055 17.997297
v -527.9995 -1177.0016 18.416857
v -524.99884 -1050.0046 21.611023
v -526.00134 -1050.0046 21.459267
v -526.00134 -1055.0034 21.433298
v -524.99884 -1055.0034 21.571257
v -548.99976 -1124.9989 19.918991
v -550 -1126.0013 19.992027
v -550 -1130.0046 19.771294
v -548.99976 -1131.0002 19.600872
v -463.99863 -1171.0026 22.188017
v -462.78784 -1171.0026 22.3487
v -461.99817 -1171.0026 22.401447
v -461.99817 -1170.0023 22.478544
v -463.99863 -1170.0023 22.277285
v -470 -1171.0026 21.555027
v -592.00275 -1061.9982 32.3751
v -594.78143 -1059.5812 32.3751
v -595.7885 -1059.6934 32.3751
v -594.548 -1062.1721 32.3751
v -594.2138 -1062.5017 32.3751
v -576.39734 -1135.024 21.367565
v -576.82306 -1137.226 21.223114
v -576.00134 -1138.7389 21.177668
v -574.00323 -1137.9995 21.177668
v -467.99954 -1068.0042 27.977444
v -469.5216 -1067.4753 28.117023
v -470 -1067.7295 28.138935
v -470 -1068.0042 28.139748
v -468.99976 -1068.9998 28.139748
v -464.99884 -1071.9982 28.14137
v -570.48065 -1062.8313 32.37835
v -570.8721 -1063.2433 32.37835
v -570.0023 -1065.999 32.37835
v -567.9995 -1065.999 32.37835
v -567.9995 -1065.0011 32.37835
v -468.99976 -1114.9989 27.027958
v -467.99954 -1114.9989 27.107487
v -466.99933 -1114.9989 27.011726
v -467.99954 -1114.001 26.920835
v -471.00024 -1113.0007 26.614891
v -472.9984 -1113.0007 26.437166
v -600 -1071.9982 21.329422
v -600 -1073.0029 21.329422
v -597.0016 -1073.0029 21.329422
v -597.409 -1070.4669 21.331045
v -597.7638 -1070.6249 21.330235
v -513.2387 -1108.3429 22.002178
v -507.99954 -1106.9993 22.49802
v -510 -1105.999 22.29514
v -511.00024 -1105.999 22.18964
v -513.87274 -1107.7821 21.97215
v -513.0007 -1104.9989 22.02409
v -515.9991 -1104.9989 21.81796
v -514.75854 -1107.5647 21.912098
v -522.504 -1190.5836 18.803955
v -521.4992 -1193.582 18.555628
v -520.89496 -1193.1769 18.670053
v -521.0025 -1188.0018 19.24299
v -450 -1132.0005 26.233473
v -451.99817 -1137.9995 25.92915
v -450 -1136.9993 25.619148
v -450 -1135.0034 25.788757
v -450 -1134.0032 25.835014
v -565.5001 -1050.0046 24.989403
v -565.5001 -1054.4999 24.989403
v -565.4337 -1055.0103 24.989403
v -564.4999 -1055.4978 24.989403
v -564.4999 -1050.0046 24.989403
v -565.0034 -1050 24.990215
v -584.0513 -1070.5768 21.331045
v -585.00116 -1073.0029 21.329422
v -582.0005 -1073.0029 21.329422
v -582.6551 -1070.6523 21.331045
v -563.50195 -1162.4994 18.124708
v -563.0007 -1161.0048 18.180702
v -564.4564 -1158.8326 18.086565
v -564.8501 -1160.1511 18.036251
v -565.24146 -1161.9409 17.968082
v -564.0009 -1163.0007 18.10523
v -576.00134 -1194.001 17.281532
v -573.0007 -1198.0018 17.171976
v -574.00323 -1195.0011 17.275852
v -575.00116 -1192.005 17.342396
v -575.5001 -1192.5017 17.324543
v -573.0007 -1198.0018 17.171976
v -576.00134 -1194.001 17.281532
v -576.5026 -1194.5022 17.25394
v -577.0016 -1196.0037 17.184149
v -529.50104 -1128.503 20.378315
v -526.00134 -1132.0005 20.037474
v -525.5001 -1131.4991 20.021244
v -528.5008 -1127.5028 20.405907
v -528.99976 -1127.9995 20.390488
v -598.25134 -1163.0007 21.329422
v -597.5624 -1163.9529 21.325365
v -597.2511 -1164.0146 21.322119
v -596.7567 -1164.0466 21.30102
v -595.7519 -1162.25 21.329422
v -595.87775 -1161.8105 21.329422
v -596.87573 -1161.2498 21.329422
v -597.8759 -1161.2498 21.329422
v -598.25134 -1162.0005 21.329422
v -598.5031 -1162.5796 21.329422
v -531.00024 -1178.0042 18.296751
v -531.00024 -1179.0044 18.32272
v -530.0023 -1179.0044 18.392511
v -528.99976 -1179.0044 18.463114
v -527.50287 -1178.5009 18.576727
v -526.9993 -1178.0042 18.614868
v -527.9995 -1177.0016 18.416857
v -492.9984 -1111.4991 24.262276
v -493.99863 -1111.0002 24.134056
v -494.99884 -1111.0002 24.02937
v -494.99884 -1113.0007 24.166515
v -491.00024 -1113.0007 24.504925
v -597.8759 -1161.2498 24.85875
v -598.00183 -1162.25 24.85875
v -597.7523 -1163.193 24.85875
v -595.5001 -1163.193 24.85875
v -594.87756 -1161.2498 24.85875
v -485.99908 -1111.0002 24.973986
v -488.9998 -1113.0007 24.676155
v -488.24902 -1113.4996 24.75812
v -487.4983 -1114.001 24.842518
v -485.99908 -1114.001 25.052704
v -473.99863 -1056.9993 51.475983
v -475.0492 -1056.9626 51.475983
v -475.50012 -1057.5006 51.475983
v -471.99817 -1062.9984 51.475983
v -467.99954 -1060.0023 39.813545
v -463.17236 -1058.9838 39.795692
v -465.27582 -1057.2305 39.82247
v -485.99908 -1114.001 25.052704
v -487.4983 -1114.001 24.842518
v -486.99933 -1114.9989 24.884716
v -485.99908 -1115.999 24.948017
v -484.99884 -1116.5004 25.126553
v -483.99863 -1115.999 25.220688
v -483.49966 -1115.5024 25.305899
v -594.0009 -1200 15.761544
v -592.00275 -1195.0011 16.12024
v -593.16547 -1195.6581 16.085342
v -594.8501 -1197.1504 16.086966
v -573.0007 -1182.0005 17.808212
v -572.0005 -1176.4478 17.93481
v -574.00323 -1177.0016 17.62075
v -555.26434 -1078.9174 21.375679
v -553.0007 -1077.0016 21.44547
v -555.0286 -1073.9987 21.314816
v -600 -1071.9982 30.52969
v -596.00366 -1073.0029 30.09796
v -599.39575 -1070.4463 31.884127
v -600 -1070 32.250122
v -600 -1071.0002 31.389908
v -565.1499 -1155.8503 21.378115
v -564.5777 -1153.0282 21.378115
v -568.99976 -1156.006 21.177668
v -590.8331 -1063.0121 32.3751
v -590.8629 -1061.8998 32.3751
v -592.00275 -1061.9982 32.3751
v -594.2138 -1062.5017 32.3751
v -590.9247 -1065.0011 32.3751
v -452.3781 -1128.0911 26.958164
v -452.37582 -1128.6312 26.898926
v -450 -1132.0005 26.233473
v -450 -1131.0002 26.324364
v -450 -1130.0046 26.559708
v -450 -1128.9998 26.649786
v -450 -1127.9995 26.769892
v -565.5001 -1062.4994 24.989403
v -565.11786 -1063.2891 24.989403
v -564.4999 -1064.001 24.989403
v -564.4999 -1058.5009 24.989403
v -565.2163 -1057.4387 24.989403
v -565.3445 -1057.6584 24.989403
v -565.5001 -1057.9995 24.989403
v -491.13757 -1129.7047 23.56193
v -490 -1128.9998 24.030182
v -494.99884 -1123.0007 23.090433
v -559.2264 -1135.9647 19.640636
v -560.08014 -1139.9908 19.268959
v -558.99976 -1140.0023 18.999533
v -557.9995 -1135.0034 19.308723
v -558.84186 -1135.0034 19.666607
v -536.9993 -1198.0018 17.071346
v -537.9995 -1199.0021 17.034828
v -537.9995 -1200 17.004803
v -536.9993 -1200 17.025902
v -533.0007 -1198.0018 17.22716
v -567.0016 -1184.0032 17.632923
v -570.0023 -1180 17.701902
v -571.00024 -1181.0002 17.667007
v -571.00024 -1182.0005 17.646719
v -584.0009 -1055.999 15.278687
v -584.0009 -1057.9995 15.278687
v -580 -1052.9984 15.278687
v -581.00024 -1052.9984 15.278687
v -531.00024 -1148.0042 19.083931
v -535.00116 -1145.0011 19.266525
v -534.0032 -1146.9993 19.173199
v -531.00024 -1150 19.007648
v -460 -1175.0011 22.380348
v -458.99976 -1167.9995 22.954908
v -460.99792 -1171.0026 22.718754
v -532.0005 -1139.0021 19.547312
v -533.0007 -1136.9993 19.701502
v -534.0032 -1137.9995 19.590322
v -534.0032 -1139.0021 19.541632
v -533.0007 -1142.0005 19.369589
v -521.0025 -1064.001 21.334291
v -517.9995 -1066.9993 21.364319
v -517.9995 -1065.999 21.40733
v -521.0025 -1062.9984 21.404083
v -523.0007 -1060.9979 21.416256
v -524.0009 -1060.9979 21.376492
v -546.9993 -1087.9995 21.177668
v -546.00134 -1088.9998 21.221489
v -546.9993 -1083.0007 21.163872
v -548.00183 -1083.9987 21.31725
v -548.00183 -1084.9989 21.320496
v -551.00024 -1124.9989 20.06182
v -548.99976 -1124.001 19.992027
v -548.99976 -1122.0027 20.14703
v -550 -1120 20.383184
v -474.99884 -1086.0037 25.424381
v -476.99933 -1086.9993 25.199589
v -475.99908 -1087.4983 25.333492
v -472.9984 -1088.9998 25.73682
v -471.99817 -1088.9998 25.850433
v -522.0508 -1193.9529 18.451752
v -521.4992 -1193.582 18.555628
v -522.504 -1190.5836 18.803955
v -523.1998 -1191.3665 18.710629
v -524.0009 -1195.0011 18.185572
v -476.99933 -1118.9998 26.309757
v -475.99908 -1117.9995 26.382793
v -477.99954 -1117.0039 26.11986
v -478.99976 -1117.0039 25.983524
v -481.00024 -1117.9995 25.783888
v -481.00024 -1059.0021 28.136501
v -479.35684 -1060.1671 28.136501
v -478.91736 -1058.9288 28.135689
v -483.99863 -1055.0034 28.131632
v -566.00134 -1062.9984 32.112976
v -564.4907 -1064.1954 31.078281
v -564.1016 -1063.4287 30.824276
v -566.00134 -1059.0021 32.112976
v -494.9485 -1068.7847 22.631922
v -493.05334 -1068.9448 22.635979
v -493.11972 -1068.0042 22.575928
v -493.99863 -1067.0703 22.562943
v -495.92813 -1065.7886 22.554827
v -495.98306 -1068.1049 22.607576
v -508.99976 -1114.001 22.170975
v -511.01855 -1116.1501 21.81796
v -510.66376 -1117.0107 21.77576
v -508.30167 -1116.9673 22.123907
v -507.9446 -1116.2349 22.193697
v -522.0005 -1057.9995 21.504713
v -519.00665 -1058.9655 21.541231
v -519.9771 -1054.8936 21.593168
v -457.99954 -1074.9989 28.136501
v -457.24652 -1074.7242 28.138124
v -456.55298 -1074.248 28.138935
v -457.99954 -1071.9982 28.134878
v -459.2744 -1072.2637 28.10485
v -460.04578 -1072.9663 28.117023
v -514.99884 -1187.0062 19.006025
v -518.2582 -1187.3267 18.870499
v -515.9762 -1188.7549 18.978432
v -514.85925 -1189.1737 19.013329
v -513.9116 -1189.0936 19.04092
v -513.49963 -1188.5009 19.044167
v -577.0016 -1075.999 21.329422
v -577.0016 -1078.1941 21.329422
v -575.86176 -1078.503 21.329422
v -573.0007 -1077.0016 21.329422
v -453.62784 -1077.2053 22.55077
v -453.2044 -1076.9215 22.55077
v -454.99884 -1073.9987 22.55077
v -457.99954 -1073.9987 22.55077
v -458.99976 -1078.0018 34.295982
v -460 -1074.9989 34.23593
v -461.00708 -1073.9001 34.30085
v -461.60907 -1074.2664 34.34224
v -460 -1078.9998 34.295982
v -591.00024 -1055.999 32.3751
v -593.0007 -1055.999 32.3751
v -594.1497 -1057.0267 32.3751
v -591.00024 -1059.0021 32.3751
v -558.5031 -1163.502 18.119026
v -558.99976 -1165.0034 18.05167
v -558.99976 -1167.0016 17.99811
v -557.9995 -1167.9995 17.8496
v -557.0016 -1164.001 17.978632
v -555.08124 -1068.6084 21.422749
v -553.0007 -1066.9993 21.486048
v -554.0009 -1065.0011 21.495785
v -555.00116 -1062.9984 21.308323
v -455.9373 -1058.9403 51.475983
v -455.38794 -1058.8556 51.475983
v -454.99884 -1056.9993 51.475983
v -460 -1055.999 51.475983
v -593.0007 -1108.0018 21.278297
v -597.0016 -1105.5046 21.378115
v -596.0403 -1109.0845 21.34971
v -597.14124 -1109.6979 21.281544
v -592.00275 -1115.999 21.177668
v -595.00116 -1110 21.177668
v -571.00024 -1180 17.87638
v -571.0208 -1177.0542 17.926695
v -572.0005 -1176.4478 17.93481
v -573.0007 -1182.0005 17.808212
v -492.00046 -1139.0021 22.472052
v -489.76425 -1131.1765 23.690964
v -491.16272 -1130.8354 23.448317
v -501.00024 -1050.0046 22.55077
v -506.99933 -1050.0046 22.55077
v -503.99863 -1052.0005 22.629488
v -597.0016 -1059.0021 34.184803
v -595.00116 -1059.0021 34.184803
v -595.00116 -1055.999 34.184803
v -597.0016 -1055.999 34.184803
v -553.0007 -1080 21.442225
v -550 -1080 21.384605
v -553.0007 -1075.999 21.451963
v -553.0007 -1077.0016 21.44547
v -483.99863 -1083.9987 24.23793
v -482.9984 -1084.9989 24.377514
v -482.00046 -1084.9989 24.517906
v -483.8613 -1078.6084 24.164894
v -567.0016 -1073.9987 21.558273
v -573.0007 -1073.9987 21.558273
v -567.0016 -1075.999 21.66864
v -546.00134 -1102.0005 21.209316
v -543.003 -1101.0002 21.434921
v -546.00134 -1097.9995 21.24259
v -526.9993 -1135.0034 19.897892
v -527.50287 -1135.5001 19.845953
v -527.9995 -1135.999 19.794016
v -526.9993 -1137.9995 19.66823
v -524.0009 -1133.0007 19.896269
v -515.9991 -1124.001 20.595804
v -514.99884 -1123.0007 20.711851
v -517.0016 -1122.0027 20.699678
v -518.99976 -1122.0027 20.559284
v -518.99976 -1123.0007 20.551981
v -517.9995 -1124.001 20.50816
v -473.99863 -1120 26.60434
v -471.00024 -1120 26.84293
v -474.99884 -1117.9995 26.489103
v -475.99908 -1117.9995 26.382793
v -476.99933 -1118.9998 26.309757
v -513.0007 -1100 22.163671
v -511.00024 -1100 22.315426
v -511.00024 -1099.0044 22.188017
v -517.0016 -1097.9995 21.76927
v -514.99884 -1099.4988 22.027336
v -494.99884 -1109.0021 23.987982
v -495.99908 -1104.9989 23.800518
v -497.99954 -1104.0032 23.565178
v -498.99976 -1104.0032 23.457243
v -483.99863 -1075.999 24.091858
v -486.99933 -1074.9989 23.94984
v -484.98743 -1076.8849 24.224136
v -483.1266 -1077.8279 24.395367
v -481.00024 -1078.851 24.685081
v -482.00046 -1077.0016 24.315025
v -473.29367 -1054.2161 28.169773
v -473.59122 -1053.4653 28.1576
v -475.99908 -1055.0034 28.131632
v -476.53696 -1057.6288 28.165716
v -475.92355 -1057.9446 28.172207
v -570.0023 -1161.0048 21.378115
v -567.85077 -1160.9705 21.378115
v -567.70886 -1160.4005 21.378115
v -568.99976 -1156.006 21.177668
v -462.9984 -1114.001 27.404505
v -467.99954 -1114.001 26.920835
v -466.99933 -1114.9989 27.011726
v -465.99908 -1115.999 27.286022
v -464.99884 -1115.999 27.356625
v -474.99884 -1114.9989 26.409573
v -475.99908 -1114.001 26.202635
v -481.00024 -1114.9989 25.63132
v -477.99954 -1115.999 26.086586
v -598.4024 -1106.5323 21.378115
v -599.04785 -1103.6919 21.33916
v -600 -1102.5017 21.329422
v -600 -1105.5046 21.329422
v -600 -1107.5006 21.329422
v -598.57635 -1108.0042 21.363506
v -598.5031 -1107.5006 21.375679
v -577.0016 -1065.0011 32.37835
v -575.214 -1066.5278 32.37835
v -573.98486 -1066.237 32.37835
v -574.00323 -1062.9984 32.37835
v -548.00183 -1081.0048 21.329422
v -548.00183 -1083.9987 21.31725
v -546.9993 -1083.0007 21.163872
v -546.9993 -1078.0018 21.181725
v -548.00183 -1077.0016 21.348087
v -548.00183 -1078.0018 21.341595
v -475.99908 -1185.0011 19.67878
v -476.99933 -1184.0032 19.61467
v -476.99933 -1190 19.145607
v -474.99884 -1186.0013 19.815117
v -567.9995 -1167.0016 21.378115
v -567.93317 -1164.0078 21.378115
v -572.0897 -1166.8093 21.264502
v -514.99884 -1057.9995 22.07846
v -517.9446 -1057.1 21.734375
v -517.8988 -1057.9995 21.685682
v -517.0016 -1058.9425 21.739243
v -514.0009 -1060.9293 21.82851
v -471.00024 -1152.0027 23.387451
v -464.99884 -1146.0013 24.638824
v -464.99884 -1144.001 24.586075
v -456.44083 -1050.737 28.131632
v -452.9984 -1052.9984 28.131632
v -452.9984 -1050.0046 28.135689
v -454.99884 -1050 28.133255
v -455.99908 -1050.0046 28.131632
v -505.99908 -1117.0039 22.318672
v -507.10687 -1116.7957 22.268358
v -507.37698 -1117.5555 22.20019
v -504.99884 -1124.9989 21.658901
v -569.9977 -1058.9586 32.377533
v -569.8558 -1055.0103 32.376724
v -573.0007 -1053.9987 32.376724
v -459.08447 -1068.9128 51.475983
v -460.03433 -1065.9464 51.475983
v -461.1902 -1066.7407 51.475983
v -461.6251 -1068.9769 51.475983
v -460 -1070 51.475983
v -553.49963 -1143.4996 19.00927
v -554.0009 -1145.0011 18.94029
v -554.0009 -1146.9993 18.832357
v -553.0007 -1148.0042 18.687906
v -552.00275 -1144.001 18.893223
v -553.0007 -1143.0052 19.027124
v -560 -1118.9998 21.177668
v -562.0005 -1117.0039 21.177668
v -562.0005 -1117.9995 21.177668
v -560.76447 -1123.9323 21.139526
v -456.99933 -1073.9987 34.239986
v -459.49872 -1072.4994 34.138546
v -460.43262 -1073.0029 34.26758
v -461.00708 -1073.9001 34.30085
v -460 -1074.9989 34.23593
v -457.99954 -1074.9989 34.23593
v -598.00183 -1100 21.378115
v -597.34033 -1102.0005 21.378115
v -597.19385 -1102.0371 21.378115
v -597.0016 -1102.0005 21.378115
v -593.0007 -1097.9995 21.177668
v -495.98306 -1068.1049 22.607576
v -495.92813 -1065.7886 22.554827
v -496.99933 -1065.0743 22.55077
v -500.2655 -1065.3422 22.537785
v -464.99884 -1071.9982 28.14137
v -463.18835 -1070.174 28.095114
v -467.99954 -1068.0042 27.977444
v -453.99863 -1052.9984 39.813545
v -451.99817 -1052.9984 39.813545
v -455.99908 -1050.0046 39.813545
v -456.74982 -1051.2498 39.813545
v -456.74982 -1052.0005 39.813545
v -491.00024 -1071.9982 22.986557
v -491.00024 -1068.9998 22.568623
v -493.00983 -1070.0298 22.766636
v -493.31198 -1070.3845 22.803965
v -492.78094 -1072.6482 23.18457
v -492.57727 -1072.8381 23.221088
v -492.26825 -1072.9846 23.243813
v -454.01007 -1054.2001 22.55077
v -453.3898 -1054.8088 22.55077
v -451.9707 -1053.0259 22.55077
v -455.99908 -1050.0046 22.55077
v -482.00046 -1084.9989 24.517906
v -481.00024 -1085.5001 24.659924
v -482.00046 -1081.0048 24.453796
v -482.98468 -1078.9655 24.288246
v -483.8613 -1078.6084 24.164894
v -532.0005 -1153.0029 18.917568
v -535.00116 -1151.0002 18.988983
v -532.5017 -1156.5004 18.816938
v -532.0005 -1156.006 18.826677
v -565.0034 -1167.9995 17.937244
v -565.0034 -1168.9998 17.910465
v -562.0005 -1172.0005 17.8496
v -561.0025 -1170.0023 17.890177
v -542.0005 -1197.0039 17.03564
v -544.0009 -1195.0011 17.042944
v -544.0009 -1197.0039 16.978832
v -543.003 -1200 16.931765
v -542.0005 -1200 16.968283
v -531.00024 -1152.0027 18.943537
v -531.00024 -1151.0002 18.974375
v -533.0007 -1150 19.028748
v -535.00116 -1151.0002 18.988983
v -532.0005 -1153.0029 18.917568
v -515.9991 -1061.2108 21.585865
v -518.55347 -1059.8993 21.533928
v -517.0016 -1062.9984 21.501467
v -513.0007 -1062.9984 21.71003
v -551.00024 -1140.0023 19.103407
v -552.00275 -1139.0021 19.242178
v -553.0007 -1140.0023 19.20647
v -553.0007 -1143.0052 19.027124
v -552.00275 -1144.001 18.893223
v -553.0007 -1148.0042 18.687906
v -554.0009 -1146.9993 18.832357
v -555.00116 -1148.0042 18.78529
v -555.00116 -1150 18.691963
v -555.00116 -1151.0002 18.639214
v -554.0009 -1152.0027 18.488272
v -556.00366 -1155.0011 18.450941
v -555.00116 -1156.006 18.308924
v -554.0009 -1152.0027 18.488272
v -555.00116 -1151.0002 18.639214
v -556.00366 -1152.0027 18.590523
v -556.00366 -1154.001 18.498821
v -492.9984 -1111.4991 24.262276
v -492.00046 -1112.005 24.391308
v -490.49896 -1112.4994 24.552803
v -492.9984 -1109.0021 24.201412
v -494.99884 -1109.0021 23.987982
v -493.99863 -1111.0002 24.134056
v -475.99908 -1117.9995 26.382793
v -474.99884 -1117.9995 26.489103
v -474.99884 -1114.9989 26.409573
v -477.99954 -1115.999 26.086586
v -477.99954 -1117.0039 26.11986
v -456.99933 -1066.9993 27.977444
v -454.873 -1066.8757 28.133255
v -455.99908 -1065.0011 28.131632
v -456.99933 -1063.7491 28.11053
v -458.77087 -1062.0714 28.212784
v -464.15656 -1068.5833 51.47111
v -465.31012 -1067.1069 51.475983
v -467.9492 -1067.7844 51.363182
v -463.99863 -1070.8606 51.343704
v -474.99884 -1197.0039 19.515663
v -473.99863 -1194.001 19.692575
v -476.99933 -1190 19.145607
v -561.0025 -1151.0002 18.606754
v -562.16754 -1148.9312 18.566177
v -563.0007 -1152.0027 18.552382
v -561.50146 -1154.5045 18.447695
v -561.0025 -1154.001 18.470417
v -561.0025 -1152.0027 18.560497
v -600 -1062.9984 32.3751
v -597.29456 -1065.063 32.3751
v -597.3152 -1063.0419 32.3751
v -600 -1060.0023 32.3751
v -503.1655 -1061.8265 22.476921
v -502.76035 -1060.9728 22.493961
v -506.99933 -1057.9995 22.352757
v -504.0444 -1063.2067 22.438778
v -496.99933 -1068.2124 22.601894
v -497.99954 -1069.881 22.536161
v -494.0444 -1071.9111 23.02957
v -493.99863 -1070.531 22.868076
v -494.83636 -1069.7253 22.74229
v -472.9984 -1056.9993 39.813545
v -472.3575 -1053.9712 39.82653
v -473.29367 -1054.2161 39.85331
v -475.9121 -1057.9331 39.854935
v -475.9968 -1058.819 39.828964
v -472.9984 -1056.9993 28.131632
v -472.3575 -1053.9712 28.143805
v -473.29367 -1054.2161 28.169773
v -475.92355 -1057.9446 28.172207
v -475.98306 -1058.8143 28.143805
v -487.99954 -1082.4994 23.707193
v -487.99954 -1081.0048 23.691774
v -488.9998 -1078.0018 23.493763
v -491.00024 -1081.0048 23.335514
v -488.9998 -1078.0018 23.493763
v -487.99954 -1081.0048 23.691774
v -485.99908 -1083.502 23.975807
v -484.99884 -1083.9987 24.116203
v -483.99863 -1083.9987 24.23793
v -533.07166 -1192.8679 17.417057
v -534.6807 -1192.1149 17.443026
v -535.00116 -1193.0007 17.377293
v -535.00116 -1194.001 17.319674
v -533.0007 -1198.0018 17.22716
v -554.7494 -1092.0005 21.41788
v -552.00275 -1095.0011 21.348087
v -552.00275 -1092.0005 21.370811
v -553.0007 -1090.0023 21.412197
v -555.00116 -1084.9989 21.546911
v -555.8503 -1084.7036 21.47144
v -557.9995 -1086.0037 21.169552
v -556.00366 -1086.9993 21.137903
v -553.0007 -1087.9995 21.422749
v -573.0007 -1050.0046 15.278687
v -576.00134 -1050 15.278687
v -577.0016 -1050.0046 15.278687
v -579.0021 -1052.0005 15.278687
v -576.00134 -1052.0005 15.278687
v -453.99863 -1052.9984 39.813545
v -456.74982 -1052.0005 39.813545
v -454.99884 -1055.0034 39.813545
v -452.6894 -1056.9077 39.807865
v -452.61844 -1056.395 39.802185
v -468.99976 -1073.0029 37.546143
v -467.6402 -1070.7782 37.690594
v -467.99954 -1070 38.093925
v -470 -1068.9998 39.26252
v -470 -1072.4994 38.123947
v -530.0023 -1200 17.25394
v -533.0007 -1198.0018 17.22716
v -536.9993 -1200 17.025902
v -534.0032 -1200 17.206871
v -531.00024 -1200 17.251505
v -546.00134 -1095.0011 21.24746
v -546.9993 -1093.9987 21.264502
v -546.9993 -1095.0011 21.271805
v -546.9993 -1096.0013 21.271805
v -546.00134 -1097.9995 21.24259
v -543.003 -1101.0002 21.434921
v -457.9698 -1088.5214 27.42398
v -458.9975 -1088.1711 27.301441
v -458.99976 -1091.0026 27.333092
v -457.99954 -1093.9987 27.38097
v -456.99933 -1094.4999 27.472673
v -517.0016 -1101.0002 21.85448
v -515.9991 -1100 21.95024
v -517.0016 -1099.0044 21.902359
v -518.99976 -1099.0044 21.694609
v -520 -1100 21.61589
v -517.9995 -1102.0005 21.739243
v -551.00024 -1135.0034 19.465347
v -550 -1135.999 19.31765
v -548.99976 -1131.0002 19.600872
v -551.00024 -1131.0002 19.707184
v -551.00024 -1132.0005 19.649565
v -473.99863 -1088.9998 25.466581
v -477.99954 -1086.9993 25.077862
v -474.99884 -1092.0005 25.606976
v -533.0007 -1134.0032 19.915745
v -533.0007 -1131.0002 20.034227
v -535.00116 -1136.9993 19.555428
v -534.0032 -1137.9995 19.590322
v -533.0007 -1136.9993 19.701502
v -503.00067 -1108.0018 23.041742
v -503.99863 -1108.0018 22.93462
v -503.99863 -1110 22.968704
v -500 -1111.0002 23.497818
v -501.00024 -1109.0021 23.311169
v -471.00024 -1170.0023 21.529058
v -463.99863 -1170.0023 22.277285
v -474.99884 -1167.9995 21.254763
v -583.003 -1169.2378 17.04619
v -588.0476 -1169.2263 16.799486
v -591.00024 -1172.0005 16.290659
v -477.99954 -1056.9993 22.55077
v -478.1941 -1057.9995 22.55077
v -478.00183 -1058.629 22.55077
v -474.99884 -1060.0023 22.55077
v -475.92355 -1056.1455 22.55077
v -476.64682 -1056.3516 22.55077
v -469.21948 -1083.4402 26.006247
v -465.99908 -1082.0005 24.92854
v -472.7306 -1081.0048 25.414642
v -467.9492 -1067.7844 51.363182
v -465.31012 -1067.1069 51.475983
v -465.8961 -1066.2028 51.475983
v -470 -1065.0011 51.475983
v -470.04807 -1066.0563 51.45407
v -468.9151 -1067.0039 51.475983
v -475.50012 -1057.5006 51.475983
v -476.9146 -1059.0868 51.475983
v -475.99908 -1060.0023 51.475983
v -471.99817 -1062.9984 51.475983
v -507.99954 -1118.9998 21.926706
v -510.84918 -1117.9995 21.641861
v -504.99884 -1124.9989 21.658901
v -582.0508 -1169.2263 17.085142
v -583.003 -1169.2378 17.04619
v -581.00024 -1174.0055 17.103807
v -579.9176 -1169.6292 17.237709
v -468.77777 -1066.9993 39.813545
v -468.99976 -1068.0042 39.813545
v -467.99954 -1068.9998 39.813545
v -463.99863 -1071.9982 39.813545
v -463.35315 -1071.9799 39.788387
v -463.60034 -1070.9796 39.771347
v -491.00024 -1055.0034 22.549957
v -487.80728 -1054.1245 22.55077
v -488.9952 -1052.9961 22.55077
v -491.71893 -1050.8103 22.55077
v -560 -1157.0016 18.348688
v -562.0005 -1156.006 18.380339
v -562.0005 -1157.0016 18.338139
v -562.0005 -1158.0018 18.295128
v -557.9995 -1160 18.234264
v -557.50055 -1159.5033 18.267536
v -577.0016 -1200 16.986948
v -575.00116 -1200 16.99912
v -572.0005 -1200 17.050247
v -570.5013 -1198.5054 17.150877
v -573.0007 -1198.0018 17.171976
v -573.0007 -1198.0018 17.171976
v -570.5013 -1198.5054 17.150877
v -570.0023 -1198.0018 17.178469
v -570.0023 -1197.0039 17.251505
v -574.00323 -1195.0011 17.275852
v -570.0023 -1161.0048 21.378115
v -568.99976 -1156.006 21.177668
v -572.0005 -1164.001 21.177668
v -572.7512 -1166.5049 21.218243
v -572.0897 -1166.8093 21.264502
v -461.99817 -1117.0039 27.591969
v -460 -1117.0039 27.552202
v -462.9984 -1114.001 27.404505
v -464.99884 -1115.999 27.356625
v -463.99863 -1116.5004 27.4394
v -467.99954 -1060.0023 39.813545
v -472.9984 -1064.001 39.660168
v -470.11902 -1064.6006 39.813545
v -524.0009 -1111.0002 21.02997
v -531.00024 -1115.999 20.96099
v -522.49945 -1112.005 21.174421
v -470 -1068.9998 39.26252
v -471.00024 -1068.0042 40.008312
v -471.4992 -1068.4985 40.005875
v -471.99817 -1070 39.784332
v -471.99817 -1071.0002 39.46134
v -471.00024 -1071.9982 38.702568
v -470 -1072.4994 38.123947
v -450 -1073.9987 22.6092
v -450 -1073.0029 22.605953
v -451.55872 -1070.6317 22.565376
v -451.8677 -1070.9224 22.56213
v -451.767 -1076.5072 22.55077
v -450.9453 -1076.2325 22.55077
v -518.99976 -1192.005 19.016575
v -518.76404 -1190.9315 19.130999
v -518.67706 -1190.2838 19.20647
v -521.0025 -1188.0018 19.24299
v -520.89496 -1193.1769 18.670053
v -566.00134 -1170.0023 17.8707
v -566.85284 -1170.0023 17.88125
v -567.3564 -1171.0026 17.88612
v -567.0016 -1173.0007 17.820385
v -565.0034 -1178.0042 17.764389
v -558.99976 -1127.9995 21.378115
v -560.70953 -1126.569 21.414633
v -562.00964 -1128.8762 21.34322
v -559.10046 -1131.0117 21.378115
v -558.99976 -1130.0046 21.378115
v -560 -1114.001 21.177668
v -563.0007 -1115.999 21.177668
v -562.0005 -1117.0039 21.177668
v -560 -1118.9998 21.177668
v -555.00116 -1156.006 18.308924
v -557.0016 -1158.9998 18.298374
v -554.0009 -1162.0005 18.156357
v -554.0009 -1132.0005 19.664984
v -556.00366 -1130.0046 19.788336
v -556.00366 -1131.0002 19.729904
v -556.00366 -1133.0007 19.613045
v -553.0007 -1135.999 19.430452
v -555.00116 -1114.9989 20.646118
v -554.0009 -1117.0039 20.538998
v -550 -1120 20.383184
v -553.0007 -1114.9989 20.649364
v -517.9995 -1066.9993 21.364319
v -521.0025 -1064.001 21.334291
v -515.9991 -1073.9987 21.643482
v -532.0005 -1139.0021 19.547312
v -528.99976 -1140.0023 19.45642
v -528.99976 -1139.0021 19.540009
v -532.0005 -1135.0034 19.867054
v -469.21948 -1083.4402 26.006247
v -464.06958 -1085.2163 26.562141
v -465.99908 -1082.0005 24.92854
v -485.99908 -1111.0002 24.973986
v -482.00046 -1110 25.404905
v -482.9984 -1109.4988 25.350533
v -483.99863 -1109.0021 25.29535
v -485.99908 -1108.0018 25.012127
v -486.99933 -1108.0018 24.900948
v -535.00116 -1171.0026 18.232641
v -534.0032 -1173.0007 18.199368
v -534.0032 -1167.9995 18.319473
v -534.0032 -1164.001 18.31217
v -535.00116 -1165.0034 18.366543
v -535.00116 -1166.0037 18.377092
v -486.99933 -1117.9995 24.70618
v -485.99908 -1115.999 24.948017
v -486.99933 -1114.9989 24.884716
v -491.00024 -1113.0007 24.504925
v -482.00046 -1055.0034 39.813545
v -484.74707 -1053.3372 39.798126
v -484.60287 -1053.9529 39.77946
v -483.99863 -1055.999 39.813545
v -481.00024 -1059.0021 39.813545
v -573.0007 -1182.0005 17.808212
v -580 -1191.0002 17.150877
v -576.00134 -1188.0018 17.601273
v -474.99884 -1197.0039 19.515663
v -473.99863 -1200 19.604118
v -472.9984 -1200 19.778597
v -471.99817 -1200 19.894646
v -472.9984 -1196.0037 19.842709
v -473.29367 -1054.2161 39.85331
v -473.59122 -1053.4653 39.840324
v -474.99884 -1052.9984 39.813545
v -475.99908 -1055.0034 39.813545
v -476.4843 -1057.6241 39.850876
v -475.9121 -1057.9331 39.854935
v -597.07715 -1062.2247 32.3751
v -598.00183 -1059.3683 32.3751
v -600 -1056.9993 32.3751
v -600 -1060.0023 32.3751
v -597.3152 -1063.0419 32.3751
v -578.00415 -1132.0005 21.378115
v -577.1847 -1134.3466 21.412197
v -576.39734 -1135.024 21.367565
v -575.00116 -1128.9998 21.177668
v -523.0007 -1130.0046 19.87598
v -524.4999 -1130.499 20.058573
v -524.0009 -1133.0007 19.896269
v -521.0025 -1135.0034 19.268959
v -595.87775 -1155.6603 29.259653
v -595.40857 -1157.7523 29.259653
v -592.00275 -1157.0016 29.259653
v -592.00275 -1155.0011 29.259653
v -475.08813 -1185.056 19.81755
v -474.1909 -1185.2758 19.94009
v -474.99884 -1180 20.240355
v -476.99933 -1176.0013 20.273628
v -494.77454 -1073.0579 22.88674
v -498.87158 -1070.9087 22.54103
v -502.00046 -1073.0029 22.283777
v -581.751 -1069.5491 21.34403
v -580.75073 -1069.5491 21.34403
v -580.75073 -1069.2996 21.34403
v -581.4992 -1069.2996 21.34403
v -581.751 -1069.2996 21.34403
v -581.4992 -1069.2996 21.34403
v -580.75073 -1069.2996 21.34403
v -580.75073 -1068.5511 21.34403
v -580.75073 -1066.299 21.344841
v -581.4992 -1066.299 21.34403
v -581.4992 -1068.5511 21.34403
v -585.7496 -1068.8007 21.34403
v -582.7489 -1068.8007 21.34403
v -582.7489 -1065.7999 21.34403
v -585.7496 -1065.7999 21.34403
v -585.7496 -1066.0494 21.34403
v -585.7496 -1066.299 21.34403
v -585.7496 -1067.0497 21.34403
v -585.7496 -1067.2992 21.34403
v -585.7496 -1068.0499 21.34403
v -585.7496 -1068.5511 21.34403
v -582.7489 -1068.8007 21.34403
v -582.49945 -1068.8007 21.34403
v -582.49945 -1068.5511 21.34403
v -582.49945 -1065.7999 21.34403
v -582.7489 -1065.7999 21.34403
v -579.50104 -1068.8007 21.34403
v -576.50037 -1068.8007 21.34403
v -576.50037 -1065.7999 21.34403
v -579.50104 -1065.7999 21.347277
v -579.50104 -1068.5511 21.34403
v -576.50037 -1068.8007 21.34403
v -576.25085 -1068.8007 21.34403
v -576.25085 -1068.5511 21.34403
v -576.25085 -1065.7999 21.34403
v -576.50037 -1065.7999 21.34403
v -600 -1068.5511 21.34403
v -596.9993 -1068.5511 21.34403
v -596.9993 -1065.5505 21.34403
v -600 -1065.5505 21.34403
v -596.9993 -1068.5511 21.34403
v -596.25085 -1068.5511 21.34403
v -596.25085 -1067.8004 21.34403
v -596.25085 -1066.299 21.34403
v -596.25085 -1065.5505 21.34403
v -596.9993 -1065.5505 21.34403
v -590.2495 -1068.5511 21.34403
v -588.249 -1068.5511 21.34403
v -588.249 -1068.2993 21.34403
v -588.5008 -1068.2993 21.34403
v -590.2495 -1068.2993 21.34403
v -585.9991 -1068.5511 21.34403
v -585.7496 -1068.5511 21.34403
v -585.7496 -1068.0499 21.34403
v -585.9991 -1068.0499 21.34403
v -582.49945 -1068.5511 21.34403
v -581.4992 -1068.5511 21.34403
v -581.4992 -1066.299 21.34403
v -581.4992 -1065.5505 21.346466
v -582.49945 -1065.5505 21.34403
v -582.49945 -1065.7999 21.34403
v -580.75073 -1068.5511 21.34403
v -579.50104 -1068.5511 21.34403
v -579.50104 -1065.7999 21.347277
v -579.50104 -1065.5505 21.347277
v -580.75073 -1065.5505 21.347277
v -580.75073 -1066.299 21.344841
v -576.25085 -1068.5511 21.34403
v -575.9991 -1068.5511 21.34403
v -575.9991 -1068.0499 21.34403
v -575.9991 -1066.299 21.34403
v -575.9991 -1065.5505 21.34403
v -576.25085 -1065.5505 21.34403
v -576.25085 -1065.7999 21.34403
v -594.2504 -1068.2993 21.34403
v -593.0007 -1068.2993 21.34403
v -593.0007 -1067.8004 21.34403
v -593.0007 -1065.301 21.34403
v -594.2504 -1065.301 21.34403
v -594.2504 -1066.299 21.34403
v -594.2504 -1067.8004 21.34403
v -590.2495 -1068.2993 21.34403
v -588.5008 -1068.2993 21.34403
v -588.5008 -1067.0497 21.34403
v -588.5008 -1066.299 21.34403
v -588.5008 -1065.5505 21.34403
v -588.7503 -1065.5505 21.34403
v -590.2495 -1065.5505 21.34403
v -590.2495 -1067.0497 21.34403
v -575.9991 -1068.0499 21.34403
v -574.99884 -1068.0499 21.34403
v -574.99884 -1066.299 21.34403
v -575.2506 -1066.299 21.34403
v -575.9991 -1066.299 21.34403
v -596.25085 -1067.8004 21.34403
v -594.2504 -1067.8004 21.34403
v -594.2504 -1066.299 21.34403
v -594.99884 -1066.299 21.34403
v -596.25085 -1066.299 21.34403
v -593.0007 -1067.8004 21.34403
v -591.751 -1067.8004 21.34403
v -591.751 -1067.0497 21.34403
v -591.751 -1065.5505 21.34403
v -591.751 -1065.0492 21.34403
v -592.24994 -1065.0492 21.34403
v -593.0007 -1065.0492 21.34403
v -593.0007 -1065.301 21.34403
v -586.25085 -1067.2992 21.34403
v -585.7496 -1067.2992 21.34403
v -585.7496 -1067.0497 21.34403
v -586.25085 -1067.0497 21.34403
v -591.751 -1067.0497 21.34403
v -591.4992 -1067.0497 21.34403
v -591.4992 -1066.8002 21.34403
v -591.4992 -1065.7999 21.34403
v -591.4992 -1065.5505 21.34403
v -591.751 -1065.5505 21.34403
v -590.75073 -1067.0497 21.34403
v -590.2495 -1067.0497 21.34403
v -590.2495 -1065.5505 21.34403
v -590.75073 -1065.5505 21.34403
v -590.75073 -1065.7999 21.34403
v -590.75073 -1066.8002 21.34403
v -588.5008 -1067.0497 21.34403
v -588.249 -1067.0497 21.34403
v -588.249 -1066.299 21.34403
v -588.5008 -1066.299 21.34403
v -591.4992 -1066.8002 21.34403
v -590.75073 -1066.8002 21.34403
v -590.75073 -1065.7999 21.34403
v -591.4992 -1065.7999 21.34403
v -594.99884 -1066.299 21.34403
v -594.2504 -1066.299 21.34403
v -594.2504 -1065.301 21.34403
v -594.2504 -1064.7997 21.34403
v -594.2504 -1063.3005 21.34403
v -594.99884 -1063.3005 21.34403
v -594.99884 -1064.7997 21.34403
v -586.25085 -1066.299 21.34403
v -585.7496 -1066.299 21.34403
v -585.7496 -1066.0494 21.34403
v -586.25085 -1066.0494 21.34403
v -581.4992 -1066.299 21.34403
v -580.75073 -1066.299 21.344841
v -580.75073 -1065.5505 21.347277
v -580.75073 -1065.301 21.347277
v -581.4992 -1065.301 21.347277
v -581.4992 -1065.5505 21.346466
v -575.9991 -1066.299 21.34403
v -575.2506 -1066.299 21.34403
v -575.2506 -1065.5505 21.34403
v -575.2506 -1063.3005 21.34403
v -575.9991 -1063.3005 21.34403
v -575.9991 -1065.5505 21.34403
v -585.7496 -1065.7999 21.34403
v -582.7489 -1065.7999 21.34403
v -582.7489 -1063.55 21.34403
v -585.7496 -1063.55 21.34403
v -585.7496 -1064.3008 21.34403
v -585.7496 -1065.0492 21.34403
v -585.7496 -1065.301 21.34403
v -582.7489 -1065.7999 21.34403
v -582.49945 -1065.7999 21.34403
v -582.49945 -1065.5505 21.34403
v -582.49945 -1063.55 21.345654
v -582.7489 -1063.55 21.34403
v -579.50104 -1065.7999 21.347277
v -576.50037 -1065.7999 21.34403
v -576.50037 -1065.301 21.34403
v -577.9995 -1065.301 21.347277
v -579.50104 -1065.301 21.347277
v -579.50104 -1065.5505 21.347277
v -576.50037 -1065.7999 21.34403
v -576.25085 -1065.7999 21.34403
v -576.25085 -1065.5505 21.34403
v -576.25085 -1062.7993 21.34403
v -576.50037 -1062.7993 21.34403
v -576.50037 -1065.301 21.34403
v -600 -1065.5505 21.34403
v -596.9993 -1065.5505 21.34403
v -596.9993 -1065.301 21.34403
v -599.24927 -1065.301 21.34403
v -600 -1065.301 21.34403
v -596.9993 -1065.5505 21.34403
v -596.25085 -1065.5505 21.34403
v -596.25085 -1064.7997 21.34403
v -596.25085 -1062.5498 21.34403
v -596.9993 -1062.5498 21.34403
v -596.9993 -1065.301 21.34403
v -590.2495 -1065.5505 21.34403
v -588.7503 -1065.5505 21.34403
v -588.7503 -1065.301 21.34403
v -590.2495 -1065.301 21.34403
v -582.49945 -1065.5505 21.34403
v -581.4992 -1065.5505 21.346466
v -581.4992 -1065.301 21.347277
v -581.4992 -1063.55 21.347277
v -582.49945 -1063.55 21.345654
v -580.75073 -1065.5505 21.347277
v -579.50104 -1065.5505 21.347277
v -579.50104 -1065.301 21.347277
v -580.75073 -1065.301 21.347277
v -576.25085 -1065.5505 21.34403
v -575.9991 -1065.5505 21.34403
v -575.9991 -1063.3005 21.34403
v -575.9991 -1062.5498 21.34403
v -576.25085 -1062.5498 21.34403
v -576.25085 -1062.7993 21.34403
v -575.2506 -1065.5505 21.34403
v -574.99884 -1065.5505 21.34403
v -574.99884 -1062.5498 21.34403
v -575.2506 -1062.5498 21.34403
v -575.2506 -1063.3005 21.34403
v -599.24927 -1065.301 21.34403
v -596.9993 -1065.301 21.34403
v -596.9993 -1062.5498 21.34403
v -596.9993 -1062.3003 21.34403
v -599.24927 -1062.3003 21.34403
v -599.24927 -1064.049 21.34403
v -594.2504 -1065.301 21.34403
v -593.0007 -1065.301 21.34403
v -593.0007 -1065.0492 21.34403
v -593.0007 -1064.7997 21.34403
v -593.49963 -1064.7997 21.34403
v -594.2504 -1064.7997 21.34403
v -586.25085 -1065.301 21.34403
v -585.7496 -1065.301 21.34403
v -585.7496 -1065.0492 21.34403
v -586.25085 -1065.0492 21.34403
v -577.9995 -1065.301 21.347277
v -576.50037 -1065.301 21.34403
v -576.50037 -1062.7993 21.34403
v -576.50037 -1062.3003 21.34403
v -577.9995 -1062.3003 21.347277
v -593.0007 -1065.0492 21.34403
v -592.24994 -1065.0492 21.34403
v -592.24994 -1064.7997 21.34403
v -593.0007 -1064.7997 21.34403
v -596.25085 -1064.7997 21.34403
v -594.99884 -1064.7997 21.34403
v -594.99884 -1063.3005 21.34403
v -594.99884 -1062.3003 21.34403
v -595.5001 -1062.3003 21.34403
v -596.25085 -1062.3003 21.34403
v -596.25085 -1062.5498 21.34403
v -594.2504 -1064.7997 21.34403
v -593.49963 -1064.7997 21.34403
v -593.49963 -1062.3003 21.34403
v -593.74915 -1062.3003 21.34403
v -594.2504 -1062.3003 21.34403
v -594.2504 -1063.3005 21.34403
v -590.2495 -1064.5503 21.34403
v -588.7503 -1064.5503 21.34403
v -588.7503 -1064.049 21.34403
v -588.7503 -1061.5496 21.34403
v -590.2495 -1061.5496 21.34403
v -590.2495 -1062.0508 21.34403
v -590.2495 -1064.049 21.34403
v -585.9991 -1064.3008 21.34403
v -585.7496 -1064.3008 21.34403
v -585.7496 -1063.55 21.34403
v -585.9991 -1063.55 21.34403
v -600 -1064.049 21.34403
v -599.24927 -1064.049 21.34403
v -599.24927 -1062.3003 21.34403
v -599.24927 -1061.7991 21.34403
v -599.50104 -1061.7991 21.34403
v -600 -1061.7991 21.34403
v -591.00024 -1064.049 21.34403
v -590.2495 -1064.049 21.34403
v -590.2495 -1062.0508 21.34403
v -590.75073 -1062.0508 21.34403
v -591.00024 -1062.0508 21.34403
v -588.7503 -1064.049 21.34403
v -588.5008 -1064.049 21.34403
v -588.5008 -1063.3005 21.34403
v -588.5008 -1062.3003 21.34403
v -588.5008 -1061.0505 21.34403
v -588.7503 -1061.0505 21.34403
v -588.7503 -1061.5496 21.34403
v -594.99884 -1063.3005 21.34403
v -594.2504 -1063.3005 21.34403
v -594.2504 -1062.3003 21.34403
v -594.7494 -1062.3003 21.34403
v -594.99884 -1062.3003 21.34403
v -588.5008 -1063.3005 21.34403
v -588.249 -1063.3005 21.34403
v -588.249 -1063.051 21.34403
v -588.249 -1062.3003 21.34403
v -588.5008 -1062.3003 21.34403
v -575.9991 -1063.3005 21.34403
v -575.2506 -1063.3005 21.34403
v -575.2506 -1062.5498 21.34403
v -575.2506 -1061.7991 21.34403
v -575.2506 -1061.3 21.34403
v -575.2506 -1060.5493 21.34403
v -575.2506 -1060.2998 21.34403
v -575.9991 -1060.2998 21.34403
v -575.9991 -1062.5498 21.34403
v -588.249 -1063.051 21.34403
v -587.50055 -1063.051 21.34403
v -587.50055 -1062.3003 21.34403
v -588.249 -1062.3003 21.34403
v -576.50037 -1062.7993 21.34403
v -576.25085 -1062.7993 21.34403
v -576.25085 -1062.5498 21.34403
v -576.25085 -1059.8009 21.34403
v -576.50037 -1059.8009 21.34403
v -576.50037 -1062.3003 21.34403
v -596.9993 -1062.5498 21.34403
v -596.25085 -1062.5498 21.34403
v -596.25085 -1062.3003 21.34403
v -596.25085 -1059.5491 21.34403
v -596.9993 -1059.5491 21.34403
v -596.9993 -1062.3003 21.34403
v -576.25085 -1062.5498 21.34403
v -575.9991 -1062.5498 21.34403
v -575.9991 -1060.2998 21.34403
v -575.9991 -1059.5491 21.34403
v -576.25085 -1059.5491 21.34403
v -576.25085 -1059.8009 21.34403
v -599.24927 -1062.3003 21.34403
v -596.9993 -1062.3003 21.34403
v -596.9993 -1059.5491 21.34403
v -596.9993 -1059.2996 21.34403
v -599.24927 -1059.2996 21.34403
v -599.24927 -1061.7991 21.34403
v -596.25085 -1062.3003 21.34403
v -595.5001 -1062.3003 21.34403
v -595.5001 -1061.5496 21.34403
v -595.5001 -1059.2996 21.34403
v -596.25085 -1059.2996 21.34403
v -596.25085 -1059.5491 21.34403
v -594.7494 -1062.3003 21.34403
v -594.2504 -1062.3003 21.34403
v -593.74915 -1062.3003 21.34403
v -593.74915 -1061.5496 21.34403
v -593.74915 -1059.2996 21.34403
v -594.7494 -1059.2996 21.34403
v -594.7494 -1061.5496 21.34403
v -577.9995 -1062.3003 21.347277
v -576.50037 -1062.3003 21.34403
v -576.50037 -1059.8009 21.34403
v -576.50037 -1059.2996 21.34403
v -577.9995 -1059.2996 21.34403
v -577.9995 -1061.7991 21.347277
v -590.75073 -1062.0508 21.34403
v -590.2495 -1062.0508 21.34403
v -590.2495 -1061.5496 21.34403
v -590.2495 -1060.8011 21.34403
v -590.75073 -1060.8011 21.34403
v -599.50104 -1061.7991 21.34403
v -599.24927 -1061.7991 21.34403
v -599.24927 -1059.2996 21.34403
v -599.24927 -1058.8007 21.34403
v -599.50104 -1058.8007 21.34403
v -581.4992 -1061.7991 21.347277
v -578.5008 -1061.7991 21.347277
v -578.5008 -1058.8007 21.34403
v -581.4992 -1058.8007 21.34403
v -578.5008 -1061.7991 21.347277
v -577.9995 -1061.7991 21.347277
v -577.9995 -1059.2996 21.34403
v -577.9995 -1058.8007 21.34403
v -578.5008 -1058.8007 21.34403
v -575.2506 -1061.7991 21.34403
v -574.99884 -1061.7991 21.34403
v -574.99884 -1061.3 21.34403
v -575.2506 -1061.3 21.34403
v -595.5001 -1061.5496 21.34403
v -594.7494 -1061.5496 21.34403
v -594.7494 -1059.2996 21.34403
v -594.7494 -1058.5511 21.34403
v -595.5001 -1058.5511 21.34403
v -595.5001 -1059.2996 21.34403
v -593.74915 -1061.5496 21.34403
v -592.7489 -1061.5496 21.34403
v -592.7489 -1061.0505 21.34403
v -592.7489 -1058.5511 21.34403
v -593.74915 -1058.5511 21.34403
v -593.74915 -1059.2996 21.34403
v -590.2495 -1061.5496 21.34403
v -588.7503 -1061.5496 21.34403
v -588.7503 -1061.0505 21.34403
v -588.7503 -1058.5511 21.34403
v -590.2495 -1058.5511 21.34403
v -590.2495 -1060.8011 21.34403
v -592.7489 -1061.0505 21.34403
v -592.49945 -1061.0505 21.34403
v -592.49945 -1060.2998 21.34403
v -592.49945 -1058.0499 21.34403
v -592.7489 -1058.0499 21.34403
v -592.7489 -1058.5511 21.34403
v -588.7503 -1061.0505 21.34403
v -588.5008 -1061.0505 21.34403
v -588.5008 -1060.8011 21.34403
v -588.5008 -1060.2998 21.34403
v -588.5008 -1059.0502 21.34403
v -588.5008 -1058.0499 21.34403
v -588.7503 -1058.0499 21.34403
v -588.7503 -1058.5511 21.34403
v -588.5008 -1060.8011 21.34403
v -588.249 -1060.8011 21.34403
v -588.249 -1060.2998 21.34403
v -588.5008 -1060.2998 21.34403
v -575.2506 -1060.5493 21.34403
v -574.99884 -1060.5493 21.34403
v -574.99884 -1058.8007 21.34403
v -575.2506 -1058.8007 21.34403
v -575.2506 -1060.2998 21.34403
v -592.49945 -1060.2998 21.34403
v -592.24994 -1060.2998 21.34403
v -592.24994 -1058.8007 21.34403
v -592.24994 -1057.2992 21.34403
v -592.49945 -1057.2992 21.34403
v -592.49945 -1058.0499 21.34403
v -575.9991 -1060.2998 21.34403
v -575.2506 -1060.2998 21.34403
v -575.2506 -1058.8007 21.34403
v -575.5001 -1058.8007 21.34403
v -575.9991 -1058.8007 21.34403
v -575.9991 -1059.5491 21.34403
v -576.50037 -1059.8009 21.34403
v -576.25085 -1059.8009 21.34403
v -576.25085 -1059.5491 21.34403
v -576.25085 -1058.5511 21.34403
v -576.50037 -1058.5511 21.34403
v -576.50037 -1059.2996 21.34403
v -596.9993 -1059.5491 21.34403
v -596.25085 -1059.5491 21.34403
v -596.25085 -1059.2996 21.34403
v -596.25085 -1056.5507 21.34403
v -596.9993 -1056.5507 21.34403
v -596.9993 -1059.2996 21.34403
v -576.25085 -1059.5491 21.34403
v -575.9991 -1059.5491 21.34403
v -575.9991 -1058.8007 21.34403
v -575.9991 -1058.5511 21.34403
v -576.25085 -1058.5511 21.34403
v -599.24927 -1059.2996 21.34403
v -596.9993 -1059.2996 21.34403
v -596.9993 -1056.5507 21.34403
v -596.9993 -1056.299 21.34403
v -597.2511 -1056.299 21.34403
v -599.24927 -1056.299 21.34403
v -599.24927 -1058.8007 21.34403
v -596.25085 -1059.2996 21.34403
v -595.5001 -1059.2996 21.34403
v -595.5001 -1058.5511 21.34403
v -595.5001 -1056.5507 21.34403
v -595.5001 -1056.299 21.34403
v -596.25085 -1056.299 21.34403
v -596.25085 -1056.5507 21.34403
v -594.7494 -1059.2996 21.34403
v -593.74915 -1059.2996 21.34403
v -593.74915 -1058.5511 21.34403
v -593.74915 -1056.8002 21.34403
v -594.7494 -1056.8002 21.34403
v -594.7494 -1058.5511 21.34403
v -577.9995 -1059.2996 21.34403
v -576.50037 -1059.2996 21.34403
v -576.50037 -1058.5511 21.34403
v -577.9995 -1058.5511 21.34403
v -577.9995 -1058.8007 21.34403
v -588.5008 -1059.0502 21.34403
v -587.50055 -1059.0502 21.34403
v -587.50055 -1058.0499 21.34403
v -588.5008 -1058.0499 21.34403
v -599.50104 -1058.8007 21.34403
v -599.24927 -1058.8007 21.34403
v -599.24927 -1056.299 21.34403
v -599.24927 -1055.7999 21.34403
v -599.50104 -1055.7999 21.34403
v -599.50104 -1056.8002 21.34403
v -592.24994 -1058.8007 21.34403
v -591.751 -1058.8007 21.34403
v -591.751 -1056.5507 21.34403
v -592.0005 -1056.5507 21.34403
v -592.24994 -1056.5507 21.34403
v -592.24994 -1057.2992 21.34403
v -581.4992 -1058.8007 21.34403
v -578.5008 -1058.8007 21.34403
v -578.5008 -1058.2993 21.34403
v -578.99976 -1058.2993 21.34403
v -580.49896 -1058.2993 21.34403
v -581.4992 -1058.2993 21.34403
v -578.5008 -1058.8007 21.34403
v -577.9995 -1058.8007 21.34403
v -577.9995 -1058.5511 21.34403
v -577.9995 -1058.2993 21.34403
v -578.5008 -1058.2993 21.34403
v -575.9991 -1058.8007 21.34403
v -575.5001 -1058.8007 21.34403
v -575.5001 -1058.5511 21.34403
v -575.9991 -1058.5511 21.34403
v -595.5001 -1058.5511 21.34403
v -594.7494 -1058.5511 21.34403
v -594.7494 -1056.8002 21.34403
v -594.7494 -1056.5507 21.34403
v -594.99884 -1056.5507 21.34403
v -595.5001 -1056.5507 21.34403
v -593.74915 -1058.5511 21.34403
v -592.7489 -1058.5511 21.34403
v -592.7489 -1058.0499 21.34403
v -592.7489 -1056.5507 21.34403
v -593.49963 -1056.5507 21.34403
v -593.74915 -1056.5507 21.34403
v -593.74915 -1056.8002 21.34403
v -590.2495 -1058.5511 21.34403
v -588.7503 -1058.5511 21.34403
v -588.7503 -1058.0499 21.34403
v -588.7503 -1055.5504 21.34403
v -590.2495 -1055.5504 21.34403
v -590.2495 -1057.5509 21.34403
v -580.49896 -1058.2993 21.34403
v -578.99976 -1058.2993 21.34403
v -578.99976 -1057.0497 21.34403
v -578.99976 -1055.301 21.34403
v -580.49896 -1055.301 21.34403
v -580.49896 -1057.0497 21.34403
v -592.7489 -1058.0499 21.34403
v -592.49945 -1058.0499 21.34403
v -592.49945 -1057.2992 21.34403
v -592.49945 -1056.5507 21.34403
v -592.7489 -1056.5507 21.34403
v -588.7503 -1058.0499 21.34403
v -588.5008 -1058.0499 21.34403
v -588.5008 -1056.8002 21.34403
v -588.5008 -1055.0492 21.34403
v -588.7503 -1055.0492 21.34403
v -588.7503 -1055.5504 21.34403
v -591.00024 -1057.5509 21.34403
v -590.2495 -1057.5509 21.34403
v -590.2495 -1055.5504 21.34403
v -590.2495 -1055.301 21.34403
v -590.75073 -1055.301 21.34403
v -591.00024 -1055.301 21.34403
v -592.49945 -1057.2992 21.34403
v -592.24994 -1057.2992 21.34403
v -592.24994 -1056.5507 21.34403
v -592.49945 -1056.5507 21.34403
v -570 -1057.2992 21.34403
v -569.7505 -1057.2992 21.34403
v -569.7505 -1056.5507 21.34403
v -569.7505 -1055.5504 21.34403
v -570 -1055.5504 21.34403
v -570 -1056.299 21.34403
v -581.4992 -1057.0497 21.34403
v -580.49896 -1057.0497 21.34403
v -580.49896 -1055.301 21.34403
v -580.49896 -1054.049 21.34403
v -581.4992 -1054.049 21.347277
v -581.4992 -1054.7997 21.347277
v -578.99976 -1057.0497 21.34403
v -577.2511 -1057.0497 21.347277
v -577.2511 -1056.8002 21.347277
v -577.2511 -1056.5507 21.347277
v -577.2511 -1054.049 21.34403
v -578.99976 -1054.049 21.34403
v -578.99976 -1055.301 21.34403
v -573.49963 -1057.0497 21.347277
v -572.49945 -1057.0497 21.347277
v -572.49945 -1056.8002 21.346466
v -572.49945 -1054.049 21.34403
v -573.49963 -1054.049 21.34403
v -573.49963 -1056.8002 21.347277
v -600 -1056.8002 21.34403
v -599.50104 -1056.8002 21.34403
v -599.50104 -1055.7999 21.34403
v -599.50104 -1055.0492 21.34403
v -600 -1055.0492 21.34403
v -588.5008 -1056.8002 21.34403
v -587.75006 -1056.8002 21.34403
v -587.75006 -1056.5507 21.34403
v -587.75006 -1054.3008 21.34403
v -588.5008 -1054.3008 21.34403
v -588.5008 -1054.5503 21.34403
v -588.5008 -1055.0492 21.34403
v -577.2511 -1056.8002 21.347277
v -574.2504 -1056.8002 21.347277
v -574.2504 -1056.5507 21.347277
v -574.4999 -1056.5507 21.347277
v -575.9991 -1056.5507 21.347277
v -577.2511 -1056.5507 21.347277
v -574.2504 -1056.8002 21.347277
v -573.49963 -1056.8002 21.347277
v -573.49963 -1054.049 21.34403
v -573.49963 -1053.7996 21.34403
v -574.2504 -1053.7996 21.34403
v -574.2504 -1056.5507 21.347277
v -572.49945 -1056.8002 21.346466
v -571.2497 -1056.8002 21.34403
v -571.2497 -1056.299 21.34403
v -571.2497 -1055.5504 21.34403
v -571.2497 -1053.7996 21.34403
v -572.49945 -1053.7996 21.34403
v -572.49945 -1054.049 21.34403
v -596.9993 -1056.5507 21.34403
v -596.25085 -1056.5507 21.34403
v -596.25085 -1056.299 21.34403
v -596.9993 -1056.299 21.34403
v -595.5001 -1056.5507 21.34403
v -594.99884 -1056.5507 21.34403
v -594.99884 -1056.299 21.34403
v -595.5001 -1056.299 21.34403
v -593.49963 -1056.5507 21.34403
v -592.7489 -1056.5507 21.34403
v -592.7489 -1055.5504 21.34403
v -592.7489 -1053.55 21.34403
v -593.49963 -1053.55 21.34403
v -593.49963 -1055.5504 21.34403
v -592.0005 -1056.5507 21.34403
v -591.751 -1056.5507 21.34403
v -591.751 -1056.299 21.34403
v -592.0005 -1056.299 21.34403
v -587.75006 -1056.5507 21.34403
v -587.50055 -1056.5507 21.34403
v -587.50055 -1054.3008 21.34403
v -587.75006 -1054.3008 21.34403
v -577.2511 -1056.5507 21.347277
v -575.9991 -1056.5507 21.347277
v -575.9991 -1054.7997 21.344841
v -575.9991 -1053.55 21.34403
v -577.2511 -1053.55 21.34403
v -577.2511 -1054.049 21.34403
v -574.4999 -1056.5507 21.347277
v -574.2504 -1056.5507 21.347277
v -574.2504 -1053.7996 21.34403
v -574.2504 -1053.55 21.34403
v -574.4999 -1053.55 21.34403
v -574.4999 -1054.7997 21.344841
v -569.7505 -1056.5507 21.34403
v -569.24927 -1056.5507 21.34403
v -569.24927 -1055.5504 21.34403
v -569.7505 -1055.5504 21.34403
v -599.24927 -1056.299 21.34403
v -597.2511 -1056.299 21.34403
v -597.2511 -1055.0492 21.34403
v -599.24927 -1055.0492 21.34403
v -599.24927 -1055.7999 21.34403
v -571.2497 -1056.299 21.34403
v -570 -1056.299 21.34403
v -570 -1055.5504 21.34403
v -571.2497 -1055.5504 21.34403
v -599.50104 -1055.7999 21.34403
v -599.24927 -1055.7999 21.34403
v -599.24927 -1055.0492 21.34403
v -599.50104 -1055.0492 21.34403
v -594.2504 -1055.5504 21.34403
v -593.49963 -1055.5504 21.34403
v -593.49963 -1053.55 21.34403
v -593.49963 -1052.5498 21.34403
v -594.2504 -1052.5498 21.34403
v -592.7489 -1055.5504 21.34403
v -592.49945 -1055.5504 21.34403
v -592.49945 -1054.049 21.34403
v -592.49945 -1052.5498 21.34403
v -592.7489 -1052.5498 21.34403
v -592.7489 -1053.55 21.34403
v -590.2495 -1055.5504 21.34403
v -588.7503 -1055.5504 21.34403
v -588.7503 -1055.0492 21.34403
v -588.7503 -1054.5503 21.34403
v -589.24927 -1054.5503 21.34403
v -590.2495 -1054.5503 21.34403
v -590.2495 -1055.301 21.34403
v -590.75073 -1055.301 21.34403
v -590.2495 -1055.301 21.34403
v -590.2495 -1054.5503 21.34403
v -590.2495 -1054.3008 21.34403
v -590.75073 -1054.3008 21.34403
v -590.75073 -1054.5503 21.34403
v -580.49896 -1055.301 21.34403
v -578.99976 -1055.301 21.34403
v -578.99976 -1054.049 21.34403
v -578.99976 -1053.55 21.34403
v -579.24927 -1053.55 21.34403
v -580 -1053.55 21.34403
v -580.49896 -1053.55 21.34403
v -580.49896 -1054.049 21.34403
v -588.7503 -1055.0492 21.34403
v -588.5008 -1055.0492 21.34403
v -588.5008 -1054.5503 21.34403
v -588.7503 -1054.5503 21.34403
v -583.0007 -1054.7997 21.347277
v -581.4992 -1054.7997 21.347277
v -581.4992 -1054.049 21.347277
v -581.4992 -1053.051 21.347277
v -581.4992 -1052.0508 21.34403
v -581.4992 -1051.7991 21.34403
v -583.0007 -1051.7991 21.344841
v -583.0007 -1054.5503 21.347277
v -575.9991 -1054.7997 21.344841
v -574.4999 -1054.7997 21.344841
v -574.4999 -1053.55 21.34403
v -574.4999 -1051.7991 21.34403
v -575.9991 -1051.7991 21.34403
v -575.9991 -1053.051 21.34403
v -575.9991 -1053.3005 21.34403
v -575.9991 -1053.55 21.34403
v -591.00024 -1054.5503 21.34403
v -590.75073 -1054.5503 21.34403
v -590.75073 -1054.3008 21.34403
v -591.00024 -1054.3008 21.34403
v -590.2495 -1054.5503 21.34403
v -589.24927 -1054.5503 21.34403
v -589.24927 -1054.3008 21.34403
v -590 -1054.3008 21.34403
v -590.2495 -1054.3008 21.34403
v -583.2502 -1054.5503 21.347277
v -583.0007 -1054.5503 21.347277
v -583.0007 -1051.7991 21.344841
v -583.0007 -1051.5496 21.34403
v -583.2502 -1051.5496 21.34403
v -583.2502 -1051.7991 21.346466
v -583.2502 -1054.3008 21.347277
v -590 -1054.3008 21.34403
v -589.24927 -1054.3008 21.34403
v -589.24927 -1053.55 21.34403
v -589.24927 -1051.3 21.34403
v -589.7505 -1051.3 21.34403
v -590 -1051.3 21.34403
v -590 -1053.55 21.34403
v -586.25085 -1054.3008 21.347277
v -583.2502 -1054.3008 21.347277
v -583.2502 -1051.7991 21.346466
v -584.4999 -1051.7991 21.34403
v -586.25085 -1051.7991 21.34403
v -586.25085 -1054.049 21.346466
v -592.49945 -1054.049 21.34403
v -591.751 -1054.049 21.34403
v -591.751 -1053.051 21.34403
v -591.751 -1051.3 21.34403
v -591.751 -1051.0505 21.34403
v -592.49945 -1051.0505 21.34403
v -592.49945 -1052.5498 21.34403
v -586.7498 -1054.049 21.34403
v -586.25085 -1054.049 21.346466
v -586.25085 -1051.7991 21.34403
v -586.25085 -1051.5496 21.34403
v -586.7498 -1051.5496 21.34403
v -586.7498 -1052.0508 21.34403
v -586.7498 -1053.051 21.34403
v -581.4992 -1054.049 21.347277
v -580.49896 -1054.049 21.34403
v -580.49896 -1053.55 21.34403
v -580.49896 -1053.3005 21.34403
v -580.49896 -1053.051 21.34403
v -580.75073 -1053.051 21.34403
v -581.4992 -1053.051 21.347277
v -578.99976 -1054.049 21.34403
v -577.2511 -1054.049 21.34403
v -577.2511 -1053.55 21.34403
v -577.9995 -1053.55 21.34403
v -578.99976 -1053.55 21.34403
v -573.49963 -1054.049 21.34403
v -572.49945 -1054.049 21.34403
v -572.49945 -1053.7996 21.34403
v -572.49945 -1051.5496 21.34403
v -572.49945 -1051.0505 21.34403
v -573.49963 -1051.0505 21.34403
v -573.49963 -1053.7996 21.34403
v -568.249 -1054.049 21.34403
v -567.9995 -1054.049 21.34403
v -567.9995 -1053.051 21.34403
v -568.249 -1053.051 21.34403
v -568.249 -1053.55 21.34403
v -597.9995 -1053.7996 21.34403
v -596.7498 -1053.7996 21.34403
v -596.7498 -1053.3005 21.34403
v -597.2511 -1053.3005 21.34403
v -597.9995 -1053.3005 21.34403
v -595.7496 -1053.7996 21.34403
v -595.5001 -1053.7996 21.34403
v -595.5001 -1053.3005 21.34403
v -595.7496 -1053.3005 21.34403
v -574.2504 -1053.7996 21.34403
v -573.49963 -1053.7996 21.34403
v -573.49963 -1051.0505 21.34403
v -573.49963 -1050.8011 21.34403
v -574.2504 -1050.8011 21.34403
v -574.2504 -1053.55 21.34403
v -572.49945 -1053.7996 21.34403
v -571.2497 -1053.7996 21.34403
v -571.2497 -1053.051 21.34403
v -571.2497 -1052.0508 21.34403
v -571.2497 -1051.5496 21.34403
v -571.4992 -1051.5496 21.34403
v -572.49945 -1051.5496 21.34403
v -593.49963 -1053.55 21.34403
v -592.7489 -1053.55 21.34403
v -592.7489 -1052.5498 21.34403
v -592.7489 -1050.5493 21.34403
v -593.49963 -1050.5493 21.34403
v -593.49963 -1051.3 21.34403
v -593.49963 -1052.5498 21.34403
v -590.2495 -1053.55 21.34403
v -590 -1053.55 21.34403
v -590 -1051.3 21.34403
v -590.2495 -1051.3 21.34403
v -590.2495 -1053.3005 21.34403
v -589.24927 -1053.55 21.34403
v -587.50055 -1053.55 21.34403
v -587.50055 -1053.051 21.34403
v -587.50055 -1052.0508 21.34403
v -587.50055 -1051.0505 21.34403
v -587.50055 -1050.5493 21.34403
v -589.24927 -1050.5493 21.34403
v -589.24927 -1051.3 21.34403
v -580.49896 -1053.55 21.34403
v -580 -1053.55 21.34403
v -580 -1053.3005 21.34403
v -580.2495 -1053.3005 21.34403
v -580.49896 -1053.3005 21.34403
v -579.24927 -1053.55 21.34403
v -578.99976 -1053.55 21.34403
v -577.9995 -1053.55 21.34403
v -577.9995 -1053.3005 21.34403
v -578.249 -1053.3005 21.34403
v -578.99976 -1053.3005 21.34403
v -579.24927 -1053.3005 21.34403
v -577.2511 -1053.55 21.34403
v -575.9991 -1053.55 21.34403
v -575.9991 -1053.3005 21.34403
v -576.9993 -1053.3005 21.34403
v -577.2511 -1053.3005 21.34403
v -574.4999 -1053.55 21.34403
v -574.2504 -1053.55 21.34403
v -574.2504 -1050.8011 21.34403
v -574.2504 -1050.5493 21.34403
v -574.4999 -1050.5493 21.34403
v -574.4999 -1051.7991 21.34403
v -568.5008 -1053.55 21.34403
v -568.249 -1053.55 21.34403
v -568.249 -1053.051 21.34403
v -568.249 -1052.3003 21.34403
v -568.249 -1051.3 21.34403
v -568.5008 -1051.3 21.34403
v -597.9995 -1053.3005 21.34403
v -597.2511 -1053.3005 21.34403
v -597.2511 -1051.5496 21.34403
v -597.75006 -1051.5496 21.34403
v -597.9995 -1051.5496 21.34403
v -591.00024 -1053.3005 21.34403
v -590.2495 -1053.3005 21.34403
v -590.2495 -1051.3 21.34403
v -591.00024 -1051.3 21.34403
v -591.00024 -1053.051 21.34403
v -580.49896 -1053.3005 21.34403
v -580.2495 -1053.3005 21.34403
v -580.2495 -1053.051 21.34403
v -580.49896 -1053.051 21.34403
v -578.99976 -1053.3005 21.34403
v -578.249 -1053.3005 21.34403
v -578.249 -1053.051 21.34403
v -578.5008 -1053.051 21.34403
v -578.99976 -1053.051 21.34403
v -576.9993 -1053.3005 21.34403
v -575.9991 -1053.3005 21.34403
v -575.9991 -1053.051 21.34403
v -576.50037 -1053.051 21.34403
v -576.9993 -1053.051 21.34403
v -570.49896 -1053.3005 21.34403
v -569.24927 -1053.3005 21.34403
v -569.24927 -1052.0508 21.34403
v -569.7505 -1052.0508 21.34403
v -570 -1052.0508 21.34403
v -570.49896 -1052.0508 21.34403
v -570.49896 -1053.051 21.34403
v -591.751 -1053.051 21.34403
v -591.00024 -1053.051 21.34403
v -591.00024 -1051.3 21.34403
v -591.4992 -1051.3 21.34403
v -591.751 -1051.3 21.34403
v -587.50055 -1053.051 21.34403
v -586.7498 -1053.051 21.34403
v -586.7498 -1052.0508 21.34403
v -587.50055 -1052.0508 21.34403
v -581.4992 -1053.051 21.347277
v -580.75073 -1053.051 21.34403
v -580.75073 -1052.3003 21.34403
v -580.75073 -1052.0508 21.34403
v -581.4992 -1052.0508 21.34403
v -578.99976 -1053.051 21.34403
v -578.5008 -1053.051 21.34403
v -578.5008 -1052.7993 21.345654
v -578.7503 -1052.7993 21.344841
v -578.99976 -1052.7993 21.34403
v -576.50037 -1053.051 21.34403
v -575.9991 -1053.051 21.34403
v -575.9991 -1051.7991 21.34403
v -576.50037 -1051.7991 21.34403
v -576.50037 -1052.3003 21.34403
v -571.2497 -1053.051 21.34403
v -570.49896 -1053.051 21.34403
v -570.49896 -1052.0508 21.34403
v -571.2497 -1052.0508 21.34403
v -578.7503 -1052.7993 21.344841
v -578.5008 -1052.7993 21.345654
v -578.5008 -1052.3003 21.347277
v -578.5008 -1051.7991 21.347277
v -578.7503 -1051.7991 21.347277
v -578.7503 -1052.0508 21.347277
v -594.2504 -1052.5498 21.34403
v -593.49963 -1052.5498 21.34403
v -593.49963 -1051.3 21.34403
v -594.0009 -1051.3 21.34403
v -594.2504 -1051.3 21.34403
v -592.7489 -1052.5498 21.34403
v -592.49945 -1052.5498 21.34403
v -592.49945 -1051.0505 21.34403
v -592.49945 -1050 21.34403
v -592.7489 -1050 21.34403
v -592.7489 -1050.5493 21.34403
v -580.75073 -1052.3003 21.34403
v -580.49896 -1052.3003 21.34403
v -580.49896 -1052.0508 21.34403
v -580.75073 -1052.0508 21.34403
v -578.5008 -1052.3003 21.347277
v -578.249 -1052.3003 21.347277
v -578.249 -1052.0508 21.347277
v -578.249 -1051.7991 21.347277
v -578.5008 -1051.7991 21.347277
v -576.7498 -1052.3003 21.34403
v -576.50037 -1052.3003 21.34403
v -576.50037 -1051.7991 21.34403
v -576.7498 -1051.7991 21.345654
v -576.7498 -1052.0508 21.344841
v -568.249 -1052.3003 21.34403
v -566.50037 -1052.3003 21.34403
v -566.50037 -1051.3 21.34403
v -568.249 -1051.3 21.34403
v -579.24927 -1052.0508 21.347277
v -578.7503 -1052.0508 21.347277
v -578.7503 -1051.7991 21.347277
v -579.24927 -1051.7991 21.347277
v -578.249 -1052.0508 21.347277
v -577.9995 -1052.0508 21.347277
v -577.9995 -1051.7991 21.347277
v -578.249 -1051.7991 21.347277
v -576.9993 -1052.0508 21.347277
v -576.7498 -1052.0508 21.344841
v -576.7498 -1051.7991 21.345654
v -576.9993 -1051.7991 21.347277
v -570 -1052.0508 21.34403
v -569.7505 -1052.0508 21.34403
v -569.7505 -1051.5496 21.34403
v -570 -1051.5496 21.34403
v -586.25085 -1051.7991 21.34403
v -584.4999 -1051.7991 21.34403
v -584.4999 -1051.5496 21.34403
v -586.25085 -1051.5496 21.34403
v -583.0007 -1051.7991 21.344841
v -581.4992 -1051.7991 21.34403
v -581.4992 -1051.5496 21.34403
v -581.751 -1051.5496 21.34403
v -583.0007 -1051.5496 21.34403
v -575.9991 -1051.7991 21.34403
v -574.4999 -1051.7991 21.34403
v -574.4999 -1050.5493 21.34403
v -574.4999 -1050.2998 21.34403
v -574.99884 -1050.2998 21.34403
v -575.9991 -1050.2998 21.345654
v -575.9991 -1050.5493 21.344841
v -597.75006 -1051.5496 21.34403
v -597.2511 -1051.5496 21.34403
v -594.99884 -1051.5496 21.34403
v -594.99884 -1050.8011 21.34403
v -594.99884 -1050 21.34403
v -597.75006 -1050 21.34403
v -583.2502 -1051.5496 21.34403
v -583.0007 -1051.5496 21.34403
v -581.751 -1051.5496 21.34403
v -581.751 -1050.2998 21.34403
v -583.2502 -1050.2998 21.34403
v -580 -1051.5496 21.347277
v -579.50104 -1051.5496 21.347277
v -579.50104 -1050.2998 21.347277
v -579.50104 -1050.0503 21.347277
v -580 -1050.0503 21.347277
v -580 -1051.0505 21.347277
v -577.75006 -1051.5496 21.347277
v -577.50055 -1051.5496 21.347277
v -577.50055 -1051.0505 21.347277
v -577.75006 -1051.0505 21.347277
v -572.49945 -1051.5496 21.34403
v -571.4992 -1051.5496 21.34403
v -571.4992 -1051.0505 21.34403
v -572.0005 -1051.0505 21.34403
v -572.49945 -1051.0505 21.34403
v -594.0009 -1051.3 21.34403
v -593.49963 -1051.3 21.34403
v -593.49963 -1050.5493 21.34403
v -593.49963 -1050 21.34403
v -594.0009 -1050 21.34403
v -591.751 -1051.3 21.34403
v -591.4992 -1051.3 21.34403
v -591.4992 -1050 21.34403
v -591.751 -1050 21.34403
v -591.751 -1051.0505 21.34403
v -589.7505 -1051.3 21.34403
v -589.24927 -1051.3 21.34403
v -589.24927 -1050.5493 21.34403
v -589.24927 -1050 21.34403
v -589.7505 -1050 21.34403
v -592.49945 -1051.0505 21.34403
v -591.751 -1051.0505 21.34403
v -591.751 -1050 21.34403
v -592.49945 -1050 21.34403
v -587.50055 -1051.0505 21.34403
v -586.9993 -1051.0505 21.34403
v -586.9993 -1050.2998 21.34403
v -586.9993 -1050 21.34403
v -587.50055 -1050 21.34403
v -587.50055 -1050.5493 21.34403
v -580.2495 -1051.0505 21.347277
v -580 -1051.0505 21.347277
v -580 -1050.0503 21.347277
v -580.2495 -1050.0503 21.347277
v -580.2495 -1050.2998 21.347277
v -573.49963 -1051.0505 21.34403
v -572.49945 -1051.0505 21.34403
v -572.0005 -1051.0505 21.34403
v -572.0005 -1050.2998 21.34403
v -572.0005 -1050 21.34403
v -573.49963 -1050 21.34403
v -573.49963 -1050.8011 21.34403
v -594.99884 -1050.8011 21.34403
v -594.7494 -1050.8011 21.34403
v -594.7494 -1050 21.34403
v -594.99884 -1050 21.34403
v -574.2504 -1050.8011 21.34403
v -573.49963 -1050.8011 21.34403
v -573.49963 -1050 21.34403
v -574.2504 -1050 21.34403
v -574.2504 -1050.5493 21.34403
v -593.49963 -1050.5493 21.34403
v -592.7489 -1050.5493 21.34403
v -592.7489 -1050 21.34403
v -593.49963 -1050 21.34403
v -589.24927 -1050.5493 21.34403
v -587.50055 -1050.5493 21.34403
v -587.50055 -1050 21.34403
v -589.24927 -1050 21.34403
v -576.25085 -1050.5493 21.347277
v -575.9991 -1050.5493 21.344841
v -575.9991 -1050.2998 21.345654
v -576.25085 -1050.2998 21.347277
v -574.4999 -1050.5493 21.34403
v -574.2504 -1050.5493 21.34403
v -574.2504 -1050 21.34403
v -574.4999 -1050 21.34403
v -574.4999 -1050.2998 21.34403
v -586.9993 -1050.2998 21.34403
v -586.50037 -1050.2998 21.34403
v -586.50037 -1050 21.34403
v -586.9993 -1050 21.34403
v -580.75073 -1050.2998 21.347277
v -580.2495 -1050.2998 21.347277
v -580.2495 -1050.0503 21.347277
v -580.75073 -1050.0503 21.347277
v -579.50104 -1050.2998 21.347277
v -576.9993 -1050.2998 21.347277
v -576.9993 -1050.0503 21.347277
v -579.50104 -1050.0503 21.347277
v -574.99884 -1050.2998 21.34403
v -574.4999 -1050.2998 21.34403
v -574.4999 -1050 21.34403
v -574.99884 -1050 21.34403
v -572.0005 -1050.2998 21.34403
v -568.99976 -1050.2998 21.34403
v -568.99976 -1050 21.34403
v -572.0005 -1050 21.34403
v -568.99976 -1050.2998 21.34403
v -568.7503 -1050.2998 21.34403
v -568.7503 -1050 21.34403
v -568.99976 -1050 21.34403
g exterior
f 1 2 3 4 5 6 7 8
f 9 10 11 12 13 14
f 15 16 17 18
f 19 20 21 22 23
f 24 25 26 27
f 28 29 30 31 32 33
f 34 35 36 37
f 38 39 40 41
f 42 43 44 45 46
f 47 48 49 50 51
f 52 53 54 55 56
f 57 58 59
f 60 61 62 63 64
f 65 66 67
f 68 69 70 71 72
f 73 74 75
f 76 77 78
f 79 80 81 82 83
f 84 85 86
f 87 88 89 90 91
f 92 93 94 95
f 96 97 98 99
f 100 101 102 103
f 104 105 106 107 108 109
f 110 111 112 113 114 115 116
f 117 118 119 120
f 121 122 123 124 125
f 126 127 128 129
f 130 131 132 133 134 135
f 136 137 138 139
f 140 141 142 143 144 145
f 146 147 148 149 150 151 152
f 153 154 155 156 157
f 158 159 160 161 162
f 163 164 165 166
f 167 168 169 170 171
f 172 173 174 175
f 176 177 178 179
f 180 181 182 183
f 184 185 186 187 188
f 189 190 191 192 193
f 194 195 196
f 197 198 199
f 200 201 202 203 204
f 205 206 207 208
f 209 210 211 212 213
f 214 215 216 217 218 219 220
f 221 222 223 224 225 226
f 227 228 229
f 230 231 232 233
f 234 235 236 237 238 239
f 240 241 242 243
f 244 245 246 247 248
f 249 250 251 252
f 253 254 255 256
f 257 258 259 260 261 262 263 264
f 265 266 267 268 269
f 270 271 272 273 274 275
f 276 277 278 279 280
f 281 282 283 284 285 286
f 287 288 289 290 291
f 292 293 294 295
f 296 297 298 299 300
f 301 302 303
f 304 305 306 307 308
f 309 310 311 312 313
f 314 315 316
f 317 318 319 320
f 321 322 323 324
f 325 326 327 328
f 329 330 331 332 333
f 334 335 336 337 338 339
f 340 341 342 343
f 344 345 346 347
f 348 349 350
f 351 352 353 354
f 355 356 357
f 358 359 360 361
f 362 363 364 365 366 367 368
f 369 370 371 372
f 373 374 375 376 377 378
f 379 380 381 382 383 384 385
f 386 387 388 389 390
f 391 392 393
f 394 395 396 397
f 398 399 400 401 402 403 404
f 405 406 407 408 409 410 411
f 412 413 414 415
f 416 417 418 419
f 420 421 422 423
f 424 425 426 427 428
f 429 430 431 432 433
f 434 435 436
f 437 438 439 440
f 441 442 443 444 445
f 446 447 448 449
f 450 451 452 453 454 455
f 459 460 461
f 462 463 464 465 466
f 467 468 469 470 471 472
f 473 474 475 476 477
f 478 479 480 481 482 483
f 484 485 486
f 487 488 489 490 491
f 492 493 494
f 495 496 497 498
f 499 500 501 502
f 503 504 505 506 507 508 509
f 510 511 512 513 514 515 516
f 517 518 519
f 520 521 522 523 524
f 525 526 527 528 529 530
f 531 532 533
f 534 535 536 537 538 539
f 540 541 542 543
f 544 545 546
f 547 548 549 550
f 551 552 553 554
f 555 556 557 558 559 560 561
f 562 563 564 565
f 566 567 568 569 570 571
f 572 573 574 575 576 577 578
f 579 580 581 582 583 584
f 585 586 587 588 589 590 591
f 592 593 594 595
f 596 597 598 599 600
f 601 602 603 604 605 606
f 607 608 609 610 611 612
f 613 614 615 616
f 617 618 619 620 621 622
f 623 624 625 626 627 628
f 629 630 631 632 633 634
f 635 636 637 638 639 640
f 641 642 643
f 644 645 646 647
f 648 649 650 651
f 652 653 654 655
f 656 657 658 659
f 660 661 662 663 664 665 666 667
f 668 669 670 671 672
f 673 674 675 676 677 678 679
f 680 681 682 683
f 684 685 686 687 688 689
f 690 691 692 693 694
f 695 696 697 698 699 700 701 702
f 703 704 705
f 706 707 708 709 710 711 712
f 713 714 715
f 716 717 718 719 720
f 721 722 723 724 725 726 727
f 728 729 730 731 732 733 734
f 735 736 737 738
f 739 740 741
f 742 743 744 745 746 747 748
f 749 750 751 752 753
f 754 755 756 757 758
f 759 760 761 762 763 764 765
f 766 767 768 769
f 770 771 772 773 774 775
f 776 777 778 779 780 781
f 782 783 784 785 786
f 787 788 789
f 790 791 792 793 794 795
f 801 802 803 804 805 806
f 807 808 809
f 810 811 812 813
f 814 815 816 817 818
f 819 820 821 822
f 823 824 825 826 827 828
f 829 830 831 832 833 834
f 835 836 837 838 839
f 840 841 842 843 844
f 845 846 847 848 849
f 850 851 852 853 854
f 855 856 857 858 859 860 861
f 862 863 864 865 866 867 868
f 869 870 871 872 873
f 874 875 876 877 878 879 880
f 881 882 883 884 885
f 886 887 888 889 890 891 892
f 893 894 895 896 897 898
f 899 900 901 902 903 904 905
f 906 907 908 909 910
f 911 912 913 914 915
f 916 917 918 919 920
f 921 922 923 924 925
f 926 927 928 929 930
f 931 932 933 934 935 936 937 938
f 939 940 941 942 943
f 944 945 946 947 948 949
f 950 951 952 953 954 955
f 956 957 958
f 959 960 961 962 963 964 965 966
f 967 968 969
f 970 971 972 973 974 975
f 976 977 978 979 980
f 981 982 983 984 985 986 987
f 988 989 990 991
f 992 993 994 995 996
f 997 998 999 1000 1001
f 1002 1003 1004
f 1005 1006 1007 1008 1009
f 1010 1011 1012
f 1013 1014 1015 1016
f 1017 1018 1019 1020 1021
f 1022 1023 1024
f 1025 1026 1027 1028 1029 1030
f 1031 1032 1033 1034 1035 1036 1037
f 1038 1039 1040
f 1041 1042 1043 1044 1045 1046
f 1047 1048 1049 1050
f 1051 1052 1053 1054 1055
f 1056 1057 1058 1059 1060
f 1061 1062 1063 1064 1065
f 1066 1067 1068
f 1069 1070 1071 1072 1073 1074
f 1075 1076 1077 1078 1079
f 1080 1081 1082 1083 1084 1085 1086
f 1087 1088 1089
f 1090 1091 1092 1093
f 1094 1095 1096
f 1097 1098 1099
f 1100 1101 1102
f 1103 1104 1105 1106 1107 1108
f 1109 1110 1111 1112 1113 1114 1115
f 1116 1117 1118 1119 1120
f 1121 1122 1123
f 1124 1125 1126 1127 1128 1129
f 1130 1131 1132 1133 1134
f 1135 1136 1137 1138 1139 1140 1141 1142 1143
f 1144 1145 1146 1147
f 1148 1149 1150 1151 1152 1153
f 1154 1155 1156
f 1157 1158 1159 1160
f 1161 1162 1163 1164
f 1165 1166 1167 1168
f 1169 1170 1171
f 1172 1173 1174
f 1175 1176 1177 1178
f 1179 1180 1181 1182 1183
f 1184 1185 1186 1187
f 1188 1189 1190 1191
f 1192 1193 1194 1195 1196 1197 1198 1199
f 1200 1201 1202 1203 1204 1205 1206
f 1207 1208 1209 1210 1211 1212
f 1213 1214 1215 1216 1217
f 1218 1219 1220 1221
f 1222 1223 1224
f 1225 1226 1227 1228 1229 1230
f 1231 1232 1233 1234 1235
f 1236 1237 1238
f 1239 1240 1241 1242 1243 1244
f 1245 1246 1247 1248 1249 1250 1251
f 1252 1253 1254 1255 1256
f 1257 1258 1259 1260 1261 1262
f 1263 1264 1265 1266 1267
f 1271 1272 1273 1274 1275
f 1276 1277 1278 1279 1280 1281 1282
f 1283 1284 1285 1286 1287 1288 1289
f 1290 1291 1292 1293
f 1294 1295 1296 1297 1298 1299 1300
f 1301 1302 1303
f 1304 1305 1306 1307 1308 1309 1310
f 1311 1312 1313 1314 1315 1316 1317
f 1318 1319 1320 1321 1322
f 1323 1324 1325 1326 1327 1328 1329
f 1330 1331 1332
f 1333 1334 1335
f 1336 1337 1338 1339 1340 1341 1342 1343
f 1344 1345 1346 1347 1348 1349
f 1350 1351 1352 1353 1354 1355 1356
f 1357 1358 1359 1360
f 1361 1362 1363 1364 1365
f 1366 1367 1368
f 1369 1370 1371
f 1372 1373 1374 1375 1376 1377 1378
f 1379 1380 1381 1382
f 1383 1384 1385 1386 1387 1388
f 1389 1390 1391 1392 1393
f 1394 1395 1396 1397 1398 1399
f 1400 1401 1402 1403 1404 1405
f 1406 1407 1408 1409
f 1410 1411 1412
f 1413 1414 1415 1416 1417 1418
f 1419 1420 1421 1422 1423 1424
f 1425 1426 1427
f 1428 1429 1430 1431 1432
f 1433 1434 1435 1436 1437 1438
f 1439 1440 1441 1442 1443 1444 1445
f 1446 1447 1448 1449 1450 1451
f 1452 1453 1454 1455 1456 1457 1458 1459
f 1460 1461 1462 1463 1464
f 1465 1466 1467 1468 1469 1470 1471
f 1472 1473 1474
f 1475 1476 1477 1478 1479 1480
f 1481 1482 1483 1484
f 1485 1486 1487 1488
f 1489 1490 1491
f 1492 1493 1494 1495 1496 1497
f 1498 1499 1500 1501
f 1502 1503 1504 1505
f 1506 1507 1508 1509 1510
f 1511 1512 1513 1514 1515 1516 1517
f 1518 1519 1520 1521 1522 1523
f 1524 1525 1526 1527 1528 1529 1530
f 1531 1532 1533 1534 1535 1536
f 1537 1538 1539 1540 1541 1542
f 1543 1544 1545 1546
f 1547 1548 1549 1550
f 1551 1552 1553 1554 1555 1556
f 1557 1558 1559
f 1560 1561 1562 1563
f 1564 1565 1566 1567 1568
f 1569 1570 1571 1572
f 1573 1574 1575 1576 1577 1578 1579
f 1580 1581 1582 1583 1584
f 1585 1586 1587 1588 1589
f 1590 1591 1592 1593 1594 1595
f 1596 1597 1598 1599 1600
f 1601 1602 1603 1604 1605 1606
f 1607 1608 1609
f 1610 1611 1612 1613
f 1614 1615 1616 1617
f 1618 1619 1620 1621 1622 1623 1624
f 1625 1626 1627 1628 1629
f 1630 1631 1632 1633 1634 1635 1636 1637
f 1638 1639 1640
f 1641 1642 1643 1644 1645
f 1646 1647 1648 1649
f 1650 1651 1652
f 1653 1654 1655 1656 1657 1658 1659 1660 1661 1662 1663
f 1664 1665 1666 1667 1668 1669 1670 1671
f 1672 1673 1674 1675
f 1676 1677 1678 1679
f 1680 1681 1682 1683 1684 1685 1686 1687
f 1688 1689 1690 1691
f 1692 1693 1694 1695
f 1696 1697 1698
f 1699 1700 1701 1702 1703 1704 1705
f 1706 1707 1708 1709
f 1710 1711 1712 1713 1714 1715 1716 1717 1718
f 1719 1720 1721 1722 1723 1724 1725 1726
f 1727 1728 1729
f 1730 1731 1732 1733 1734
f 1735 1736 1737
f 1738 1739 1740 1741 1742 1743 1744 1745 1746
f 1747 1748 1749
f 1750 1751 1752 1753 1754 1755 1756 1757
f 1758 1759 1760 1761 1762 1763
f 1764 1765 1766 1767
f 1768 1769 1770 1771 1772 1773 1774 1775
f 1776 1777 1778 1779
f 1780 1781 1782 1783 1784 1785
f 1786 1787 1788 1789 1790 1791 1792
f 1793 1794 1795 1796
f 1797 1798 1799 1800 1801 1802 1803
f 1804 1805 1806 1807
f 1808 1809 1810 1811
f 1812 1813 1814 1815 1816 1817 1818 1819
f 1820 1821 1822 1823 1824 1825
f 1826 1827 1828 1829 1830 1831 1832
f 1833 1834 1835 1836 1837
f 1838 1839 1840
f 1841 1842 1843 1844 1845 1846 1847
f 1848 1849 1850 1851 1852
f 1853 1854 1855 1856 1857
f 1858 1859 1860 1861 1862 1863 1864
f 1865 1866 1867 1868 1869 1870 1871 1872 1873
f 1874 1875 1876 1877 1878 1879 1880 1881
f 1882 1883 1884
f 1885 1886 1887 1888
f 1889 1890 1891 1892 1893 1894 1895 1896 1897
f 1898 1899 1900 1901
f 1902 1903 1904 1905 1906 1907
f 1908 1909 1910 1911
f 1912 1913 1914 1915 1916
f 1917 1918 1919 1920 1921 1922 1923 1924 1925
f 1926 1927 1928 1929 1930
f 1931 1932 1933 1934 1935 1936 1937 1938
f 1939 1940 1941 1942 1943
f 1944 1945 1946 1947
f 1948 1949 1950 1951 1952 1953 1954 1955 1956 1957
f 1958 1959 1960 1961 1962 1963 1964 1965
f 1966 1967 1968
f 1969 1970 1971 1972 1973 1974
f 1975 1976 1977 1978 1979 1980 1981 1982
f 1983 1984 1985
f 1986 1987 1988
f 1989 1990 1991 1992 1993 1994
f 1999 2000 2001 2002 2003 2004 2005 2006
f 2007 2008 2009 2010 2011 2012 2013
f 2014 2015 2016 2017 2018
f 2019 2020 2021 2022 2023 2024 2025 2026
f 2027 2028 2029 2030
f 2031 2032 2033 2034 2035 2036 2037
f 2038 2039 2040 2041
f 2042 2043 2044 2045
f 2046 2047 2048 2049 2050
f 2051 2052 2053 2054 2055
f 2056 2057 2058
f 2059 2060 2061 2062
f 2063 2064 2065
f 2066 2067 2068 2069 2070 2071
f 2072 2073 2074 2075 2076 2077 2078
f 2079 2080 2081
f 2082 2083 2084 2085 2086 2087 2088
f 2089 2090 2091 2092
f 2093 2094 2095 2096 2097 2098
f 2099 2100 2101 2102
f 2103 2104 2105 2106 2107 2108
f 2109 2110 2111 2112
f 2113 2114 2115 2116 2117 2118
f 2119 2120 2121
f 2122 2123 2124 2125 2126
f 2127 2128 2129
f 2130 2131 2132
f 2133 2134 2135
f 2136 2137 2138
f 2139 2140 2141 2142 2143
f 2144 2145 2146
f 2147 2148 2149 2150 2151 2152 2153
f 2154 2155 2156 2157 2158
f 2159 2160 2161
f 2162 2163 2164 2165 2166
f 2167 2168 2169
f 2170 2171 2172 2173 2174
f 2175 2176 2177 2178 2179
f 2180 2181 2182 2183 2184 2185 2186 2187
f 2188 2189 2190 2191 2192 2193 2194
f 2195 2196 2197 2198 2199 2200 2201
f 2202 2203 2204 2205 2206 2207 2208
f 2209 2210 2211 2212
f 2213 2214 2215 2216 2217 2218 2219 2220 2221
f 2222 2223 2224 2225 2226 2227 2228 2229 2230 2231 2232
f 2233 2234 2235 2236 2237 2238 2239 2240 2241
f 2242 2243 2244 2245 2246 2247 2248 2249 2250 2251
f 2252 2253 2254 2255 2256 2257
f 2258 2259 2260
f 2261 2262 2263 2264 2265 2266
f 2267 2268 2269 2270
f 2271 2272 2273 2274 2275 2276
f 2277 2278 2279
f 2280 2281 2282 2283 2284
f 2285 2286 2287 2288 2289 2290 2291
f 2292 2293 2294 2295 2296 2297
f 2298 2299 2300 2301 2302 2303 2304
f 2305 2306 2307 2308
f 2309 2310 2311 2312
f 2313 2314 2315 2316
f 2317 2318 2319
f 2320 2321 2322
f 2323 2324 2325
f 2326 2327 2328 2329
f 2330 2331 2332
f 2333 2334 2335 2336
f 2337 2338 2339 2340 2341 2342 2343 2344
f 2345 2346 2347 2348 2349 2350
f 2351 2352 2353 2354 2355 2356 2357 2358 2359
f 2360 2361 2362 2363 2364 2365 2366
f 2367 2368 2369 2370
f 2371 2372 2373 2374
f 2375 2376 2377 2378 2379 2380 2381 2382
f 2383 2384 2385 2386 2387 2388
f 2389 2390 2391
f 2392 2393 2394 2395 2396 2397 2398
f 2399 2400 2401 2402
f 2403 2404 2405
f 2406 2407 2408
f 2409 2410 2411
f 2412 2413 2414 2415 2416
f 2417 2418 2419 2420 2421 2422 2423 2424
f 2425 2426 2427 2428 2429 2430 2431
f 2432 2433 2434
f 2435 2436 2437
f 2438 2439 2440 2441 2442
f 2443 2444 2445 2446 2447 2448
f 2449 2450 2451 2452
f 2453 2454 2455 2456 2457
f 2458 2459 2460
f 2461 2462 2463 2464
f 2465 2466 2467 2468
f 2469 2470 2471
f 2472 2473 2474 2475 2476 2477
f 2478 2479 2480
f 2481 2482 2483 2484 2485 2486 2487
f 2488 2489 2490
f 2491 2492 2493
f 2494 2495 2496
f 2497 2498 2499 2500
f 2501 2502 2503 2504 2505
f 2506 2507 2508
f 2509 2510 2511 2512
f 2513 2514 2515
f 2516 2517 2518 2519 2520 2521 2522 2523 2524 2525 2526
f 2527 2528 2529
f 2530 2531 2532 2533 2534 2535
f 2536 2537 2538 2539 2540
f 2541 2542 2543 2544 2545 2546
f 2547 2548 2549
f 2550 2551 2552
f 2553 2554 2555 2556
f 2557 2558 2559 2560
f 2561 2562 2563 2564 2565 2566
f 2567 2568 2569 2570 2571 2572
f 2573 2574 2575 2576
f 2577 2578 2579 2580 2581 2582
f 2583 2584 2585
f 2586 2587 2588
f 2589 2590 2591 2592
f 2593 2594 2595
f 2596 2597 2598 2599 2600 2601
f 2602 2603 2604 2605 2606 2607
f 2608 2609 2610 2611
f 2612 2613 2614 2615 2616 2617 2618 2619 2620
f 2621 2622 2623
f 2624 2625 2626 2627
f 2628 2629 2630
f 2635 2636 2637
f 2638 2639 2640 2641 2642 2643 2644
f 2645 2646 2647 2648
f 2649 2650 2651 2652 2653 2654 2655 2656
f 2657 2658 2659 2660
f 2661 2662 2663
f 2664 2665 2666 2667
f 2668 2669 2670
f 2671 2672 2673 2674 2675
f 2676 2677 2678 2679 2680 2681 2682 2683 2684 2685 2686
f 2687 2688 2689 2690 2691 2692
f 2693 2694 2695
f 2696 2697 2698
f 2699 2700 2701
f 2702 2703 2704 2705
f 2706 2707 2708 2709 2710
f 2711 2712 2713 2714 2715 2716 2717 2718
f 2719 2720 2721 2722
f 2723 2724 2725 2726
f 2727 2728 2729 2730 2731
f 2732 2733 2734 2735 2736
f 2737 2738 2739
f 2740 2741 2742 2743
f 2744 2745 2746 2747 2748 2749
f 2750 2751 2752 2753 2754 2755 2756
f 2757 2758 2759
f 2760 2761 2762 2763 2764 2765 2766
f 2767 2768 2769
f 2770 2771 2772
f 2773 2774 2775
f 2776 2777 2778 2779 2780
f 2781 2782 2783
f 2784 2785 2786 2787 2788 2789
f 2790 2791 2792 2793 2794 2795
f 2796 2797 2798
f 2799 2800 2801 2802
f 2803 2804 2805
f 2806 2807 2808 2809
f 2810 2811 2812 2813
f 2814 2815 2816
f 2817 2818 2819 2820
f 2821 2822 2823 2824 2825
f 2826 2827 2828 2829
f 2830 2831 2832
f 2833 2834 2835
f 2836 2837 2838 2839 2840
f 2841 2842 2843
f 2844 2845 2846
f 2847 2848 2849 2850
f 2851 2852 2853
f 2854 2855 2856
f 2857 2858 2859
f 2860 2861 2862
f 2867 2868 2869 2870 2871 2872 2873 2874
f 2875 2876 2877
f 2878 2879 2880
f 2881 2882 2883 2884
f 2885 2886 2887
f 2888 2889 2890 2891 2892
f 2893 2894 2895 2896
f 2897 2898 2899 2900 2901 2902 2903
f 2904 2905 2906 2907
f 2908 2909 2910
f 2911 2912 2913 2914 2915 2916 2917
f 2918 2919 2920
f 2921 2922 2923 2924
f 2925 2926 2927 2928 2929 2930 2931 2932 2933 2934 2935
f 2936 2937 2938
f 2945 2946 2947
f 2948 2949 2950 2951 2952
f 2953 2954 2955 2956
f 2957 2958 2959 2960 2961
f 2962 2963 2964
f 2965 2966 2967 2968 2969 2970
f 2971 2972 2973
f 2974 2975 2976
f 2977 2978 2979
f 2980 2981 2982 2983
f 2984 2985 2986
f 2987 2988 2989
f 2990 2991 2992 2993 2994
f 2995 2996 2997
f 2998 2999 3000
f 3001 3002 3003
f 3004 3005 3006
f 3007 3008 3009 3010
f 3011 3012 3013 3014 3015 3016
f 3017 3018 3019 3020
f 3021 3022 3023
f 3024 3025 3026
f 3027 3028 3029
f 3030 3031 3032 3033
f 3034 3035 3036
f 3037 3038 3039 3040 3041 3042
f 3043 3044 3045 3046
f 3047 3048 3049 3050
f 3051 3052 3053
f 3054 3055 3056
f 3057 3058 3059 3060
f 3061 3062 3063 3064
f 3065 3066 3067 3068 3069
f 3070 3071 3072 3073
f 3074 3075 3076 3077 3078 3079
f 3080 3081 3082
f 3083 3084 3085 3086 3087 3088 3089
f 3090 3091 3092 3093 3094
f 3095 3096 3097
f 3098 3099 3100 3101 3102
f 3103 3104 3105 3106
f 3107 3108 3109 3110
f 3111 3112 3113
f 3114 3115 3116 3117 3118
f 3119 3120 3121 3122
f 3123 3124 3125 3126 3127 3128 3129 3130 3131 3132 3133
f 3134 3135 3136 3137 3138 3139 3140 3141
f 3142 3143 3144
f 3145 3146 3147
f 3148 3149 3150
f 3151 3152 3153
f 3154 3155 3156
f 3157 3158 3159
f 3160 3161 3162
f 3163 3164 3165
f 3166 3167 3168
f 3169 3170 3171
f 3172 3173 3174
f 3175 3176 3177
f 3178 3179 3180 3181
f 3182 3183 3184 3185
f 3186 3187 3188
f 3189 3190 3191
f 3192 3193 3194
f 3195 3196 3197
f 3198 3199 3200
f 3201 3202 3203 3204
f 3205 3206 3207 3208
f 3209 3210 3211 3212
f 3213 3214 3215
f 3216 3217 3218
f 3219 3220 3221 3222
f 3223 3224 3225 3226
f 3227 3228 3229
f 3230 3231 3232 3233
f 3234 3235 3236
f 3237 3238 3239 3240
f 3241 3242 3243 3244
f 3245 3246 3247 3248
f 3249 3250 3251 3252
f 3253 3254 3255
f 3256 3257 3258 3259
f 3260 3261 3262 3263
f 3264 3265 3266
f 3267 3268 3269
f 3270 3271 3272 3273
f 3274 3275 3276 3277
f 3278 3279 3280
f 3281 3282 3283 3284
f 3285 3286 3287 3288
f 3289 3290 3291
f 3292 3293 3294
f 3295 3296 3297
f 3298 3299 3300
f 3301 3302 3303 3304
f 3305 3306 3307
f 3308 3309 3310
f 3311 3312 3313 3314
f 3315 3316 3317 3318
f 3319 3320 3321
f 3322 3323 3324 3325
f 3326 3327 3328
f 3329 3330 3331
f 3332 3333 3334
f 3335 3336 3337 3338
f 3339 3340 3341 3342
f 3343 3344 3345 3346 3347
f 3348 3349 3350 3351
f 3352 3353 3354 3355
f 3356 3357 3358 3359
f 3360 3361 3362 3363
f 3364 3365 3366
f 3367 3368 3369 3370 3371
f 3372 3373 3374 3375 3376
f 3377 3378 3379 3380
f 3381 3382 3383 3384
f 3385 3386 3387 3388
f 3389 3390 3391 3392 3393
f 3394 3395 3396 3397
f 3398 3399 3400
f 3401 3402 3403 3404
f 3405 3406 3407 3408 3409 3410
f 3411 3412 3413 3414
f 3415 3416 3417 3418 3419
f 3420 3421 3422 3423
f 3424 3425 3426 3427
f 3428 3429 3430 3431 3432
f 3433 3434 3435 3436
f 3437 3438 3439 3440
f 3441 3442 3443 3444 3445 3446
f 3447 3448 3449 3450 3451
f 3452 3453 3454 3455 3456
f 3457 3458 3459 3460
f 3461 3462 3463 3464 3465
f 3466 3467 3468 3469
f 3470 3471 3472 3473
f 3474 3475 3476
f 3477 3478 3479
f 3480 3481 3482 3483 3484
f 3485 3486 3487 3488
f 3489 3490 3491 3492
f 3493 3494 3495 3496
f 3497 3498 3499
f 3500 3501 3502 3503
f 3504 3505 3506 3507 3508
f 3509 3510 3511 3512 3513 3514
f 3515 3516 3517
f 3518 3519 3520 3521
f 3522 3523 3524 3525
f 3526 3527 3528
f 3529 3530 3531 3532
f 3533 3534 3535 3536
f 3537 3538 3539 3540 3541 3542 3543
f 3544 3545 3546 3547
f 3548 3549 3550
f 3551 3552 3553 3554
f 3555 3556 3557 3558
f 3559 3560 3561
f 3562 3563 3564 3565 3566
f 3567 3568 3569 3570 3571
f 3572 3573 3574 3575
f 3576 3577 3578 3579 3580
f 3581 3582 3583
f 3584 3585 3586 3587 3588
f 3589 3590 3591 3592
f 3593 3594 3595 3596 3597
f 3598 3599 3600 3601
f 3602 3603 3604 3605
f 3606 3607 3608
f 3609 3610 3611
f 3612 3613 3614 3615
f 3616 3617 3618
f 3619 3620 3621 3622 3623
f 3624 3625 3626 3627 3628
f 3629 3630 3631 3632
f 3633 3634 3635 3636
f 3637 3638 3639 3640
f 3641 3642 3643 3644 3645
f 3646 3647 3648 3649
f 3650 3651 3652 3653
f 3654 3655 3656
f 3657 3658 3659 3660
f 3661 3662 3663
f 3664 3665 3666 3667
f 3668 3669 3670 3671
f 3672 3673 3674 3675 3676
f 3677 3678 3679
f 3680 3681 3682 3683
f 3684 3685 3686 3687 3688
f 3689 3690 3691 3692 3693
f 3694 3695 3696 3697
f 3698 3699 3700 3701 3702 3703
f 3704 3705 3706 3707
f 3708 3709 3710 3711
f 3712 3713 3714 3715 3716
f 3717 3718 3719 3720 3721
f 3722 3723 3724 3725
f 3726 3727 3728 3729
f 3730 3731 3732
f 3733 3734 3735 3736
f 3737 3738 3739 3740 3741
f 3742 3743 3744 3745
f 3746 3747 3748 3749 3750
f 3751 3752 3753 3754
f 3755 3756 3757 3758 3759
f 3760 3761 3762 3763 3764
f 3765 3766 3767 3768 3769
f 3770 3771 3772 3773 3774
f 3775 3776 3777
f 3778 3779 3780 3781 3782
f 3783 3784 3785 3786 3787
f 3788 3789 3790
f 3791 3792 3793
f 3794 3795 3796 3797
f 3798 3799 3800 3801
f 3802 3803 3804 3805 3806
f 3807 3808 3809 3810
f 3811 3812 3813 3814 3815
f 3816 3817 3818 3819 3820
f 3821 3822 3823 3824
f 3825 3826 3827 3828
f 3829 3830 3831 3832
f 3833 3834 3835
f 3836 3837 3838 3839
f 3840 3841 3842 3843 3844
f 3845 3846 3847 3848
f 3849 3850 3851 3852 3853 3854
f 3855 3856 3857 3858 3859
f 3860 3861 3862
f 3863 3864 3865 3866
f 3867 3868 3869 3870
f 3871 3872 3873 3874 3875
f 3876 3877 3878 3879
f 3880 3881 3882 3883 3884
f 3885 3886 3887
f 3888 3889 3890 3891
f 3892 3893 3894 3895
f 3896 3897 3898 3899 3900
f 3901 3902 3903 3904
f 3905 3906 3907
f 3908 3909 3910 3911
f 3912 3913 3914 3915 3916
f 3917 3918 3919 3920 3921
f 3922 3923 3924
f 3925 3926 3927
f 3928 3929 3930 3931 3932 3933
f 3934 3935 3936 3937
f 3938 3939 3940
f 3941 3942 3943 3944 3945 3946
f 3947 3948 3949
f 3950 3951 3952 3953 3954 3955
f 3956 3957 3958 3959 3960
f 3961 3962 3963
f 3964 3965 3966
f 3967 3968 3969 3970 3971
f 3972 3973 3974 3975
f 3976 3977 3978 3979
f 3983 3984 3985 3986 3987
f 3988 3989 3990 3991 3992 3993
f 3994 3995 3996 3997 3998
f 3999 4000 4001
f 4002 4003 4004 4005
f 4006 4007 4008 4009
f 4010 4011 4012 4013 4014
f 4015 4016 4017 4018
f 4019 4020 4021 4022
f 4023 4024 4025 4026 4027
f 4028 4029 4030
f 4031 4032 4033
f 4034 4035 4036 4037
f 4038 4039 4040
f 4041 4042 4043
f 4044 4045 4046 4047 4048 4049
f 4050 4051 4052 4053
f 4054 4055 4056 4057
f 4058 4059 4060 4061 4062
f 4063 4064 4065 4066 4067
f 4068 4069 4070 4071 4072
f 4073 4074 4075 4076
f 4077 4078 4079 4080 4081
f 4082 4083 4084
f 4085 4086 4087 4088 4089
f 4090 4091 4092 4093
f 4094 4095 4096
f 4097 4098 4099 4100
f 4101 4102 4103 4104 4105 4106
f 4107 4108 4109 4110 4111
f 4112 4113 4114
f 4115 4116 4117
f 4118 4119 4120 4121 4122
f 4123 4124 4125
f 4126 4127 4128
f 4129 4130 4131
f 4132 4133 4134
f 4135 4136 4137
f 4138 4139 4140
f 4141 4142 4143
f 4144 4145 4146
f 4147 4148 4149
f 4150 4151 4152
f 4153 4154 4155
f 4156 4157 4158
f 4159 4160 4161
f 4162 4163 4164
f 4165 4166 4167
f 4168 4169 4170
f 4171 4172 4173
f 4174 4175 4176
f 4177 4178 4179
f 4180 4181 4182
f 4183 4184 4185
f 4186 4187 4188
f 4189 4190 4191
f 4192 4193 4194
f 4195 4196 4197
f 4198 4199 4200
f 4201 4202 4203
f 4204 4205 4206
f 4207 4208 4209
f 4210 4211 4212
f 4213 4214 4215
f 4216 4217 4218
f 4219 4220 4221
f 4222 4223 4224
f 4225 4226 4227
f 4228 4229 4230 4231
f 4232 4233 4234 4235 4236 4237
f 4238 4239 4240
f 4241 4242 4243 4244
f 4245 4246 4247
f 4248 4249 4250 4251
f 4252 4253 4254 4255
f 4256 4257 4258 4259
f 4260 4261 4262
f 4263 4264 4265 4266
f 4267 4268 4269 4270
f 4271 4272 4273 4274 4275
f 4276 4277 4278
f 4282 4283 4284
f 4285 4286 4287 4288 4289
f 4290 4291 4292
f 4293 4294 4295 4296
f 4297 4298 4299 4300
f 4301 4302 4303 4304
f 4305 4306 4307 4308 4309
f 4310 4311 4312 4313
f 4314 4315 4316 4317 4318 4319
f 4320 4321 4322 4323 4324
f 4325 4326 4327 4328 4329
f 4330 4331 4332 4333
f 4334 4335 4336 4337
f 4338 4339 4340 4341 4342
f 4343 4344 4345 4346
f 4347 4348 4349
f 4350 4351 4352 4353 4354 4355
f 4356 4357 4358 4359 4360
f 4361 4362 4363
f 4364 4365 4366
f 4367 4368 4369
f 4370 4371 4372 4373 4374
f 4375 4376 4377
f 4378 4379 4380 4381
f 4382 4383 4384
f 4385 4386 4387 4388
f 4389 4390 4391 4392
f 4393 4394 4395 4396
f 4397 4398 4399
f 4400 4401 4402
f 4403 4404 4405
f 4406 4407 4408 4409
f 4410 4411 4412 4413
f 4414 4415 4416 4417 4418
f 4419 4420 4421
f 4422 4423 4424
f 4425 4426 4427 4428
f 4429 4430 4431 4432
f 4433 4434 4435
f 4436 4437 4438
f 4439 4440 4441
f 4442 4443 4444
f 4445 4446 4447
f 4448 4449 4450 4451
f 4452 4453 4454
f 4455 4456 4457 4458
f 4459 4460 4461 4462 4463 4464
f 4465 4466 4467
f 4468 4469 4470 4471 4472 4473 4474 4475
f 4476 4477 4478
f 4479 4480 4481
f 4482 4483 4484
f 4485 4486 4487
f 4488 4489 4490
f 4491 4492 4493
f 4494 4495 4496 4497
f 4498 4499 4500 4501
f 4502 4503 4504
f 4505 4506 4507
f 4508 4509 4510 4511 4512
f 4513 4514 4515 4516
f 4517 4518 4519
f 4520 4521 4522
f 4523 4524 4525
f 4526 4527 4528
f 4529 4530 4531
f 4532 4533 4534
f 4535 4536 4537
f 4538 4539 4540
f 4541 4542 4543 4544
f 4545 4546 4547
f 4548 4549 4550
f 4551 4552 4553 4554
f 4555 4556 4557
f 4558 4559 4560
f 4561 4562 4563 4564
f 4565 4566 4567 4568
f 4569 4570 4571 4572
f 4573 4574 4575
f 4576 4577 4578
f 4579 4580 4581
f 4582 4583 4584 4585
f 4586 4587 4588
f 4589 4590 4591
f 4592 4593 4594
f 4595 4596 4597
f 4598 4599 4600
f 4601 4602 4603
f 4604 4605 4606
f 4607 4608 4609 4610
f 4611 4612 4613
f 4614 4615 4616
f 4617 4618 4619
f 4620 4621 4622 4623
f 4624 4625 4626
f 4627 4628 4629
f 4630 4631 4632
f 4633 4634 4635
f 4636 4637 4638
f 4639 4640 4641
f 4642 4643 4644
f 4645 4646 4647
f 4648 4649 4650
f 4651 4652 4653
f 4654 4655 4656 4657
f 4658 4659 4660
f 4661 4662 4663
f 4664 4665 4666
f 4667 4668 4669
f 4670 4671 4672
f 4673 4674 4675
f 4676 4677 4678
f 4679 4680 4681
f 4682 4683 4684
f 4685 4686 4687
f 4688 4689 4690
f 4691 4692 4693
f 4694 4695 4696
f 4697 4698 4699
f 4700 4701 4702
f 4703 4704 4705
f 4706 4707 4708
f 4709 4710 4711
f 4712 4713 4714 4715
f 4716 4717 4718 4719
f 4720 4721 4722
f 4723 4724 4725
f 4726 4727 4728 4729
f 4730 4731 4732 4733
f 4734 4735 4736
f 4737 4738 4739 4740
f 4741 4742 4743
f 4744 4745 4746
f 4747 4748 4749
f 4750 4751 4752
f 4753 4754 4755
f 4756 4757 4758
f 4759 4760 4761
f 4762 4763 4764 4765 4766 4767
f 4768 4769 4770
f 4771 4772 4773
f 4774 4775 4776
f 4777 4778 4779 4780 4781
f 4782 4783 4784
f 4785 4786 4787
f 4788 4789 4790
f 4791 4792 4793
f 4794 4795 4796
f 4797 4798 4799
f 4800 4801 4802
f 4803 4804 4805
f 4806 4807 4808
f 4809 4810 4811
f 4812 4813 4814
f 4815 4816 4817
f 4818 4819 4820
f 4821 4822 4823
f 4824 4825 4826
f 4827 4828 4829
f 4830 4831 4832
f 4833 4834 4835
f 4836 4837 4838
f 4839 4840 4841
f 4842 4843 4844
f 4845 4846 4847
f 4848 4849 4850 4851
f 4852 4853 4854
f 4855 4856 4857
f 4858 4859 4860
f 4861 4862 4863
f 4864 4865 4866
f 4867 4868 4869
f 4870 4871 4872 4873
f 4874 4875 4876
f 4877 4878 4879
f 4880 4881 4882
f 4883 4884 4885
f 4886 4887 4888
f 4889 4890 4891 4892 4893
f 4894 4895 4896
f 4897 4898 4899 4900
f 4901 4902 4903 4904
f 4905 4906 4907
f 4908 4909 4910
f 4911 4912 4913
f 4914 4915 4916
f 4917 4918 4919
f 4920 4921 4922 4923 4924
f 4925 4926 4927
f 4928 4929 4930
f 4931 4932 4933
f 4934 4935 4936
f 4937 4938 4939
f 4940 4941 4942
f 4943 4944 4945
f 4946 4947 4948
f 4949 4950 4951
f 4952 4953 4954
f 4955 4956 4957
f 4958 4959 4960 4961
f 4962 4963 4964
f 4965 4966 4967
f 4968 4969 4970
f 4971 4972 4973 4974
f 4975 4976 4977 4978
f 4979 4980 4981 4982 4983 4984 4985
f 4986 4987 4988
f 4989 4990 4991
f 4992 4993 4994
f 4995 4996 4997
f 4998 4999 5000 5001 5002
f 5003 5004 5005 5006
f 5007 5008 5009
f 5010 5011 5012 5013
f 5014 5015 5016 5017
f 5018 5019 5020 5021 5022 5023 5024 5025
f 5026 5027 5028 5029
f 5030 5031 5032 5033
f 5034 5035 5036
f 5037 5038 5039
f 5040 5041 5042
f 5043 5044 5045 5046
f 5047 5048 5049
f 5050 5051 5052
f 5053 5054 5055 5056
f 5057 5058 5059
f 5060 5061 5062
f 5063 5064 5065 5066 5067 5068
f 5069 5070 5071 5072
f 5073 5074 5075
f 5076 5077 5078
f 5079 5080 5081
f 5082 5083 5084
f 5085 5086 5087
f 5088 5089 5090 5091 5092 5093
f 5094 5095 5096
f 5097 5098 5099
f 5100 5101 5102
f 5103 5104 5105 5106
f 5107 5108 5109 5110 5111
f 5112 5113 5114 5115 5116 5117
f 5118 5119 5120
f 5121 5122 5123 5124
f 5125 5126 5127 5128
f 5129 5130 5131 5132
f 5133 5134 5135 5136
f 5137 5138 5139
f 5140 5141 5142 5143
f 5144 5145 5146
f 5147 5148 5149
f 5150 5151 5152 5153
f 5154 5155 5156
f 5157 5158 5159 5160 5161
f 5162 5163 5164 5165
f 5166 5167 5168 5169
f 5170 5171 5172
f 5173 5174 5175
f 5176 5177 5178
f 5179 5180 5181
f 5182 5183 5184 5185 5186
f 5187 5188 5189
f 5190 5191 5192
f 5193 5194 5195
f 5196 5197 5198
f 5199 5200 5201
f 5202 5203 5204 5205
f 5206 5207 5208
f 5209 5210 5211
f 5212 5213 5214
f 5215 5216 5217 5218 5219
f 5220 5221 5222
f 5223 5224 5225
f 5226 5227 5228 5229 5230 5231
f 5232 5233 5234
f 5235 5236 5237
f 5238 5239 5240
f 5241 5242 5243
f 5244 5245 5246 5247
f 5248 5249 5250 5251 5252 5253
f 5254 5255 5256 5257
f 5258 5259 5260
f 5261 5262 5263 5264 5265
f 5266 5267 5268
f 5269 5270 5271
f 5272 5273 5274
f 5275 5276 5277 5278
f 5279 5280 5281 5282
f 5283 5284 5285
f 5286 5287 5288 5289
f 5290 5291 5292 5293
f 5294 5295 5296 5297
f 5298 5299 5300 5301
f 5302 5303 5304 5305
f 5306 5307 5308 5309
f 5310 5311 5312 5313
f 5314 5315 5316 5317
f 5318 5319 5320 5321
f 5322 5323 5324
f 5325 5326 5327
f 5328 5329 5330
f 5331 5332 5333 5334
f 5335 5336 5337
f 5338 5339 5340 5341 5342
f 5343 5344 5345 5346
f 5347 5348 5349
f 5350 5351 5352 5353
f 5354 5355 5356 5357
f 5358 5359 5360
f 5361 5362 5363
f 5364 5365 5366 5367 5368
f 5369 5370 5371 5372
f 5373 5374 5375 5376
f 5377 5378 5379 5380
f 5381 5382 5383
f 5384 5385 5386 5387
f 5388 5389 5390 5391
f 5392 5393 5394 5395
f 5396 5397 5398
f 5399 5400 5401 5402
f 5403 5404 5405
f 5406 5407 5408 5409
f 5410 5411 5412 5413
f 5414 5415 5416 5417
f 5418 5419 5420 5421
f 5422 5423 5424 5425
f 5426 5427 5428 5429
f 5430 5431 5432
f 5433 5434 5435 5436 5437 5438
f 5443 5444 5445 5446
f 5447 5448 5449 5450
f 5451 5452 5453
f 5454 5455 5456 5457 5458
f 5459 5460 5461 5462
f 5463 5464 5465
f 5466 5467 5468
f 5469 5470 5471 5472
f 5473 5474 5475 5476 5477
f 5478 5479 5480 5481
f 5482 5483 5484 5485
f 5486 5487 5488 5489
f 5490 5491 5492 5493
f 5494 5495 5496
f 5497 5498 5499 5500
f 5501 5502 5503 5504 5505
f 5506 5507 5508
f 5509 5510 5511 5512
f 5513 5514 5515
f 5516 5517 5518
f 5519 5520 5521 5522
f 5523 5524 5525 5526 5527
f 5528 5529 5530 5531
f 5532 5533 5534 5535 5536
f 5537 5538 5539
f 5540 5541 5542
f 5543 5544 5545 5546 5547 5548
f 5549 5550 5551 5552
f 5553 5554 5555
f 5556 5557 5558 5559 5560
f 5561 5562 5563 5564
f 5565 5566 5567 5568
f 5569 5570 5571
f 5572 5573 5574
f 5575 5576 5577 5578
f 5579 5580 5581 5582
f 5583 5584 5585
f 5586 5587 5588
f 5589 5590 5591
f 5592 5593 5594
f 5595 5596 5597 5598 5599
f 5600 5601 5602
f 5603 5604 5605 5606
f 5607 5608 5609 5610
f 5611 5612 5613
f 5614 5615 5616
f 5617 5618 5619 5620
f 5621 5622 5623 5624
f 5625 5626 5627 5628
f 5629 5630 5631
f 5632 5633 5634 5635
f 5636 5637 5638 5639 5640
f 5641 5642 5643 5644
f 5645 5646 5647 5648
f 5649 5650 5651
f 5652 5653 5654
f 5655 5656 5657
f 5658 5659 5660 5661
f 5662 5663 5664 5665
f 5666 5667 5668
f 5669 5670 5671
f 5672 5673 5674
f 5675 5676 5677
f 5678 5679 5680 5681
f 5682 5683 5684
f 5685 5686 5687 5688
f 5689 5690 5691 5692
f 5693 5694 5695
f 5696 5697 5698 5699
f 5700 5701 5702
f 5703 5704 5705 5706
f 5707 5708 5709
f 5710 5711 5712 5713
f 5714 5715 5716 5717
f 5718 5719 5720 5721
f 5722 5723 5724 5725
f 5726 5727 5728 5729 5730 5731
f 5732 5733 5734 5735 5736 5737
f 5738 5739 5740
f 5741 5742 5743
f 5744 5745 5746
f 5747 5748 5749 5750
f 5751 5752 5753 5754
f 5755 5756 5757 5758
f 5759 5760 5761 5762
f 5763 5764 5765 5766 5767 5768
f 5769 5770 5771 5772
f 5773 5774 5775
f 5776 5777 5778 5779
f 5780 5781 5782 5783
f 5784 5785 5786
f 5787 5788 5789 5790 5791 5792
f 5793 5794 5795
f 5796 5797 5798 5799
f 5800 5801 5802 5803
f 5804 5805 5806 5807 5808
f 5809 5810 5811 5812
f 5813 5814 5815 5816
f 5817 5818 5819 5820
f 5821 5822 5823 5824
f 5825 5826 5827
f 5828 5829 5830
f 5831 5832 5833 5834
f 5835 5836 5837 5838 5839 5840
f 5841 5842 5843 5844
f 5845 5846 5847 5848
f 5849 5850 5851 5852
f 5853 5854 5855 5856
f 5857 5858 5859 5860
f 5861 5862 5863 5864
f 5865 5866 5867 5868
f 5869 5870 5871 5872
f 5873 5874 5875 5876
f 5877 5878 5879
f 5880 5881 5882
f 5883 5884 5885 5886
f 5887 5888 5889 5890
f 5891 5892 5893 5894
f 5895 5896 5897
f 5898 5899 5900
f 5901 5902 5903 5904 5905
f 5906 5907 5908 5909 5910
f 5911 5912 5913 5914
f 5915 5916 5917 5918 5919 5920
f 5921 5922 5923 5924
f 5925 5926 5927 5928
f 5929 5930 5931
f 5932 5933 5934
f 5935 5936 5937 5938
f 5939 5940 5941 5942
f 5943 5944 5945
f 5946 5947 5948 5949
f 5950 5951 5952 5953
f 5954 5955 5956
f 5957 5958 5959
f 5960 5961 5962 5963
f 5964 5965 5966
f 5967 5968 5969 5970
f 5971 5972 5973 5974
f 5975 5976 5977 5978
f 5979 5980 5981 5982
f 5983 5984 5985
f 5986 5987 5988 5989
f 5990 5991 5992 5993
f 5994 5995 5996 5997
f 5998 5999 6000 6001
f 6002 6003 6004 6005
f 6006 6007 6008 6009 6010
f 6011 6012 6013
f 6014 6015 6016 6017
f 6018 6019 6020 6021
f 6022 6023 6024 6025
f 6026 6027 6028 6029
f 6030 6031 6032 6033
f 6034 6035 6036 6037
f 6038 6039 6040
f 6041 6042 6043 6044
f 6045 6046 6047
f 6048 6049 6050 6051
f 6052 6053 6054 6055
f 6056 6057 6058
f 6059 6060 6061
f 6062 6063 6064
f 6065 6066 6067 6068 6069
f 6070 6071 6072 6073
f 6074 6075 6076 6077
f 6078 6079 6080 6081 6082
f 6083 6084 6085 6086
f 6087 6088 6089 6090 6091
f 6092 6093 6094 6095
f 6096 6097 6098 6099
f 6100 6101 6102 6103 6104
f 6105 6106 6107
f 6108 6109 6110 6111
f 6112 6113 6114 6115
f 6116 6117 6118
f 6119 6120 6121 6122
f 6123 6124 6125 6126
f 6127 6128 6129 6130
f 6131 6132 6133 6134
f 6135 6136 6137
f 6138 6139 6140
f 6141 6142 6143 6144
f 6145 6146 6147 6148
f 6149 6150 6151
f 6152 6153 6154
f 6155 6156 6157 6158 6159
f 6160 6161 6162 6163 6164
f 6165 6166 6167 6168
f 6169 6170 6171
f 6172 6173 6174 6175
f 6176 6177 6178
f 6179 6180 6181
f 6182 6183 6184
f 6185 6186 6187
f 6188 6189 6190 6191
f 6192 6193 6194
f 6195 6196 6197 6198
f 6199 6200 6201
f 6202 6203 6204 6205
f 6206 6207 6208 6209
f 6210 6211 6212
f 6213 6214 6215
f 6216 6217 6218 6219
f 6220 6221 6222 6223 6224
f 6225 6226 6227 6228
f 6229 6230 6231
f 6232 6233 6234 6235
f 6236 6237 6238
f 6239 6240 6241 6242 6243 6244
f 6245 6246 6247 6248
f 6249 6250 6251 6252
f 6253 6254 6255 6256
f 6257 6258 6259 6260
f 6261 6262 6263 6264 6265
f 6266 6267 6268 6269
f 6270 6271 6272 6273 6274 6275
f 6276 6277 6278 6279 6280
f 6281 6282 6283 6284 6285
f 6286 6287 6288
f 6289 6290 6291 6292 6293
f 6294 6295 6296 6297 6298 6299
f 6300 6301 6302 6303 6304
f 6305 6306 6307 6308
f 6309 6310 6311 6312
f 6313 6314 6315
f 6316 6317 6318 6319
f 6320 6321 6322 6323
f 6324 6325 6326 6327 6328
f 6329 6330 6331 6332
f 6333 6334 6335 6336 6337
f 6338 6339 6340 6341 6342
f 6343 6344 6345 6346
f 6347 6348 6349
f 6350 6351 6352
f 6353 6354 6355 6356 6357
f 6358 6359 6360 6361
f 6362 6363 6364 6365
f 6366 6367 6368 6369
f 6370 6371 6372
f 6373 6374 6375 6376
f 6377 6378 6379 6380 6381
f 6382 6383 6384 6385
f 6386 6387 6388 6389
f 6390 6391 6392 6393
f 6394 6395 6396
f 6397 6398 6399 6400
f 6401 6402 6403 6404
f 6405 6406 6407 6408 6409
f 6410 6411 6412 6413
f 6414 6415 6416 6417
f 6418 6419 6420
f 6424 6425 6426 6427
f 6428 6429 6430
f 6431 6432 6433 6434
f 6435 6436 6437 6438
f 6439 6440 6441 6442
f 6443 6444 6445
f 6446 6447 6448 6449
f 6450 6451 6452
f 6453 6454 6455 6456 6457 6458
f 6459 6460 6461 6462
f 6463 6464 6465
f 6466 6467 6468 6469
f 6470 6471 6472
f 6473 6474 6475 6476 6477
f 6478 6479 6480 6481 6482
f 6483 6484 6485 6486 6487
f 6488 6489 6490 6491 6492
f 6493 6494 6495 6496 6497
f 6498 6499 6500 6501
f 6502 6503 6504 6505
f 6506 6507 6508 6509 6510
f 6511 6512 6513 6514
f 6515 6516 6517 6518
f 6519 6520 6521 6522
f 6523 6524 6525 6526
f 6527 6528 6529 6530 6531
f 6532 6533 6534 6535
f 6536 6537 6538 6539
f 6540 6541 6542 6543
f 6544 6545 6546
f 6547 6548 6549
f 6550 6551 6552
f 6553 6554 6555 6556 6557 6558
f 6559 6560 6561
f 6562 6563 6564 6565
f 6566 6567 6568
f 6569 6570 6571 6572
f 6573 6574 6575 6576
f 6577 6578 6579 6580
f 6581 6582 6583 6584
f 6589 6590 6591
f 6592 6593 6594 6595
f 6596 6597 6598 6599
f 6600 6601 6602 6603
f 6604 6605 6606 6607
f 6608 6609 6610 6611
f 6612 6613 6614 6615
f 6616 6617 6618 6619 6620
f 6621 6622 6623 6624
f 6625 6626 6627 6628
f 6629 6630 6631 6632
f 6633 6634 6635 6636 6637
f 6638 6639 6640 6641
f 6642 6643 6644 6645
f 6646 6647 6648 6649
f 6650 6651 6652
f 6653 6654 6655 6656
f 6657 6658 6659 6660
f 6661 6662 6663
f 6664 6665 6666 6667
f 6668 6669 6670 6671 6672 6673
f 6674 6675 6676 6677
f 6678 6679 6680 6681
f 6682 6683 6684 6685 6686 6687
f 6688 6689 6690
f 6694 6695 6696 6697
f 6698 6699 6700 6701
f 6702 6703 6704 6705
f 6706 6707 6708
f 6712 6713 6714 6715
f 6716 6717 6718 6719
f 6720 6721 6722 6723 6724
f 6725 6726 6727 6728
f 6729 6730 6731 6732
f 6733 6734 6735 6736 6737
f 6738 6739 6740
f 6741 6742 6743 6744
f 6745 6746 6747
f 6748 6749 6750
f 6751 6752 6753 6754
f 6755 6756 6757 6758 6759 6760
f 6761 6762 6763
f 6764 6765 6766 6767 6768
f 6769 6770 6771 6772
f 6773 6774 6775 6776
f 6777 6778 6779
f 6780 6781 6782 6783 6784
f 6785 6786 6787 6788
f 6789 6790 6791 6792
f 6793 6794 6795 6796
f 6797 6798 6799 6800
f 6801 6802 6803 6804
f 6805 6806 6807 6808
f 6809 6810 6811 6812
f 6813 6814 6815 6816
f 6817 6818 6819 6820 6821
f 6822 6823 6824 6825
f 6826 6827 6828 6829
f 6830 6831 6832
f 6833 6834 6835 6836
f 6837 6838 6839
f 6840 6841 6842
f 6843 6844 6845 6846
f 6847 6848 6849
f 6850 6851 6852 6853 6854
f 6855 6856 6857
f 6858 6859 6860 6861 6862 6863
f 6864 6865 6866
f 6867 6868 6869 6870
f 6871 6872 6873 6874 6875
f 6876 6877 6878 6879
f 6880 6881 6882 6883 6884
f 6885 6886 6887 6888 6889
f 6890 6891 6892 6893 6894
f 6895 6896 6897 6898
f 6899 6900 6901 6902
f 6903 6904 6905 6906
f 6907 6908 6909 6910
f 6911 6912 6913
f 6914 6915 6916 6917
f 6918 6919 6920 6921 6922
f 6923 6924 6925 6926
f 6927 6928 6929 6930 6931 6932
f 6933 6934 6935 6936
f 6937 6938 6939
f 6940 6941 6942 6943 6944
f 6945 6946 6947 6948 6949
f 6950 6951 6952
f 6953 6954 6955 6956 6957
f 6958 6959 6960 6961 6962 6963
f 6964 6965 6966 6967 6968
f 6969 6970 6971 6972
f 6973 6974 6975 6976
f 6977 6978 6979
f 6980 6981 6982 6983 6984
f 6985 6986 6987
f 6988 6989 6990 6991
f 6992 6993 6994 6995
f 6996 6997 6998
f 6999 7000 7001 7002 7003
f 7004 7005 7006 7007 7008
f 7009 7010 7011 7012 7013 7014 7015
f 7016 7017 7018
f 7019 7020 7021 7022
f 7023 7024 7025 7026
f 7027 7028 7029 7030
f 7031 7032 7033 7034 7035
f 7036 7037 7038 7039
f 7040 7041 7042
f 7043 7044 7045 7046
f 7047 7048 7049
f 7050 7051 7052 7053
f 7054 7055 7056 7057
f 7058 7059 7060 7061
f 7062 7063 7064 7065
f 7066 7067 7068 7069
f 7070 7071 7072 7073
f 7074 7075 7076 7077 7078
f 7079 7080 7081 7082 7083
f 7084 7085 7086 7087 7088
f 7089 7090 7091 7092
f 7093 7094 7095 7096
f 7097 7098 7099 7100
f 7101 7102 7103 7104
f 7105 7106 7107 7108 7109
f 7110 7111 7112
f 7113 7114 7115 7116
f 7117 7118 7119 7120
f 7121 7122 7123 7124
f 7125 7126 7127
f 7128 7129 7130
f 7131 7132 7133 7134 7135
f 7136 7137 7138 7139 7140
f 7141 7142 7143 7144
f 7145 7146 7147 7148
f 7149 7150 7151 7152
f 7153 7154 7155 7156 7157
f 7158 7159 7160 7161
f 7162 7163 7164 7165 7166
f 7167 7168 7169
f 7170 7171 7172 7173 7174 7175
f 7176 7177 7178 7179
f 7180 7181 7182 7183
f 7184 7185 7186 7187
f 7188 7189 7190 7191 7192
f 7193 7194 7195 7196 7197
f 7198 7199 7200 7201 7202 7203
f 7204 7205 7206 7207 7208
f 7209 7210 7211 7212 7213 7214
f 7215 7216 7217 7218
f 7219 7220 7221 7222 7223
f 7224 7225 7226 7227 7228
f 7229 7230 7231
f 7232 7233 7234
f 7235 7236 7237 7238
f 7239 7240 7241 7242
f 7243 7244 7245 7246 7247
f 7248 7249 7250
f 7251 7252 7253 7254
f 7255 7256 7257 7258
f 7259 7260 7261 7262
f 7263 7264 7265
f 7266 7267 7268
f 7269 7270 7271 7272 7273
f 7274 7275 7276
f 7277 7278 7279 7280
f 7281 7282 7283
f 7284 7285 7286 7287 7288 7289
f 7290 7291 7292
f 7293 7294 7295
f 7296 7297 7298 7299
f 7300 7301 7302 7303
f 7304 7305 7306
f 7307 7308 7309 7310 7311 7312
f 7313 7314 7315 7316
f 7317 7318 7319 7320 7321
f 7322 7323 7324 7325
f 7326 7327 7328
f 7329 7330 7331 7332 7333
f 7334 7335 7336
f 7337 7338 7339 7340 7341
f 7342 7343 7344
f 7345 7346 7347 7348
f 7349 7350 7351
f 7352 7353 7354
f 7355 7356 7357 7358
f 7359 7360 7361
f 7362 7363 7364 7365
f 7366 7367 7368 7369
f 7370 7371 7372
f 7373 7374 7375 7376
f 7377 7378 7379 7380
f 7381 7382 7383
f 7384 7385 7386 7387 7388
f 7389 7390 7391 7392
f 7393 7394 7395 7396 7397
f 7398 7399 7400 7401
f 7402 7403 7404 7405 7406
f 7407 7408 7409 7410
f 7411 7412 7413 7414 7415
f 7416 7417 7418 7419 7420
f 7421 7422 7423 7424
f 7425 7426 7427 7428
f 7429 7430 7431 7432 7433
f 7434 7435 7436 7437 7438
f 7439 7440 7441
f 7442 7443 7444 7445
f 7446 7447 7448 7449 7450
f 7451 7452 7453 7454
f 7455 7456 7457 7458
f 7459 7460 7461
f 7462 7463 7464 7465
f 7466 7467 7468 7469
f 7470 7471 7472 7473
f 7474 7475 7476 7477 7478
f 7479 7480 7481 7482
f 7483 7484 7485 7486 7487
f 7488 7489 7490 7491
f 7492 7493 7494
f 7495 7496 7497 7498 7499
f 7500 7501 7502 7503
f 7504 7505 7506 7507 7508
f 7509 7510 7511
f 7512 7513 7514 7515
f 7516 7517 7518
f 7519 7520 7521 7522
f 7523 7524 7525 7526
f 7527 7528 7529 7530 7531
f 7532 7533 7534 7535 7536
f 7537 7538 7539 7540 7541
f 7542 7543 7544 7545 7546
f 7547 7548 7549 7550
f 7551 7552 7553 7554
f 7555 7556 7557 7558 7559
f 7560 7561 7562 7563
f 7564 7565 7566
f 7567 7568 7569 7570 7571
f 7572 7573 7574 7575
f 7576 7577 7578
f 7579 7580 7581 7582 7583 7584
f 7585 7586 7587 7588
f 7589 7590 7591 7592
f 7593 7594 7595 7596 7597 7598
f 7599 7600 7601 7602 7603
f 7604 7605 7606
f 7607 7608 7609
f 7610 7611 7612 7613 7614
f 7615 7616 7617 7618
f 7619 7620 7621 7622 7623
f 7624 7625 7626 7627
f 7628 7629 7630 7631
f 7632 7633 7634 7635 7636
f 7637 7638 7639 7640
f 7641 7642 7643 7644
f 7645 7646 7647 7648 7649
f 7650 7651 7652
f 7653 7654 7655 7656 7657
f 7658 7659 7660 7661 7662 7663
f 7664 7665 7666
f 7667 7668 7669 7670 7671 7672
f 7673 7674 7675 7676 7677
f 7678 7679 7680 7681 7682
f 7683 7684 7685 7686 7687
f 7688 7689 7690 7691
f 7692 7693 7694 7695
f 7696 7697 7698
f 7699 7700 7701
f 7702 7703 7704 7705 7706
f 7707 7708 7709
f 7710 7711 7712 7713
f 7714 7715 7716 7717 7718
f 7719 7720 7721
f 7722 7723 7724 7725
f 7726 7727 7728 7729 7730
f 7731 7732 7733
f 7734 7735 7736 7737 7738
f 7739 7740 7741 7742 7743
f 7744 7745 7746
f 7747 7748 7749 7750 7751
f 7752 7753 7754 7755
f 7756 7757 7758 7759
f 7760 7761 7762 7763 7764 7765
f 7766 7767 7768 7769 7770
f 7771 7772 7773 7774 7775
f 7776 7777 7778
f 7779 7780 7781 7782 7783
f 7784 7785 7786
f 7787 7788 7789 7790
f 7791 7792 7793 7794 7795
f 7796 7797 7798
f 7799 7800 7801 7802
f 7803 7804 7805
f 7806 7807 7808 7809
f 7810 7811 7812 7813 7814
f 7815 7816 7817 7818 7819
f 7820 7821 7822 7823
f 7824 7825 7826 7827 7828
f 7829 7830 7831 7832
f 7833 7834 7835 7836 7837 7838
f 7839 7840 7841 7842
f 7843 7844 7845 7846
f 7847 7848 7849 7850 7851 7852
f 7853 7854 7855 7856
f 7857 7858 7859 7860 7861
f 7862 7863 7864 7865 7866
f 7867 7868 7869 7870 7871
f 7876 7877 7878 7879 7880 7881
f 7882 7883 7884 7885
f 7886 7887 7888 7889 7890
f 7895 7896 7897 7898 7899
f 7900 7901 7902 7903 7904
f 7905 7906 7907 7908
f 7909 7910 7911 7912
f 7913 7914 7915
f 7916 7917 7918 7919
f 7920 7921 7922 7923
f 7924 7925 7926 7927
f 7928 7929 7930 7931 7932
f 7933 7934 7935 7936 7937
f 7938 7939 7940 7941 7942
f 7943 7944 7945 7946
f 7947 7948 7949
f 7950 7951 7952 7953
f 7954 7955 7956 7957
f 7958 7959 7960 7961 7962
f 7963 7964 7965 7966
f 7967 7968 7969 7970
f 7971 7972 7973 7974 7975
f 7979 7980 7981 7982 7983
f 7984 7985 7986 7987
f 7988 7989 7990 7991 7992 7993
f 7997 7998 7999 8000
f 8001 8002 8003 8004
f 8005 8006 8007 8008 8009
f 8010 8011 8012
f 8013 8014 8015 8016
f 8017 8018 8019
f 8020 8021 8022 8023 8024
f 8025 8026 8027 8028 8029 8030
f 8031 8032 8033 8034
f 8035 8036 8037 8038
f 8039 8040 8041 8042 8043 8044
f 8045 8046 8047
f 8048 8049 8050
f 8051 8052 8053
f 8054 8055 8056 8057 8058
f 8059 8060 8061 8062
f 8063 8064 8065 8066
f 8067 8068 8069 8070
f 8071 8072 8073 8074
f 8075 8076 8077 8078
f 8079 8080 8081 8082
f 8083 8084 8085
f 8086 8087 8088 8089
f 8090 8091 8092
f 8093 8094 8095 8096 8097
f 8098 8099 8100 8101 8102 8103
f 8104 8105 8106 8107
f 8108 8109 8110
f 8111 8112 8113 8114 8115
f 8116 8117 8118
f 8119 8120 8121 8122 8123
f 8124 8125 8126
f 8127 8128 8129
f 8130 8131 8132 8133
f 8137 8138 8139 8140
f 8141 8142 8143 8144
f 8145 8146 8147 8148 8149
f 8150 8151 8152 8153 8154
f 8155 8156 8157 8158
f 8159 8160 8161
f 8162 8163 8164 8165
f 8166 8167 8168
f 8169 8170 8171 8172 8173
f 8174 8175 8176
f 8177 8178 8179 8180
f 8181 8182 8183 8184
f 8185 8186 8187 8188
f 8189 8190 8191
f 8192 8193 8194 8195
f 8196 8197 8198 8199
f 8200 8201 8202 8203 8204 8205
f 8206 8207 8208 8209
f 8210 8211 8212
f 8213 8214 8215 8216 8217
f 8218 8219 8220 8221 8222
f 8223 8224 8225 8226
f 8227 8228 8229 8230 8231
f 8232 8233 8234 8235 8236 8237
f 8238 8239 8240 8241
f 8242 8243 8244 8245
f 8246 8247 8248 8249 8250
f 8251 8252 8253 8254
f 8255 8256 8257
f 8258 8259 8260
f 8261 8262 8263 8264
f 8265 8266 8267 8268 8269
f 8270 8271 8272 8273 8274
f 8275 8276 8277 8278
f 8279 8280 8281 8282 8283
f 8284 8285 8286 8287 8288
f 8289 8290 8291 8292
f 8293 8294 8295 8296
f 8297 8298 8299 8300 8301
f 8302 8303 8304 8305
f 8306 8307 8308 8309 8310
f 8311 8312 8313 8314
f 8315 8316 8317 8318 8319
f 8320 8321 8322 8323
f 8324 8325 8326 8327
f 8328 8329 8330 8331 8332 8333
f 8334 8335 8336 8337 8338
f 8339 8340 8341 8342 8343
f 8344 8345 8346 8347
f 8348 8349 8350 8351 8352
f 8353 8354 8355 8356
f 8357 8358 8359
f 8360 8361 8362
f 8363 8364 8365 8366 8367
f 8372 8373 8374 8375
f 8376 8377 8378 8379 8380
f 8381 8382 8383 8384
f 8385 8386 8387 8388 8389
f 8390 8391 8392 8393
f 8394 8395 8396
f 8397 8398 8399 8400
f 8401 8402 8403 8404
f 8405 8406 8407 8408
f 8409 8410 8411 8412 8413
f 8414 8415 8416
f 8417 8418 8419 8420
f 8421 8422 8423
f 8424 8425 8426 8427 8428
f 8429 8430 8431 8432 8433
f 8434 8435 8436 8437 8438
f 8439 8440 8441 8442
f 8443 8444 8445
f 8446 8447 8448
f 8449 8450 8451 8452
f 8453 8454 8455 8456
f 8457 8458 8459 8460 8461 8462
f 8463 8464 8465 8466 8467
f 8468 8469 8470 8471
f 8472 8473 8474 8475 8476 8477
f 8478 8479 8480 8481 8482
f 8483 8484 8485 8486 8487 8488
f 8489 8490 8491 8492 8493
f 8494 8495 8496 8497
f 8498 8499 8500 8501
f 8502 8503 8504 8505
f 8506 8507 8508 8509 8510
f 8511 8512 8513 8514 8515 8516
f 8517 8518 8519 8520
f 8521 8522 8523 8524 8525 8526
f 8527 8528 8529 8530 8531
f 8532 8533 8534 8535
f 8536 8537 8538 8539 8540
f 8541 8542 8543 8544 8545 8546 8547 8548 8549 8550
f 8551 8552 8553 8554 8555 8556 8557
f 8558 8559 8560 8561 8562
f 8563 8564 8565 8566 8567
f 8568 8569 8570 8571 8572
f 8573 8574 8575 8576
f 8577 8578 8579
f 8580 8581 8582 8583 8584 8585 8586
f 8587 8588 8589 8590
f 8591 8592 8593
f 8594 8595 8596
f 8597 8598 8599 8600 8601
f 8602 8603 8604
f 8605 8606 8607 8608 8609
f 8610 8611 8612 8613 8614 8615 8616
f 8617 8618 8619 8620 8621 8622 8623
f 8624 8625 8626
f 8627 8628 8629 8630 8631
f 8632 8633 8634 8635 8636
f 8637 8638 8639 8640
f 8645 8646 8647 8648
f 8649 8650 8651
f 8652 8653 8654 8655 8656
f 8657 8658 8659 8660 8661 8662
f 8663 8664 8665 8666 8667
f 8668 8669 8670 8671
f 8672 8673 8674 8675 8676
f 8677 8678 8679 8680 8681
f 8682 8683 8684 8685 8686
f 8687 8688 8689 8690
f 8691 8692 8693 8694
f 8695 8696 8697 8698 8699 8700
f 8701 8702 8703 8704 8705
f 8706 8707 8708
f 8709 8710 8711 8712 8713 8714
f 8715 8716 8717 8718 8719 8720
f 8721 8722 8723 8724
f 8725 8726 8727 8728
f 8729 8730 8731 8732 8733
f 8734 8735 8736 8737
f 8738 8739 8740 8741 8742
f 8743 8744 8745 8746
f 8747 8748 8749 8750
f 8751 8752 8753
f 8754 8755 8756
f 8757 8758 8759 8760
f 8761 8762 8763
f 8764 8765 8766
f 8767 8768 8769 8770
f 8771 8772 8773 8774
f 8775 8776 8777 8778
f 8779 8780 8781
f 8782 8783 8784
f 8785 8786 8787 8788 8789
f 8790 8791 8792 8793 8794 8795
f 8796 8797 8798 8799 8800
f 8801 8802 8803 8804 8805
f 8806 8807 8808 8809
f 8810 8811 8812 8813 8814 8815
f 8816 8817 8818 8819 8820
f 8821 8822 8823 8824
f 8825 8826 8827 8828 8829
f 8830 8831 8832 8833
f 8834 8835 8836 8837 8838 8839 8840
f 8841 8842 8843 8844
f 8845 8846 8847 8848 8849 8850
f 8851 8852 8853 8854
f 8855 8856 8857
f 8858 8859 8860 8861 8862
f 8863 8864 8865
f 8866 8867 8868 8869 8870
f 8871 8872 8873 8874
f 8875 8876 8877
f 8878 8879 8880 8881 8882
f 8883 8884 8885 8886 8887 8888
f 8889 8890 8891 8892
f 8893 8894 8895 8896 8897 8898
f 8899 8900 8901 8902 8903
f 8904 8905 8906 8907
f 8908 8909 8910
f 8911 8912 8913 8914 8915
f 8916 8917 8918 8919 8920 8921 8922
f 8923 8924 8925 8926
f 8927 8928 8929 8930 8931
f 8932 8933 8934 8935
f 8936 8937 8938 8939
f 8940 8941 8942 8943 8944
f 8945 8946 8947 8948 8949
f 8950 8951 8952 8953
f 8954 8955 8956 8957 8958
f 8959 8960 8961 8962 8963 8964
f 8965 8966 8967 8968 8969 8970
f 8971 8972 8973 8974 8975 8976
f 8977 8978 8979 8980 8981
f 8982 8983 8984 8985 8986
f 8987 8988 8989 8990
f 8991 8992 8993
f 8994 8995 8996 8997 8998 8999
f 9000 9001 9002 9003
f 9004 9005 9006 9007
f 9008 9009 9010 9011 9012
f 9013 9014 9015 9016 9017
f 9018 9019 9020 9021 9022
f 9023 9024 9025 9026
f 9027 9028 9029 9030 9031
f 9032 9033 9034 9035 9036
f 9037 9038 9039 9040
f 9041 9042 9043 9044 9045
f 9051 9052 9053 9054 9055
f 9056 9057 9058 9059 9060
f 9061 9062 9063 9064 9065
f 9066 9067 9068 9069 9070 9071
f 9072 9073 9074 9075 9076
f 9077 9078 9079 9080 9081 9082
f 9083 9084 9085 9086 9087
f 9088 9089 9090
f 9091 9092 9093 9094 9095
f 9096 9097 9098 9099 9100
f 9101 9102 9103
f 9104 9105 9106
f 9107 9108 9109 9110 9111 9112
f 9113 9114 9115
f 9116 9117 9118 9119 9120 9121
f 9122 9123 9124 9125
f 9126 9127 9128
f 9129 9130 9131 9132
f 9133 9134 9135 9136 9137 9138
f 9139 9140 9141 9142
f 9143 9144 9145 9146 9147 9148
f 9149 9150 9151 9152 9153
f 9154 9155 9156 9157 9158
f 9159 9160 9161 9162 9163
f 9164 9165 9166 9167 9168
f 9169 9170 9171
f 9172 9173 9174
f 9175 9176 9177 9178 9179 9180 9181
f 9182 9183 9184 9185 9186 9187
f 9188 9189 9190 9191 9192
f 9193 9194 9195 9196 9197
f 9198 9199 9200 9201 9202
f 9203 9204 9205 9206
f 9207 9208 9209
f 9210 9211 9212 9213 9214
f 9215 9216 9217 9218
f 9219 9220 9221
f 9222 9223 9224 9225
f 9226 9227 9228
f 9229 9230 9231 9232 9233 9234
f 9235 9236 9237 9238 9239 9240
f 9241 9242 9243 9244
f 9245 9246 9247 9248 9249
f 9250 9251 9252
f 9253 9254 9255 9256 9257
f 9258 9259 9260 9261 9262 9263
f 9264 9265 9266 9267 9268
f 9269 9270 9271 9272
f 9273 9274 9275 9276
f 9277 9278 9279 9280
f 9281 9282 9283 9284
f 9285 9286 9287
g interior
f 9288 9289 9290 9291 9292
f 9293 9294 9295 9296 9297 9298
f 9299 9300 9301 9302 9303 9304 9305 9306 9307 9308
f 9309 9310 9311 9312 9313
f 9314 9315 9316 9317 9318
f 9319 9320 9321 9322 9323
f 9324 9325 9326 9327
f 9328 9329 9330 9331 9332 9333
f 9334 9335 9336 9337 9338
f 9339 9340 9341 9342
f 9343 9344 9345 9346 9347 9348
f 9349 9350 9351 9352 9353 9354
f 9355 9356 9357 9358 9359 9360 9361
f 9362 9363 9364 9365 9366 9367 9368
f 9369 9370 9371 9372 9373 9374 9375 9376
f 9377 9378 9379 9380 9381
f 9382 9383 9384 9385 9386
f 9387 9388 9389 9390 9391 9392 9393 9394
f 9395 9396 9397 9398
f 9399 9400 9401 9402 9403 9404
f 9405 9406 9407 9408 9409 9410
f 9411 9412 9413 9414
f 9415 9416 9417 9418
f 9419 9420 9421 9422 9423 9424 9425
f 9426 9427 9428 9429
f 9430 9431 9432 9433 9434 9435
f 9436 9437 9438 9439 9440 9441
f 9442 9443 9444 9445 9446 9447 9448
f 9449 9450 9451 9452 9453
f 9454 9455 9456 9457 9458 9459
f 9460 9461 9462 9463 9464 9465
f 9466 9467 9468 9469 9470
f 9471 9472 9473 9474 9475 9476
f 9477 9478 9479 9480
f 9481 9482 9483 9484 9485
f 9486 9487 9488 9489
f 9490 9491 9492 9493 9494 9495
f 9496 9497 9498 9499 9500
f 9501 9502 9503 9504 9505 9506
f 9507 9508 9509 9510 9511 9512
f 9513 9514 9515 9516
f 9517 9518 9519 9520 9521
f 9522 9523 9524 9525
f 9526 9527 9528 9529 9530 9531 9532
f 9533 9534 9535 9536 9537 9538
f 9539 9540 9541 9542 9543 9544 9545
f 9546 9547 9548 9549
f 9550 9551 9552 9553 9554 9555
f 9556 9557 9558 9559 9560
f 9561 9562 9563 9564 9565 9566 9567
f 9568 9569 9570 9571 9572
f 9573 9574 9575 9576 9577
f 9578 9579 9580 9581 9582 9583 9584 9585 9586
f 9587 9588 9589 9590
f 9591 9592 9593 9594 9595 9596
f 9597 9598 9599 9600 9601 9602
f 9603 9604 9605 9606 9607 9608
f 9609 9610 9611 9612 9613 9614
f 9615 9616 9617 9618 9619 9620
f 9621 9622 9623 9624 9625 9626 9627
f 9628 9629 9630 9631 9632 9633
f 9634 9635 9636 9637 9638
f 9639 9640 9641 9642 9643
f 9644 9645 9646 9647
f 9648 9649 9650 9651 9652
f 9653 9654 9655 9656
f 9657 9658 9659 9660 9661 9662
f 9663 9664 9665 9666 9667 9668
f 9669 9670 9671 9672 9673 9674
f 9675 9676 9677 9678 9679 9680
f 9681 9682 9683 9684 9685 9686 9687 9688
f 9689 9690 9691 9692
f 9693 9694 9695 9696 9697
f 9698 9699 9700 9701 9702 9703
f 9704 9705 9706 9707 9708 9709
f 9710 9711 9712 9713 9714 9715
f 9716 9717 9718 9719 9720 9721
f 9722 9723 9724 9725 9726
f 9727 9728 9729 9730 9731 9732 9733
f 9734 9735 9736 9737 9738 9739 9740
f 9741 9742 9743 9744 9745 9746
f 9747 9748 9749 9750 9751
f 9752 9753 9754 9755
f 9756 9757 9758 9759 9760 9761
f 9762 9763 9764 9765 9766 9767
f 9768 9769 9770 9771 9772 9773
f 9774 9775 9776 9777 9778
f 9779 9780 9781 9782
f 9783 9784 9785 9786 9787 9788
f 9789 9790 9791 9792 9793 9794 9795
f 9796 9797 9798 9799 9800 9801
f 9802 9803 9804 9805 9806 9807
f 9808 9809 9810 9811 9812
f 9813 9814 9815 9816 9817 9818
f 9819 9820 9821 9822 9823 9824
f 9825 9826 9827 9828
f 9829 9830 9831 9832 9833 9834
f 9835 9836 9837 9838 9839 9840
f 9841 9842 9843 9844 9845 9846 9847
f 9848 9849 9850 9851 9852 9853
f 9854 9855 9856 9857 9858
f 9859 9860 9861 9862 9863 9864 9865
f 9866 9867 9868 9869 9870 9871
f 9872 9873 9874 9875 9876 9877
f 9878 9879 9880 9881 9882 9883 9884
f 9885 9886 9887 9888
f 9889 9890 9891 9892
f 9893 9894 9895 9896 9897 9898
f 9899 9900 9901 9902
f 9903 9904 9905 9906
f 9907 9908 9909 9910 9911 9912
f 9913 9914 9915 9916 9917 9918
f 9919 9920 9921 9922
f 9923 9924 9925 9926 9927
f 9928 9929 9930 9931
f 9932 9933 9934 9935
f 9936 9937 9938 9939 9940
f 9941 9942 9943 9944 9945 9946
f 9947 9948 9949 9950 9951 9952 9953
f 9954 9955 9956 9957 9958 9959
f 9960 9961 9962 9963 9964 9965 9966 9967
f 9968 9969 9970 9971
f 9972 9973 9974 9975 9976 9977 9978 9979
f 9980 9981 9982 9983 9984 9985 9986 9987
f 9988 9989 9990 9991
f 9992 9993 9994 9995 9996
f 9997 9998 9999 10000 10001 10002 10003
f 10004 10005 10006 10007 10008 10009 10010
f 10011 10012 10013 10014 10015 10016
f 10017 10018 10019 10020 10021 10022 10023
f 10024 10025 10026 10027 10028 10029 10030
f 10031 10032 10033 10034 10035 10036 10037
f 10038 10039 10040 10041 10042
f 10043 10044 10045 10046 10047 10048 10049
f 10050 10051 10052 10053 10054
f 10055 10056 10057 10058 10059
f 10060 10061 10062 10063
f 10064 10065 10066 10067 10068 10069
f 10070 10071 10072 10073 10074 10075 10076
f 10077 10078 10079 10080 10081 10082 10083
f 10084 10085 10086 10087 10088
f 10089 10090 10091 10092 10093 10094 10095 10096
f 10097 10098 10099 10100 10101
f 10102 10103 10104 10105 10106 10107 10108
f 10109 10110 10111 10112 10113
f 10114 10115 10116 10117 10118 10119
f 10120 10121 10122 10123 10124 10125
f 10126 10127 10128 10129 10130
f 10131 10132 10133 10134 10135
f 10136 10137 10138 10139
f 10140 10141 10142 10143 10144
f 10145 10146 10147 10148 10149
f 10150 10151 10152 10153 10154 10155 10156
f 10157 10158 10159 10160 10161
f 10162 10163 10164 10165
f 10166 10167 10168 10169 10170
f 10171 10172 10173 10174 10175
f 10176 10177 10178 10179 10180
f 10181 10182 10183 10184
f 10185 10186 10187 10188 10189 10190
f 10191 10192 10193 10194 10195
f 10196 10197 10198 10199 10200 10201
f 10202 10203 10204 10205
f 10206 10207 10208 10209 10210
f 10211 10212 10213 10214 10215
f 10216 10217 10218 10219
f 10220 10221 10222 10223
f 10224 10225 10226 10227
f 10228 10229 10230 10231
f 10232 10233 10234 10235
f 10236 10237 10238 10239
f 10240 10241 10242 10243 10244
f 10245 10246 10247 10248 10249 10250 10251
f 10252 10253 10254 10255 10256 10257
f 10258 10259 10260 10261 10262
f 10263 10264 10265 10266 10267 10268
f 10269 10270 10271 10272
f 10273 10274 10275 10276 10277
f 10278 10279 10280 10281 10282
f 10283 10284 10285 10286 10287
f 10288 10289 10290 10291 10292
f 10293 10294 10295 10296
f 10297 10298 10299 10300 10301 10302
f 10303 10304 10305 10306 10307
f 10308 10309 10310 10311 10312 10313 10314
f 10315 10316 10317 10318
f 10319 10320 10321 10322 10323
f 10324 10325 10326 10327
f 10328 10329 10330 10331
f 10332 10333 10334 10335
f 10336 10337 10338 10339 10340
f 10341 10342 10343 10344
f 10345 10346 10347 10348
f 10349 10350 10351 10352
f 10353 10354 10355 10356
f 10357 10358 10359 10360
f 10361 10362 10363 10364
g sunk
f 456 457 458
f 796 797 798 799 800
f 1268 1269 1270
f 1995 1996 1997 1998
f 2631 2632 2633 2634
f 2863 2864 2865 2866
f 2939 2940 2941 2942 2943 2944
f 3980 3981 3982
f 4279 4280 4281
f 5439 5440 5441 5442
f 6421 6422 6423
f 6585 6586 6587 6588
f 6691 6692 6693
f 6709 6710 6711
f 7872 7873 7874 7875
f 7891 7892 7893 7894
f 7976 7977 7978
f 7994 7995 7996
f 8134 8135 8136
f 8368 8369 8370 8371
f 8641 8642 8643 8644
f 9046 9047 9048 9049 9050
